area_sqft,house_age,bedrooms,avg_rooms,bathrooms,population,avg_occupancy,latitude,longitude,area_name,city,price,price_per_sqft,distance_to_city_center,property_type
5465,5-10,4,6,4,265277,5,13.03868,80.31193,Tambaram,Chennai,12940000,2368,6.63,Villa
1318,0-1,5,7,1,224088,6,13.08909,80.25794,Kolathur,Chennai,5820000,4416,1.55,Builder Floor
2362,1-5,5,8,1,147586,6,13.06262,80.25759,OMR,Chennai,9500000,4022,2.65,Independent House
1350,5-10,4,6,3,111683,2,13.02277,80.20843,Poonamallee,Chennai,7360000,5452,9.48,Independent House
1676,10+,2,4,2,125509,5,13.10854,80.15923,Perambur,Chennai,4070000,2428,12.41,Apartment
889,5-10,3,6,1,211434,6,13.26996,80.35638,Madhavaram,Chennai,4420000,4972,22.8,Builder Floor
876,5-10,5,7,1,120257,2,13.12078,80.37499,T Nagar,Chennai,4260000,4863,12.06,Builder Floor
2228,1-5,5,6,3,178065,6,12.95677,80.32174,T Nagar,Chennai,8120000,3645,15.05,Independent House
1493,1-5,3,5,1,168137,2,13.03351,80.29733,Karapakkam,Chennai,7340000,4916,6.18,Apartment
1770,5-10,4,6,4,229431,3,12.96921,80.28593,Mylapore,Chennai,5320000,3006,12.73,Builder Floor
1152,1-5,0,0,0,158826,0,13.19245,80.28474,Nungambakkam,Chennai,2570000,2231,12.3,Plot
1142,5-10,2,3,1,171290,3,12.97475,80.18917,Avadi,Chennai,5560000,4869,14.9,Apartment
978,10+,3,6,2,176523,2,13.00726,80.38302,Virugambakkam,Chennai,4360000,4458,14.78,Builder Floor
1665,0-1,2,4,2,168426,5,13.12092,80.24998,Mogappair,Chennai,7010000,4210,4.81,Apartment
2074,5-10,3,4,1,222642,5,13.01855,80.38142,Pallavaram,Chennai,6520000,3144,13.95,Independent House
1243,5-10,1,2,1,137704,5,13.08343,80.24146,Velachery,Chennai,6280000,5052,3.17,Apartment
946,1-5,4,6,4,194033,2,13.23249,80.30241,Mogappair,Chennai,6160000,6512,17.01,Apartment
2094,10+,0,0,0,226115,0,13.15988,80.18551,Karapakkam,Chennai,3100000,1480,12.6,Plot
2489,1-5,2,3,2,108176,5,13.10615,80.21355,Chromepet,Chennai,7280000,2925,6.72,Apartment
2012,5-10,2,4,1,172391,6,13.15977,80.30372,Virugambakkam,Chennai,7440000,3698,9.29,Independent House
726,1-5,4,7,3,179374,2,13.30145,80.2782,Poonamallee,Chennai,5340000,7355,24.34,Independent House
2460,10+,2,3,1,168257,4,13.06482,80.32782,Kodambakkam,Chennai,5450000,2215,6.5,Apartment
649,1-5,3,5,3,183143,3,13.0738,80.13077,Mogappair,Chennai,4970000,7658,15.19,Apartment
2111,5-10,2,3,2,207812,3,13.15333,80.23476,Anna Nagar,Chennai,9070000,4297,8.77,Apartment
2652,0-1,0,0,0,282035,0,13.03822,80.26048,Mylapore,Chennai,3650000,1376,5.07,Plot
2136,5-10,1,3,1,131771,3,13.26787,80.12132,Ambattur,Chennai,4170000,1952,26.18,Apartment
1565,5-10,4,6,4,70642,4,13.0394,80.33285,Adyar,Chennai,5610000,3585,8.28,Builder Floor
4784,1-5,3,5,3,115183,5,12.97807,80.11145,Pallavaram,Chennai,9450000,1975,20.81,Villa
1963,1-5,4,6,1,294596,2,12.95879,80.24325,Adyar,Chennai,7030000,3581,14.1,Apartment
533,0-1,2,3,2,203966,4,13.08963,80.22327,Mogappair,Chennai,7860000,14747,5.19,Apartment
731,5-10,2,3,2,257828,5,13.03876,80.35844,Nungambakkam,Chennai,5120000,7004,10.69,Independent House
2269,10+,5,8,4,265644,5,13.23738,80.30381,Adyar,Chennai,4380000,1930,17.57,Independent House
1222,10+,4,5,3,157400,6,13.1212,80.30806,Adyar,Chennai,5980000,4894,5.89,Independent House
1028,10+,1,3,1,199278,4,13.04379,80.28731,Madhavaram,Chennai,5110000,4971,4.69,Apartment
1797,1-5,3,4,3,248993,4,13.11859,80.2644,Mylapore,Chennai,7550000,4201,4.05,Independent House
2300,5-10,3,4,3,250495,3,13.09714,80.35638,Virugambakkam,Chennai,6200000,2696,9.42,Apartment
2398,10+,3,4,1,185237,5,13.03553,80.24684,Kolathur,Chennai,6240000,2602,5.85,Apartment
1464,10+,3,4,3,184093,2,13.17258,80.44216,Guindy,Chennai,3840000,2623,21.09,Apartment
2404,10+,4,7,3,193228,3,13.10866,80.40472,Porur,Chennai,7460000,3103,14.8,Villa
1210,5-10,2,4,2,141204,2,13.1536,80.252,OMR,Chennai,5860000,4843,8.14,Apartment
2376,0-1,0,0,0,179000,0,12.91973,80.3963,Nungambakkam,Chennai,2710000,1141,22.66,Plot
1248,10+,3,4,1,183761,2,13.18439,80.33237,Avadi,Chennai,5980000,4792,13.13,Independent House
2420,0-1,2,4,1,227105,2,13.06925,80.29351,ECR,Chennai,9160000,3785,2.89,Independent House
2293,1-5,2,4,2,76713,5,13.07383,80.3488,ECR,Chennai,8060000,3515,8.52,Independent House
1708,0-1,4,6,3,217813,2,12.96153,80.32507,Avadi,Chennai,6330000,3706,14.7,Apartment
1668,10+,2,3,1,198409,4,12.98416,80.28587,Madhavaram,Chennai,5100000,3058,11.08,Apartment
2116,1-5,1,3,1,261876,5,13.07354,80.36973,Pallavaram,Chennai,6950000,3284,10.77,Apartment
919,1-5,2,3,1,237264,5,13.03116,80.37918,Porur,Chennai,7190000,7824,13.07,Apartment
2227,10+,3,5,1,166555,5,13.08257,80.23662,Sholinganallur,Chennai,7350000,3300,3.69,Independent House
2058,5-10,5,8,4,237154,6,12.874,80.21829,Chromepet,Chennai,5770000,2804,23.89,Villa
2218,5-10,3,4,2,179205,3,13.15359,80.25973,Guindy,Chennai,6920000,3120,7.97,Apartment
1934,1-5,3,6,3,84737,2,13.11343,80.26808,Avadi,Chennai,9750000,5041,3.43,Independent House
1684,10+,2,4,1,213269,3,12.9946,80.30971,Chromepet,Chennai,4860000,2886,10.67,Apartment
714,0-1,2,4,2,114201,3,13.01746,80.22598,Madhavaram,Chennai,5890000,8249,8.72,Apartment
995,10+,0,0,0,225973,0,13.02672,80.28782,Guindy,Chennai,2500000,2513,6.5,Plot
2768,10+,2,5,2,211134,3,13.09695,80.27355,Pallavaram,Chennai,7230000,2612,1.61,Independent House
2173,0-1,3,4,2,184064,2,13.05404,80.34285,Kodambakkam,Chennai,6590000,3033,8.44,Apartment
1653,5-10,2,3,2,156212,3,13.05472,80.10184,Pallavaram,Chennai,6010000,3636,18.55,Apartment
1582,5-10,0,0,0,67727,0,12.96085,80.17983,Ambattur,Chennai,2600000,1643,16.75,Plot
3379,0-1,0,0,0,189394,0,13.0662,80.08846,Adyar,Chennai,3460000,1024,19.82,Plot
1547,1-5,3,5,1,247066,4,13.10169,80.29259,ECR,Chennai,7330000,4738,3.17,Apartment
2024,5-10,2,3,1,180699,3,13.03754,80.19054,Porur,Chennai,5410000,2673,10.03,Apartment
1111,5-10,2,4,2,147493,3,13.15325,80.13591,Velachery,Chennai,5590000,5032,16.57,Apartment
4923,0-1,5,8,3,184675,3,13.27389,80.22235,Porur,Chennai,9990000,2029,21.89,Villa
4092,10+,3,5,4,227040,4,13.12525,80.32641,Kolathur,Chennai,9340000,2283,7.67,Villa
1634,5-10,2,3,1,114632,4,13.06269,80.37478,Madhavaram,Chennai,4660000,2852,11.49,Apartment
2903,0-1,5,7,3,214170,5,13.15409,80.27835,Anna Nagar,Chennai,10720000,3693,7.98,Independent House
5507,0-1,3,6,3,236027,3,13.14895,80.35149,Tambaram,Chennai,12060000,2190,11.44,Villa
1677,1-5,3,4,2,272132,4,13.18566,80.23513,Guindy,Chennai,6800000,4055,12.08,Apartment
1487,1-5,3,4,2,169046,5,12.98848,80.21628,Porur,Chennai,6390000,4297,12.02,Apartment
1686,10+,4,5,2,146119,5,13.09145,80.32876,ECR,Chennai,5780000,3428,6.36,Independent House
2885,1-5,2,4,1,130576,5,13.08716,80.35824,Velachery,Chennai,8020000,2780,9.49,Independent House
517,1-5,3,5,1,169690,4,13.14855,80.27657,Avadi,Chennai,6840000,13230,7.35,Apartment
2420,1-5,2,3,1,165480,2,13.16581,80.21484,Tambaram,Chennai,5860000,2421,11.05,Apartment
1410,5-10,2,4,1,102579,5,13.28857,80.27544,Sholinganallur,Chennai,5340000,3787,22.9,Apartment
4239,5-10,4,7,2,161494,4,13.02567,80.27921,Chromepet,Chennai,10820000,2552,6.41,Villa
2172,5-10,2,3,1,166131,5,13.07071,80.31292,Mogappair,Chennai,7470000,3439,4.76,Apartment
2493,5-10,3,6,1,161063,4,13.02106,80.22078,Mogappair,Chennai,6750000,2708,8.73,Independent House
2938,1-5,0,0,0,144509,0,13.13958,80.30624,Virugambakkam,Chennai,3270000,1113,7.4,Plot
3686,10+,3,6,4,112958,3,13.10118,80.21342,Chromepet,Chennai,8790000,2385,6.54,Villa
3276,1-5,0,0,0,231284,0,13.05635,80.26295,Anna Nagar,Chennai,3840000,1172,3.05,Plot
4795,1-5,3,5,3,106649,6,13.16045,80.26822,T Nagar,Chennai,11760000,2453,8.65,Villa
1471,0-1,4,6,1,171970,5,12.97962,80.27877,Kolathur,Chennai,6200000,4215,11.5,Apartment
964,0-1,4,5,2,174661,5,13.04517,80.31285,Perambur,Chennai,9220000,9564,6.19,Apartment
1963,5-10,1,3,1,190085,3,13.07005,80.33523,OMR,Chennai,5760000,2934,7.13,Apartment
2753,5-10,0,0,0,173104,0,13.0647,80.36731,Poonamallee,Chennai,3290000,1195,10.65,Plot
2185,0-1,2,4,1,154073,4,13.09033,80.28502,Virugambakkam,Chennai,10470000,4792,1.77,Apartment
826,5-10,3,6,3,233229,4,13.09709,80.24391,Karapakkam,Chennai,6530000,7906,3.31,Independent House
2608,10+,4,5,1,155497,6,12.97715,80.2526,Pallavaram,Chennai,6260000,2400,11.9,Independent House
1949,5-10,4,5,2,169589,2,13.11707,80.28732,Nungambakkam,Chennai,6520000,3345,4.22,Apartment
1672,5-10,2,3,1,156537,3,13.13525,80.33403,Mogappair,Chennai,5830000,3487,9.01,Apartment
2071,1-5,2,3,2,235719,5,13.08907,80.35177,Anna Nagar,Chennai,5680000,2743,8.81,Apartment
1534,5-10,4,5,3,152066,2,13.16351,80.255,Chromepet,Chennai,7020000,4576,9.15,Apartment
1521,1-5,1,2,1,79487,4,13.29052,80.21867,Poonamallee,Chennai,4820000,3169,23.79,Apartment
1253,0-1,4,5,1,144978,2,13.00237,80.20928,Madhavaram,Chennai,7370000,5882,11.14,Apartment
1797,5-10,2,3,2,157543,6,13.14922,80.28731,Perambur,Chennai,5540000,3083,7.61,Builder Floor
1355,1-5,3,4,2,81135,6,13.12019,80.31136,T Nagar,Chennai,10640000,7852,6.06,Independent House
2213,1-5,2,4,1,58733,3,13.11019,80.24058,Pallavaram,Chennai,6690000,3023,4.47,Apartment
1668,5-10,3,5,3,134590,4,13.07718,80.25569,Karapakkam,Chennai,6130000,3675,1.74,Builder Floor
2338,5-10,0,0,0,245103,0,13.04129,80.2886,Chromepet,Chennai,3470000,1484,5.0,Plot
2468,5-10,0,0,0,159572,0,13.12627,80.43205,Virugambakkam,Chennai,2820000,1143,18.13,Plot
3155,5-10,3,6,2,170975,6,13.14834,80.31128,Chromepet,Chennai,7300000,2314,8.52,Independent House
622,5-10,3,5,3,215236,5,13.10107,80.2585,ECR,Chennai,4960000,7974,2.43,Apartment
1853,10+,2,5,2,161038,3,13.14296,80.16268,Sholinganallur,Chennai,6190000,3341,13.48,Independent House
1421,1-5,3,4,2,148326,3,13.09674,80.30338,Guindy,Chennai,8950000,6298,3.87,Apartment
1851,10+,2,3,2,88146,4,12.94629,80.38133,T Nagar,Chennai,4210000,2274,19.33,Apartment
922,10+,3,4,2,203265,3,12.96686,80.0948,Velachery,Chennai,4020000,4360,23.0,Apartment
1979,10+,2,4,2,199103,4,12.98452,80.40351,Porur,Chennai,4410000,2228,18.06,Apartment
1046,10+,2,3,1,267832,6,13.15874,80.24326,Virugambakkam,Chennai,4010000,3834,8.96,Independent House
453,10+,3,4,2,268458,2,13.00715,80.29656,Tambaram,Chennai,5960000,13157,8.86,Apartment
3455,0-1,3,5,1,173574,4,12.97404,80.24541,Avadi,Chennai,6850000,1983,12.39,Independent House
1935,5-10,3,4,2,146487,5,13.28048,80.23103,Madhavaram,Chennai,4950000,2558,22.41,Apartment
2351,5-10,3,6,2,165463,3,13.27486,80.26889,Nungambakkam,Chennai,7770000,3305,21.37,Villa
1001,1-5,4,6,3,194877,3,12.97187,80.18211,Avadi,Chennai,4720000,4715,15.62,Builder Floor
1584,5-10,3,5,2,186184,5,13.09955,80.34112,T Nagar,Chennai,7540000,4760,7.85,Independent House
1063,5-10,2,5,2,162701,5,13.24872,80.21556,Kolathur,Chennai,5580000,5249,19.4,Independent House
940,1-5,0,0,0,109194,0,13.21642,80.25438,Mogappair,Chennai,3350000,3564,14.97,Plot
978,5-10,1,2,1,238916,4,13.08574,80.2803,Virugambakkam,Chennai,6580000,6728,1.09,Apartment
1636,10+,1,2,1,270932,4,12.93355,80.19857,Virugambakkam,Chennai,4220000,2579,18.33,Apartment
2726,10+,2,4,1,201687,6,12.95206,80.22488,Velachery,Chennai,5030000,1845,15.35,Independent House
957,5-10,2,3,2,171536,2,13.2155,80.37275,Chromepet,Chennai,5520000,5768,18.44,Apartment
1796,5-10,2,4,2,239816,4,13.22764,80.34148,Virugambakkam,Chennai,4720000,2628,17.85,Apartment
1141,10+,2,4,2,166000,2,12.9702,80.22649,Virugambakkam,Chennai,5530000,4847,13.39,Apartment
1811,1-5,2,3,1,245583,4,13.12972,80.27991,Avadi,Chennai,7170000,3959,5.32,Apartment
2140,5-10,2,4,2,172930,2,13.17028,80.2578,Nungambakkam,Chennai,5870000,2743,9.84,Independent House
1760,5-10,3,5,2,172786,2,13.21996,80.33245,Poonamallee,Chennai,5960000,3386,16.66,Apartment
2725,0-1,2,4,2,158701,3,12.91298,80.29414,Guindy,Chennai,6440000,2363,19.04,Independent House
3016,1-5,0,0,0,178332,0,13.0328,80.42382,Mogappair,Chennai,3800000,1260,17.49,Plot
5764,0-1,5,7,2,207320,5,13.0974,80.28404,Pallavaram,Chennai,16950000,2941,2.18,Villa
1739,0-1,5,6,1,267140,6,13.10691,80.21036,Karapakkam,Chennai,7010000,4031,7.07,Builder Floor
1843,1-5,5,6,5,100669,4,13.18056,80.32624,Velachery,Chennai,5150000,2794,12.43,Builder Floor
1259,1-5,3,4,1,189163,4,12.98046,80.1392,Tambaram,Chennai,5620000,4464,18.23,Independent House
674,5-10,5,7,2,117535,5,13.18423,80.32652,Kodambakkam,Chennai,4840000,7181,12.81,Independent House
3371,1-5,3,5,2,166354,5,12.95225,80.28438,Anna Nagar,Chennai,7590000,2252,14.58,Independent House
2543,1-5,2,3,2,183120,5,12.98532,80.23214,ECR,Chennai,8080000,3177,11.61,Independent House
2493,1-5,4,7,2,197783,5,13.15617,80.14506,Sholinganallur,Chennai,10370000,4160,15.87,Villa
1578,10+,2,3,2,186762,3,13.15862,80.21773,Tambaram,Chennai,4940000,3131,10.21,Apartment
1479,1-5,0,0,0,104259,0,13.17919,80.30142,Mylapore,Chennai,3900000,2637,11.23,Plot
1826,10+,2,4,1,211680,5,13.06067,80.33081,OMR,Chennai,6030000,3302,6.96,Apartment
816,5-10,3,4,3,122576,2,13.26052,80.17167,OMR,Chennai,4060000,4975,22.49,Apartment
1674,5-10,2,4,2,146638,4,12.95974,80.29212,Tambaram,Chennai,6810000,4068,13.87,Apartment
848,1-5,5,7,5,120557,5,13.16611,80.22911,Tambaram,Chennai,6400000,7547,10.31,Independent House
1024,5-10,0,0,0,107350,0,13.00091,80.4371,Karapakkam,Chennai,2600000,2539,20.19,Plot
1194,1-5,3,5,3,179336,3,13.11971,80.44013,Sholinganallur,Chennai,5570000,4665,18.81,Apartment
916,1-5,4,7,1,265507,3,13.09041,80.21623,Avadi,Chennai,5960000,6507,5.96,Builder Floor
2026,10+,1,3,1,221747,5,12.89585,80.23076,Pallavaram,Chennai,3690000,1821,21.22,Apartment
2252,0-1,5,8,3,164296,4,13.02277,80.28873,Avadi,Chennai,11530000,5120,6.94,Villa
1521,5-10,3,6,2,225161,3,13.02636,80.25159,Mylapore,Chennai,5660000,3721,6.6,Builder Floor
1230,5-10,2,4,2,210695,2,13.21788,80.42214,ECR,Chennai,4900000,3984,22.24,Apartment
1764,1-5,2,4,2,167842,3,13.039,80.34919,Avadi,Chennai,6860000,3889,9.79,Apartment
2142,10+,3,4,3,136824,2,13.15569,80.14288,Kolathur,Chennai,4990000,2330,16.05,Apartment
927,1-5,3,5,2,114676,6,13.08723,80.31308,Poonamallee,Chennai,6780000,7314,4.62,Builder Floor
1996,10+,2,4,2,99222,4,13.00538,80.30408,Anna Nagar,Chennai,5960000,2986,9.33,Apartment
578,1-5,1,3,1,188670,5,13.03761,80.23783,Mogappair,Chennai,6750000,11678,6.15,Apartment
2268,5-10,3,4,2,106188,2,13.02408,80.21457,Pallavaram,Chennai,6060000,2672,8.91,Apartment
1437,1-5,4,6,3,150502,3,12.92718,80.48668,Tambaram,Chennai,4570000,3180,29.1,Apartment
1436,5-10,0,0,0,105050,0,12.96008,80.35334,Tambaram,Chennai,2380000,1657,16.31,Plot
1962,5-10,1,3,1,55654,5,13.17843,80.25802,ECR,Chennai,5630000,2870,10.73,Apartment
1626,0-1,2,3,2,93646,2,13.05813,80.35279,Avadi,Chennai,6050000,3721,9.3,Builder Floor
2908,10+,4,7,4,173315,6,13.07569,80.28292,OMR,Chennai,11400000,3920,1.54,Villa
2511,5-10,2,5,1,173357,4,13.1195,80.21648,Mylapore,Chennai,7220000,2875,7.16,Independent House
652,10+,3,4,3,244028,3,12.97493,80.19297,Pallavaram,Chennai,4990000,7653,14.65,Apartment
2038,1-5,1,3,1,204617,5,13.13127,80.37559,OMR,Chennai,8130000,3989,12.58,Apartment
727,0-1,3,5,3,192417,4,13.02022,80.24106,Madhavaram,Chennai,6830000,9395,7.65,Independent House
1836,5-10,4,6,2,162678,2,12.99912,80.11339,Karapakkam,Chennai,5000000,2723,19.41,Apartment
3741,10+,0,0,0,225228,0,13.15154,80.22405,Poonamallee,Chennai,2630000,703,9.17,Plot
539,1-5,3,5,1,174903,5,12.97922,80.28943,Poonamallee,Chennai,6050000,11224,11.68,Apartment
1060,1-5,3,5,1,277814,4,12.98701,80.26752,Guindy,Chennai,6870000,6481,10.65,Apartment
1939,1-5,2,3,2,249551,5,13.16286,80.2871,Tambaram,Chennai,6490000,3347,9.09,Apartment
4097,5-10,4,6,2,192470,6,13.17069,80.20205,ECR,Chennai,10450000,2551,12.29,Villa
1996,1-5,3,6,3,135871,4,13.01991,80.32256,Nungambakkam,Chennai,4630000,2320,8.96,Builder Floor
510,5-10,1,2,1,158725,2,13.0285,80.32444,Avadi,Chennai,5510000,10804,8.38,Apartment
2226,5-10,2,4,2,268070,5,13.09719,80.20384,Mylapore,Chennai,7820000,3513,7.42,Independent House
1979,5-10,1,3,1,184404,2,13.05819,80.27595,Madhavaram,Chennai,7870000,3977,2.78,Apartment
2022,0-1,2,4,1,131015,4,13.04816,80.19982,Mylapore,Chennai,8220000,4065,8.58,Apartment
4960,0-1,4,7,3,199233,5,13.23164,80.18456,Adyar,Chennai,10910000,2200,19.01,Villa
3131,1-5,5,8,2,160083,3,13.04048,80.33242,T Nagar,Chennai,8450000,2699,8.17,Independent House
3747,5-10,3,6,4,228609,5,13.13821,80.26247,Pallavaram,Chennai,12160000,3245,6.24,Villa
567,10+,2,4,1,127275,5,13.04555,80.24301,Kolathur,Chennai,4830000,8519,5.1,Apartment
988,1-5,3,4,1,236865,5,13.15361,80.21529,T Nagar,Chennai,7220000,7308,9.91,Builder Floor
2425,10+,1,3,1,217929,4,12.88876,80.34142,Poonamallee,Chennai,4250000,1753,22.89,Apartment
1154,5-10,5,8,5,111436,3,13.12169,80.31513,OMR,Chennai,5910000,5121,6.48,Independent House
1852,1-5,2,3,2,200219,4,12.95349,80.36388,Poonamallee,Chennai,5840000,3153,17.56,Apartment
3939,5-10,4,7,3,203574,4,13.16367,80.08797,Anna Nagar,Chennai,9240000,2346,21.74,Villa
3837,1-5,5,8,3,145117,5,13.07285,80.36024,Anna Nagar,Chennai,10630000,2770,9.76,Villa
5482,0-1,3,6,4,164242,6,13.20932,80.29267,Avadi,Chennai,9890000,1804,14.28,Villa
1752,5-10,2,5,2,173134,2,13.15335,80.26447,Pallavaram,Chennai,6100000,3482,7.88,Independent House
1767,10+,2,4,1,30981,4,13.09176,80.15564,ECR,Chennai,5680000,3214,12.5,Apartment
1686,10+,0,0,0,150488,0,13.03122,80.3531,Perambur,Chennai,2440000,1447,10.6,Plot
2097,10+,4,6,3,208149,2,13.14524,80.31611,Porur,Chennai,5500000,2623,8.52,Apartment
1319,1-5,0,0,0,181767,0,12.99771,80.30496,Mylapore,Chennai,3160000,2396,10.15,Plot
1711,1-5,3,5,2,108291,4,13.04078,80.17012,Adyar,Chennai,6550000,3828,11.85,Builder Floor
942,1-5,3,5,2,158845,2,13.18646,80.26887,Virugambakkam,Chennai,5560000,5902,11.54,Apartment
971,5-10,3,5,3,162851,4,13.11849,80.17359,Guindy,Chennai,5180000,5335,11.24,Apartment
2857,1-5,0,0,0,186824,0,13.05053,80.31264,Virugambakkam,Chennai,4640000,1624,5.78,Plot
5154,1-5,5,7,2,114547,3,13.03515,80.25531,Perambur,Chennai,14660000,2844,5.54,Villa
2452,1-5,2,3,2,169873,4,13.05235,80.17961,Adyar,Chennai,6060000,2471,10.43,Apartment
1884,10+,2,3,1,234173,3,13.10926,80.28594,Sholinganallur,Chennai,7380000,3917,3.38,Apartment
990,1-5,1,3,1,184635,5,13.25866,80.31326,Mogappair,Chennai,4920000,4970,20.1,Apartment
2197,1-5,3,5,3,231316,5,13.1467,80.1414,Avadi,Chennai,7380000,3359,15.71,Apartment
1519,1-5,2,4,2,129922,2,13.18179,80.27988,Karapakkam,Chennai,6660000,4384,11.06,Apartment
2630,10+,0,0,0,34025,0,13.10391,80.32205,Karapakkam,Chennai,3170000,1205,6.04,Plot
2394,1-5,1,3,1,257337,5,13.07663,80.34074,Nungambakkam,Chennai,6930000,2895,7.62,Apartment
1007,1-5,2,4,2,199073,3,13.08873,80.14254,Ambattur,Chennai,5990000,5948,13.9,Apartment
940,1-5,2,3,2,44902,5,13.03289,80.28627,Sholinganallur,Chennai,5630000,5989,5.79,Apartment
622,1-5,2,3,1,163302,2,12.97019,80.26405,Mylapore,Chennai,6050000,9727,12.53,Independent House
1715,0-1,2,3,2,162771,2,12.96664,80.24536,Poonamallee,Chennai,5990000,3493,13.19,Apartment
1744,0-1,3,5,3,82630,6,13.04783,80.27624,Tambaram,Chennai,6930000,3974,3.92,Independent House
605,1-5,4,6,4,153914,6,12.98814,80.33754,Sholinganallur,Chennai,6730000,11124,12.77,Independent House
2194,10+,4,7,1,168918,5,13.05254,80.31676,Mylapore,Chennai,6980000,3181,6.01,Independent House
2056,5-10,3,4,3,163732,3,13.12365,80.25724,Ambattur,Chennai,7000000,3405,4.78,Independent House
623,0-1,2,3,1,223105,2,13.08737,80.21112,Perambur,Chennai,6910000,11091,6.47,Apartment
4692,0-1,4,7,4,129032,6,13.06873,80.1519,Pallavaram,Chennai,10510000,2240,12.96,Villa
2179,10+,0,0,0,222848,0,13.12495,80.3098,Nungambakkam,Chennai,2260000,1037,6.32,Plot
2012,1-5,2,3,2,171658,5,13.1653,80.36084,Kolathur,Chennai,6680000,3320,13.4,Apartment
2187,0-1,2,3,1,245994,3,13.18752,80.38235,OMR,Chennai,6390000,2922,16.79,Apartment
994,0-1,3,6,3,173828,4,13.08059,80.29311,Virugambakkam,Chennai,8290000,8340,2.44,Independent House
2163,10+,2,4,2,104197,2,12.99485,80.24176,ECR,Chennai,4410000,2039,10.26,Apartment
1723,10+,0,0,0,174205,0,13.10187,80.34301,T Nagar,Chennai,2860000,1660,8.12,Plot
1477,1-5,2,5,1,137459,4,13.08124,80.30248,Mylapore,Chennai,7480000,5064,3.45,Independent House
735,10+,2,4,1,292000,4,13.24536,80.27753,Pallavaram,Chennai,3830000,5211,18.1,Apartment
4923,1-5,4,6,3,184578,3,13.13318,80.21837,ECR,Chennai,12540000,2547,7.98,Villa
846,10+,4,7,1,197647,5,12.96074,80.28997,Porur,Chennai,5080000,6005,13.72,Builder Floor
1276,10+,0,0,0,200363,0,13.02946,80.34055,Porur,Chennai,2590000,2030,9.61,Plot
1242,5-10,2,4,2,64673,4,13.07854,80.40202,Nungambakkam,Chennai,7430000,5982,14.23,Apartment
1982,1-5,3,6,3,124745,6,13.12561,80.29526,Madhavaram,Chennai,7250000,3658,5.46,Independent House
1230,0-1,4,6,2,146157,6,13.15354,80.33383,Perambur,Chennai,6760000,5496,10.43,Builder Floor
1801,1-5,5,6,3,145359,5,13.19845,80.28198,Virugambakkam,Chennai,6010000,3337,12.93,Builder Floor
3630,0-1,4,7,3,143540,4,13.09715,80.28232,Sholinganallur,Chennai,13690000,3771,2.04,Villa
823,5-10,2,5,1,258571,3,13.25146,80.33347,T Nagar,Chennai,5190000,6306,19.96,Independent House
5214,5-10,3,5,3,171634,5,12.98942,80.26498,Chromepet,Chennai,11920000,2286,10.39,Villa
1303,5-10,4,5,1,142107,2,13.06154,80.11039,Kolathur,Chennai,5430000,4167,17.52,Apartment
2670,5-10,2,4,2,205723,3,12.84114,80.28541,Mogappair,Chennai,5090000,1906,26.91,Independent House
2085,5-10,0,0,0,210035,0,13.00213,80.28412,Kolathur,Chennai,3380000,1621,9.08,Plot
1899,5-10,1,3,1,133643,3,13.01691,80.36038,Karapakkam,Chennai,6560000,3454,12.16,Apartment
1858,10+,3,6,2,167781,4,13.06914,80.28267,ECR,Chennai,7250000,3902,1.99,Independent House
459,5-10,4,6,1,208201,4,13.02276,80.29804,Nungambakkam,Chennai,5310000,11569,7.29,Apartment
2053,5-10,4,5,1,156342,5,13.03631,80.20428,Mylapore,Chennai,6280000,3059,8.85,Apartment
1155,5-10,0,0,0,248617,0,12.88868,80.26829,Porur,Chennai,2490000,2156,21.58,Plot
2904,1-5,0,0,0,236112,0,13.18151,80.24509,Karapakkam,Chennai,3400000,1171,11.33,Plot
1097,1-5,4,6,4,115771,4,13.13455,80.33117,Adyar,Chennai,7920000,7220,8.73,Apartment
1508,0-1,3,5,1,220004,3,13.28008,80.19131,Sholinganallur,Chennai,4960000,3289,23.57,Apartment
3836,5-10,0,0,0,215587,0,13.10604,80.25605,Kodambakkam,Chennai,3550000,925,3.04,Plot
1121,5-10,4,7,4,156133,5,13.08116,80.24967,Avadi,Chennai,5690000,5076,2.28,Builder Floor
2035,1-5,1,2,1,63275,2,13.13653,80.31805,Nungambakkam,Chennai,7230000,3553,7.88,Apartment
3675,0-1,0,0,0,216191,0,13.09588,80.27477,Nungambakkam,Chennai,4750000,1293,1.53,Plot
3800,5-10,0,0,0,146523,0,13.04495,80.2389,Sholinganallur,Chennai,4550000,1197,5.43,Plot
1732,1-5,3,6,2,215773,5,13.15063,80.41252,Mogappair,Chennai,4700000,2714,17.12,Builder Floor
5626,5-10,3,6,2,203672,6,13.10981,80.19117,Tambaram,Chennai,10010000,1779,9.13,Villa
1865,5-10,3,5,1,179739,3,13.13378,80.25176,Adyar,Chennai,7020000,3764,6.04,Apartment
1955,5-10,2,4,1,215351,6,12.99557,80.25823,Karapakkam,Chennai,5570000,2849,9.78,Builder Floor
2556,5-10,4,5,4,51714,4,12.97809,80.28603,Madhavaram,Chennai,7080000,2770,11.75,Independent House
2461,5-10,1,3,1,209630,3,12.95485,80.30767,Nungambakkam,Chennai,5250000,2133,14.77,Apartment
1097,10+,3,5,2,255193,5,13.01577,80.39736,Anna Nagar,Chennai,4730000,4312,15.61,Builder Floor
734,0-1,2,4,1,153542,4,13.20143,80.29915,Avadi,Chennai,7290000,9932,13.56,Independent House
2298,0-1,2,3,1,179611,3,13.0451,80.29197,Mogappair,Chennai,8450000,3677,4.77,Apartment
4488,10+,5,8,4,80622,4,12.97517,80.14244,Tambaram,Chennai,9660000,2152,18.33,Villa
2419,0-1,0,0,0,158020,0,13.02589,80.22288,Adyar,Chennai,4050000,1674,8.17,Plot
1847,5-10,4,5,3,256693,5,12.95948,80.42937,Velachery,Chennai,4870000,2637,21.98,Independent House
2203,5-10,1,2,1,39372,5,13.05383,79.99299,Mogappair,Chennai,4010000,1820,30.25,Apartment
1029,10+,2,3,1,152774,2,13.15465,80.33027,Virugambakkam,Chennai,5020000,4879,10.28,Apartment
1347,10+,2,3,2,147935,2,13.13792,80.06603,Poonamallee,Chennai,3520000,2613,23.0,Apartment
1769,1-5,0,0,0,244481,0,13.18009,80.33634,Ambattur,Chennai,2790000,1577,12.95,Plot
3952,10+,0,0,0,147734,0,13.04588,80.17986,Ambattur,Chennai,3360000,850,10.66,Plot
1511,10+,1,3,1,221865,4,13.05442,80.18765,Poonamallee,Chennai,4370000,2892,9.53,Apartment
1902,5-10,3,4,2,114888,2,13.13474,80.15045,Kolathur,Chennai,5440000,2860,14.25,Apartment
837,5-10,4,5,2,214658,2,13.05705,80.41432,Guindy,Chennai,4000000,4779,15.82,Builder Floor
3930,5-10,5,7,2,48506,5,13.11786,80.33301,Poonamallee,Chennai,11110000,2827,7.8,Villa
3052,0-1,0,0,0,176744,0,13.05918,80.26497,Velachery,Chennai,4430000,1452,2.69,Plot
4874,5-10,4,6,2,167151,3,13.08701,80.50457,Velachery,Chennai,8230000,1689,25.33,Villa
2910,5-10,3,6,2,216912,2,13.09767,80.28909,T Nagar,Chennai,6540000,2247,2.6,Independent House
842,1-5,1,2,1,216520,4,12.97506,80.32526,T Nagar,Chennai,5920000,7031,13.35,Apartment
1839,10+,2,3,2,188896,4,13.03236,80.3934,Porur,Chennai,4850000,2637,14.42,Apartment
2380,1-5,3,5,1,201865,3,13.17209,80.38658,Avadi,Chennai,6110000,2567,16.01,Apartment
2821,1-5,4,6,4,85637,5,13.20379,80.22163,Anna Nagar,Chennai,10160000,3602,14.48,Villa
867,0-1,2,5,2,270366,2,13.09928,80.27625,Virugambakkam,Chennai,9830000,11338,1.94,Independent House
4440,1-5,4,6,2,119382,6,13.24637,80.33238,Guindy,Chennai,8910000,2007,19.39,Villa
1718,5-10,4,5,4,183755,2,13.06551,80.29284,Anna Nagar,Chennai,8000000,4657,3.07,Independent House
2952,1-5,0,0,0,178728,0,13.07392,80.3105,Ambattur,Chennai,3790000,1284,4.42,Plot
4453,5-10,4,7,4,110217,6,13.11073,80.29453,T Nagar,Chennai,12850000,2886,4.05,Villa
2063,0-1,5,7,4,127451,3,13.12967,80.18042,Avadi,Chennai,8660000,4198,11.08,Villa
1744,10+,4,7,3,197835,6,13.0363,80.28985,Adyar,Chennai,3590000,2058,5.56,Builder Floor
1134,1-5,4,5,2,157298,2,13.09505,80.40765,Mogappair,Chennai,6890000,6076,14.9,Apartment
2050,5-10,2,4,1,205141,3,13.16707,80.30559,ECR,Chennai,7720000,3766,10.11,Independent House
1912,5-10,4,5,3,178449,4,13.08473,80.11713,Mylapore,Chennai,5210000,2725,16.63,Apartment
2144,1-5,3,4,3,253408,2,13.06038,80.24832,Perambur,Chennai,7360000,3433,3.47,Apartment
3131,5-10,3,5,3,153391,5,12.99589,80.20467,Adyar,Chennai,7200000,2300,12.01,Independent House
2302,5-10,4,5,1,196646,2,13.07266,80.29693,Mogappair,Chennai,5100000,2215,3.05,Apartment
2205,5-10,0,0,0,120436,0,13.15644,80.30932,Porur,Chennai,3220000,1460,9.2,Plot
1923,5-10,2,4,1,186053,2,13.21028,80.21959,Porur,Chennai,6610000,3437,15.23,Apartment
666,5-10,3,5,2,185710,4,12.91779,80.31478,Kolathur,Chennai,3900000,5856,18.95,Apartment
1995,10+,3,4,1,200581,4,12.97249,80.22552,ECR,Chennai,5500000,2757,13.2,Apartment
2620,1-5,4,5,2,220913,6,13.01324,80.31347,Sholinganallur,Chennai,7760000,2962,9.01,Independent House
2400,1-5,3,5,3,209015,2,13.11738,80.20621,Tambaram,Chennai,8260000,3442,7.98,Apartment
2622,5-10,4,5,4,167858,5,13.07904,80.2095,ECR,Chennai,8650000,3299,6.64,Independent House
1279,10+,2,3,1,162400,3,13.07845,80.36859,Kolathur,Chennai,5090000,3980,10.61,Apartment
1014,1-5,0,0,0,165112,0,13.1817,80.23412,Kodambakkam,Chennai,3480000,3432,11.7,Plot
538,10+,2,3,2,139456,4,13.03416,80.2876,Sholinganallur,Chennai,5290000,9833,5.7,Apartment
2355,5-10,3,4,2,239946,4,13.03275,80.25594,Kodambakkam,Chennai,6270000,2662,5.78,Apartment
1323,0-1,1,3,1,245153,5,13.1984,80.15959,Pallavaram,Chennai,7930000,5994,17.61,Apartment
850,1-5,3,4,3,196015,5,13.1728,80.33256,Tambaram,Chennai,6510000,7659,12.05,Apartment
771,10+,3,5,1,277702,3,13.13384,80.1534,Pallavaram,Chennai,4560000,5914,13.92,Apartment
1489,5-10,3,5,2,130981,3,13.19225,80.12985,Kolathur,Chennai,5800000,3895,19.52,Apartment
911,5-10,2,3,2,250060,3,13.17137,80.31844,Mogappair,Chennai,5700000,6257,11.13,Apartment
1938,1-5,4,7,3,219922,5,13.00163,80.32679,Poonamallee,Chennai,8010000,4133,10.87,Independent House
1742,0-1,3,4,3,200132,2,13.04589,80.26539,Adyar,Chennai,8190000,4701,4.13,Apartment
2996,1-5,4,7,3,141806,6,13.08814,80.1562,Virugambakkam,Chennai,10970000,3662,12.42,Villa
2057,1-5,4,5,3,82149,2,13.27866,80.1766,Chromepet,Chennai,5480000,2664,24.05,Apartment
1300,5-10,1,2,1,90772,5,13.00016,80.35977,Chromepet,Chennai,4530000,3485,13.32,Apartment
1212,1-5,2,3,2,261915,3,13.2242,80.23133,Velachery,Chennai,6720000,5545,16.3,Apartment
3450,5-10,3,5,4,190910,4,13.17218,80.31465,Porur,Chennai,10910000,3162,11.03,Villa
1800,1-5,2,5,2,108675,5,13.17174,80.35691,Mogappair,Chennai,8740000,4856,13.61,Independent House
2453,10+,4,6,2,243945,4,13.12455,80.37717,Kodambakkam,Chennai,5930000,2417,12.43,Independent House
845,1-5,2,3,2,230304,3,13.09479,80.33192,Anna Nagar,Chennai,7670000,9077,6.77,Independent House
3492,10+,4,5,3,195587,2,13.14944,80.4022,Chromepet,Chennai,5640000,1615,16.06,Independent House
624,1-5,3,5,2,144020,2,13.05438,80.20159,Sholinganallur,Chennai,6400000,10256,8.12,Apartment
1536,10+,1,2,1,157784,2,13.07502,80.16892,Nungambakkam,Chennai,4820000,3138,11.06,Apartment
751,1-5,4,6,2,227583,5,13.0468,80.35793,Sholinganallur,Chennai,6050000,8056,10.26,Apartment
2050,5-10,3,5,1,121688,3,13.08018,80.20283,Virugambakkam,Chennai,5480000,2673,7.36,Apartment
1028,5-10,2,3,1,118134,3,13.07506,80.1286,Nungambakkam,Chennai,4910000,4776,15.41,Apartment
3469,1-5,2,5,1,164940,6,13.10015,80.27238,Chromepet,Chennai,9960000,2871,1.95,Independent House
2919,5-10,4,5,3,200167,4,13.21892,80.26472,Poonamallee,Chennai,5760000,1973,15.16,Independent House
2519,5-10,3,4,3,191705,6,13.10366,80.17029,Sholinganallur,Chennai,5790000,2299,11.12,Independent House
1595,10+,2,4,1,247298,5,13.01001,80.2135,Poonamallee,Chennai,4860000,3047,10.18,Apartment
3135,1-5,5,8,1,134716,6,13.18176,80.20054,T Nagar,Chennai,6560000,2093,13.38,Independent House
1170,1-5,2,3,2,178322,2,13.19065,80.40362,Mylapore,Chennai,4890000,4179,18.74,Apartment
4461,5-10,3,5,2,184318,6,13.1388,80.28523,Madhavaram,Chennai,13630000,3055,6.43,Villa
3362,5-10,4,6,3,310142,6,13.06883,80.31928,Tambaram,Chennai,11380000,3385,5.48,Villa
2170,5-10,2,4,1,96130,2,13.20545,80.25649,Karapakkam,Chennai,5480000,2525,13.74,Apartment
3752,1-5,0,0,0,227577,0,13.20525,80.25532,Guindy,Chennai,4040000,1077,13.73,Plot
2162,10+,2,3,1,169273,2,13.19703,80.2215,OMR,Chennai,5390000,2493,13.78,Apartment
1819,1-5,1,2,1,173723,3,13.20541,80.28173,Perambur,Chennai,6420000,3529,13.7,Apartment
1019,5-10,2,4,2,227306,3,12.99507,80.31439,Pallavaram,Chennai,6690000,6565,10.83,Apartment
2161,1-5,3,5,2,214585,5,13.02956,80.34123,Kodambakkam,Chennai,6680000,3091,9.66,Apartment
4006,1-5,4,6,2,169907,5,13.04292,80.21943,Nungambakkam,Chennai,9970000,2489,7.1,Villa
564,1-5,2,4,1,128758,4,13.10384,80.32872,OMR,Chennai,8080000,14326,6.71,Apartment
4919,1-5,3,6,2,187848,3,13.052,80.34702,Anna Nagar,Chennai,13390000,2722,8.94,Villa
1746,5-10,2,3,2,82499,3,13.10105,80.40771,Avadi,Chennai,6340000,3631,14.98,Apartment
4628,5-10,5,8,4,168296,6,13.06051,80.32791,Perambur,Chennai,12640000,2731,6.67,Villa
1256,5-10,2,4,1,190298,6,13.07288,80.27817,Avadi,Chennai,7630000,6075,1.36,Independent House
1314,0-1,2,5,1,253879,6,13.08846,80.25372,Sholinganallur,Chennai,8280000,6301,1.95,Independent House
1389,0-1,1,3,1,210053,2,13.07742,80.30675,Tambaram,Chennai,6420000,4622,3.95,Apartment
1045,5-10,0,0,0,187605,0,13.11598,80.20686,Adyar,Chennai,3070000,2938,7.84,Plot
904,10+,2,4,1,244814,4,13.08916,80.2202,Guindy,Chennai,5160000,5708,5.52,Apartment
607,1-5,1,2,1,279180,3,13.14274,80.32656,Kolathur,Chennai,5330000,8781,9.01,Apartment
2182,5-10,4,5,1,141097,3,12.88363,80.21804,Guindy,Chennai,4280000,1962,22.86,Apartment
2963,0-1,3,5,3,95686,5,13.13152,80.28326,Guindy,Chennai,10250000,3459,5.6,Independent House
3581,5-10,4,7,2,159639,5,13.07758,80.31309,ECR,Chennai,10860000,3033,4.63,Villa
2436,10+,2,4,2,132645,5,13.07523,80.22835,Chromepet,Chennai,5150000,2114,4.66,Apartment
2865,1-5,4,6,2,117023,6,13.10072,80.32612,Anna Nagar,Chennai,6130000,2140,6.33,Independent House
3215,1-5,2,3,2,198248,6,13.10304,80.24093,Mylapore,Chennai,8410000,2616,3.94,Independent House
3346,1-5,2,3,1,252720,4,13.12575,80.33714,T Nagar,Chennai,7610000,2274,8.64,Independent House
1926,1-5,3,4,2,203949,4,13.20152,80.25136,ECR,Chennai,4910000,2549,13.38,Builder Floor
1218,10+,0,0,0,85567,0,13.07432,80.05442,Guindy,Chennai,2430000,1995,23.44,Plot
932,5-10,3,5,2,121758,4,13.01546,80.25272,OMR,Chennai,5340000,5730,7.73,Apartment
1949,0-1,2,3,2,120650,2,13.07155,80.32987,Anna Nagar,Chennai,6790000,3484,6.53,Apartment
1311,5-10,3,6,3,203342,5,12.9442,80.3903,OMR,Chennai,4570000,3486,20.13,Builder Floor
1145,0-1,3,6,1,129665,5,13.13355,80.2268,Pallavaram,Chennai,5490000,4795,7.39,Builder Floor
893,1-5,2,4,2,143873,4,13.08182,80.2181,Tambaram,Chennai,6100000,6831,5.7,Apartment
2146,1-5,2,4,2,84095,2,13.06894,80.25713,Mogappair,Chennai,8600000,4007,2.12,Apartment
1293,10+,3,4,1,221110,4,13.12472,80.17968,Anna Nagar,Chennai,4380000,3387,10.91,Apartment
522,1-5,3,5,1,193278,3,13.16097,80.31247,Avadi,Chennai,4080000,7816,9.81,Apartment
2297,1-5,0,0,0,109036,0,13.15414,80.41707,Velachery,Chennai,3580000,1559,17.73,Plot
975,5-10,2,5,1,191743,2,13.20588,80.35917,Anna Nagar,Chennai,5020000,5149,16.71,Independent House
5917,1-5,5,8,4,228621,5,13.00651,80.21654,Guindy,Chennai,13340000,2255,10.31,Villa
1982,5-10,4,5,1,195322,5,13.0022,80.24318,Nungambakkam,Chennai,5370000,2709,9.43,Apartment
1547,1-5,3,5,1,203388,2,13.03013,80.29809,Avadi,Chennai,6610000,4273,6.56,Builder Floor
746,1-5,3,4,3,189974,3,12.99703,80.42361,Tambaram,Chennai,6540000,8767,19.11,Independent House
759,5-10,2,4,2,227580,5,13.02085,80.27074,Tambaram,Chennai,6520000,8590,6.88,Apartment
2660,5-10,0,0,0,225470,0,12.95533,80.34063,Velachery,Chennai,2510000,944,16.06,Plot
3028,5-10,2,3,2,175496,6,13.13491,80.17969,Chromepet,Chennai,4190000,1384,11.44,Independent House
3291,10+,3,5,2,117782,5,13.06545,80.20086,Porur,Chennai,9580000,2911,7.8,Villa
645,5-10,4,5,3,146102,5,13.18928,80.28883,Mogappair,Chennai,5280000,8186,12.01,Apartment
1077,10+,2,4,1,270525,2,13.01904,80.25599,ECR,Chennai,4750000,4410,7.26,Apartment
2098,5-10,3,5,1,186365,2,13.21536,80.3336,Perambur,Chennai,5290000,2521,16.25,Apartment
1202,1-5,0,0,0,317953,0,13.24958,80.18952,Mylapore,Chennai,2440000,2030,20.53,Plot
2045,1-5,3,6,3,121023,3,13.09839,80.19837,Karapakkam,Chennai,8470000,4142,8.03,Independent House
1889,5-10,2,5,1,142236,4,13.00544,80.30485,Perambur,Chennai,6230000,3298,9.35,Builder Floor
5723,5-10,4,7,3,115729,5,13.05277,80.25825,Ambattur,Chennai,14220000,2485,3.59,Villa
1146,5-10,2,4,1,112462,2,13.19743,80.29067,Kolathur,Chennai,5520000,4817,12.94,Apartment
576,5-10,3,5,2,201625,3,13.10735,80.26827,Pallavaram,Chennai,6470000,11233,2.75,Apartment
1736,0-1,4,5,1,207322,5,13.03713,80.2094,Karapakkam,Chennai,7250000,4176,8.35,Independent House
971,1-5,1,3,1,194715,2,13.00337,80.32585,ECR,Chennai,4940000,5088,10.65,Apartment
1337,1-5,1,2,1,139158,4,13.15163,80.28182,ECR,Chennai,6950000,5198,7.76,Apartment
2872,1-5,3,5,2,190556,5,13.05641,80.11262,Chromepet,Chennai,6640000,2312,17.37,Independent House
630,10+,3,6,2,208539,6,13.00405,80.1412,Adyar,Chennai,5610000,8905,16.53,Independent House
711,1-5,3,5,1,170419,3,13.03551,80.33824,Tambaram,Chennai,5420000,7623,9.0,Apartment
1482,10+,3,5,2,176916,2,13.05923,80.15475,Perambur,Chennai,5380000,3630,12.83,Apartment
1486,5-10,3,6,3,255621,2,12.96097,80.41044,Mogappair,Chennai,4630000,3116,20.31,Builder Floor
748,0-1,2,3,2,195454,4,12.90857,80.33003,OMR,Chennai,4210000,5628,20.4,Independent House
1584,5-10,1,2,1,190812,2,13.05519,80.3167,Ambattur,Chennai,6370000,4021,5.85,Apartment
1560,0-1,1,2,1,157761,3,13.12646,80.27621,Karapakkam,Chennai,7710000,4942,4.9,Apartment
1082,10+,5,7,4,188579,2,12.99019,80.4512,ECR,Chennai,4220000,3900,22.09,Independent House
2020,0-1,3,5,3,276202,4,13.16093,80.10225,Porur,Chennai,5130000,2540,20.21,Apartment
1716,5-10,1,3,1,201819,3,13.12502,80.27526,Adyar,Chennai,5460000,3182,4.73,Apartment
1116,1-5,2,3,1,186067,4,13.14794,80.26685,Mylapore,Chennai,6830000,6120,7.27,Apartment
1135,10+,1,3,1,150081,4,13.04256,80.1609,Mylapore,Chennai,5810000,5119,12.7,Apartment
3015,0-1,0,0,0,166489,0,13.11748,80.30873,Adyar,Chennai,3490000,1158,5.65,Plot
2718,0-1,3,4,3,86578,5,13.1656,80.39354,Chromepet,Chennai,8820000,3245,16.18,Independent House
2502,1-5,3,5,3,146711,2,13.19215,80.1772,Poonamallee,Chennai,5990000,2394,15.83,Independent House
1875,1-5,3,5,3,254330,4,13.13702,80.20571,Nungambakkam,Chennai,7050000,3760,9.27,Apartment
825,1-5,2,4,1,136229,2,13.06173,80.46602,Sholinganallur,Chennai,4050000,4909,21.28,Apartment
575,5-10,4,5,3,131969,4,13.16221,80.19804,ECR,Chennai,5250000,9130,11.84,Apartment
1735,10+,2,4,1,203872,3,13.07965,80.27468,T Nagar,Chennai,7040000,4058,0.55,Apartment
1078,1-5,1,2,1,294737,3,13.09425,80.33683,Kolathur,Chennai,7860000,7291,7.28,Apartment
480,1-5,2,4,2,246515,5,13.02469,80.2867,Perambur,Chennai,5340000,11125,6.68,Apartment
4828,10+,3,5,4,237482,6,13.18965,80.36531,Velachery,Chennai,9240000,1914,15.7,Villa
965,5-10,3,6,3,82085,2,13.12107,80.28662,Guindy,Chennai,4950000,5130,4.6,Builder Floor
1480,10+,3,4,3,217414,6,13.08393,80.22444,Virugambakkam,Chennai,6780000,4581,5.01,Independent House
1484,10+,2,4,2,142889,4,13.05057,80.25834,Madhavaram,Chennai,4540000,3059,3.82,Apartment
2314,0-1,2,4,2,252437,5,13.16549,80.15708,Kolathur,Chennai,5980000,2584,15.37,Apartment
1321,5-10,2,3,1,233472,4,13.03869,80.30341,Mogappair,Chennai,6400000,4845,6.04,Independent House
1676,10+,0,0,0,156808,0,13.14511,80.27742,OMR,Chennai,3060000,1826,6.98,Plot
998,0-1,3,6,3,173039,6,13.26035,80.27141,Mogappair,Chennai,6430000,6443,19.75,Independent House
4711,10+,5,7,2,209881,6,13.0513,80.32607,Virugambakkam,Chennai,9650000,2048,6.94,Villa
1804,1-5,2,3,1,107388,4,13.14624,80.23663,Kolathur,Chennai,6400000,3548,7.97,Builder Floor
3033,10+,5,8,3,245782,4,12.94355,80.32707,Velachery,Chennai,6110000,2015,16.63,Independent House
2570,1-5,3,5,3,105186,4,13.02022,80.2368,Pallavaram,Chennai,8660000,3370,7.86,Independent House
1566,10+,2,4,2,176710,5,13.1594,80.29805,T Nagar,Chennai,5460000,3487,9.03,Apartment
1303,5-10,1,3,1,171844,2,12.97976,80.27934,Nungambakkam,Chennai,5260000,4037,11.48,Apartment
3196,1-5,3,5,1,203298,4,13.09989,80.22576,Anna Nagar,Chennai,9380000,2935,5.23,Independent House
5383,5-10,4,6,3,240139,5,12.95027,80.24786,ECR,Chennai,7800000,1449,14.93,Villa
1993,10+,3,5,2,212118,4,12.96997,80.23801,Karapakkam,Chennai,5270000,2644,13.03,Apartment
1908,5-10,2,3,1,221614,5,13.0731,80.32993,Tambaram,Chennai,5760000,3019,6.5,Apartment
4956,1-5,4,7,3,231877,3,13.06206,80.24044,Perambur,Chennai,14470000,2920,4.0,Villa
3171,10+,4,6,2,235322,2,13.10489,80.26892,Pallavaram,Chennai,6750000,2129,2.47,Independent House
2303,10+,1,3,1,107685,5,13.17381,80.2795,Poonamallee,Chennai,5490000,2384,10.18,Apartment
1127,1-5,3,4,2,171882,4,12.94101,80.30842,Kolathur,Chennai,5540000,4916,16.28,Apartment
3097,10+,0,0,0,128120,0,13.17276,80.17477,Pallavaram,Chennai,2210000,714,14.43,Plot
1352,10+,2,4,1,99983,5,13.09719,80.37496,Anna Nagar,Chennai,4990000,3691,11.41,Apartment
1042,10+,4,5,1,105018,5,13.08344,80.37141,Adyar,Chennai,4050000,3887,10.91,Apartment
3645,1-5,4,7,3,137212,6,13.25362,80.1696,Kodambakkam,Chennai,9540000,2617,21.93,Villa
1172,10+,2,4,1,210094,4,13.03202,80.32385,Perambur,Chennai,5220000,4454,8.06,Apartment
1030,1-5,4,7,2,243822,4,13.05071,80.29224,Anna Nagar,Chennai,6770000,6573,4.25,Builder Floor
2201,10+,3,5,2,156538,5,13.10252,80.37335,Tambaram,Chennai,4730000,2149,11.33,Independent House
2667,5-10,4,6,3,173005,4,13.0202,80.1887,Ambattur,Chennai,5580000,2092,11.28,Independent House
1098,1-5,2,3,2,187711,3,13.10934,80.0831,Anna Nagar,Chennai,4910000,4472,20.53,Apartment
957,1-5,4,5,4,205537,5,12.96839,80.28845,ECR,Chennai,6540000,6834,12.86,Independent House
4138,1-5,4,7,2,154606,4,13.23275,80.40023,Poonamallee,Chennai,8900000,2151,21.8,Villa
812,0-1,0,0,0,216407,0,10.91354,76.99015,Singanallur,Coimbatore,1890000,2328,12.08,Plot
987,5-10,4,6,1,159904,3,10.99757,76.82221,Sowripalayam,Coimbatore,3210000,3252,14.74,Apartment
2909,10+,4,7,3,136450,4,11.07267,76.93556,Saibaba Colony,Coimbatore,4340000,1492,6.59,Independent House
964,1-5,0,0,0,180086,0,11.07958,77.00552,Ganapathy,Coimbatore,1690000,1753,8.84,Plot
1192,5-10,4,7,2,156340,3,10.93439,77.14786,Sulur,Coimbatore,2570000,2156,22.88,Independent House
3390,1-5,3,4,2,201513,5,10.94927,76.93531,Podanur,Coimbatore,5130000,1513,7.84,Independent House
947,0-1,1,2,1,154570,4,10.93393,76.94408,Ganapathy,Coimbatore,4190000,4424,9.3,Apartment
1210,5-10,4,6,4,99430,4,11.06884,76.99052,Thudiyalur,Coimbatore,3270000,2702,6.92,Builder Floor
4336,5-10,4,7,4,136474,6,10.98884,76.89399,Peelamedu,Coimbatore,6170000,1423,7.43,Villa
1547,1-5,1,2,1,77968,2,11.05981,76.99005,Singanallur,Coimbatore,4350000,2812,6.07,Apartment
3772,5-10,0,0,0,88363,0,11.15016,76.96552,RS Puram,Coimbatore,1950000,517,14.87,Plot
2896,1-5,2,3,2,117192,2,11.04346,76.96939,Kovaipudur,Coimbatore,5830000,2013,3.31,Independent House
699,5-10,4,5,1,89964,3,10.92479,76.98353,Kovaipudur,Coimbatore,3480000,4979,10.67,Apartment
1173,5-10,3,4,3,101211,5,11.1061,77.07644,Podanur,Coimbatore,3480000,2967,16.49,Independent House
3376,5-10,0,0,0,111156,0,11.02812,76.76196,Podanur,Coimbatore,1650000,489,21.19,Plot
552,5-10,2,4,1,98480,3,11.11146,76.88709,Kuniyamuthur,Coimbatore,3160000,5725,12.92,Apartment
1386,5-10,2,4,2,145840,2,11.20806,76.98597,Saibaba Colony,Coimbatore,2530000,1825,21.52,Apartment
692,0-1,1,3,1,117153,4,11.02626,76.90186,Sulur,Coimbatore,3860000,5578,5.98,Apartment
1131,5-10,3,5,1,95568,3,10.98347,76.93501,Singanallur,Coimbatore,3550000,3139,4.35,Apartment
1641,10+,3,6,1,151040,6,10.97655,76.84287,Thudiyalur,Coimbatore,2140000,1304,13.11,Builder Floor
682,1-5,1,3,1,126590,2,10.94337,76.90416,Singanallur,Coimbatore,3120000,4575,9.92,Apartment
2308,10+,2,3,2,128111,5,10.88753,76.97977,Sulur,Coimbatore,3450000,1495,14.61,Apartment
2926,10+,3,5,3,124862,5,10.95776,76.9703,Singanallur,Coimbatore,3190000,1090,6.75,Independent House
1275,1-5,2,3,1,152753,5,11.03682,77.02053,Ondipudur,Coimbatore,3260000,2557,7.41,Apartment
1411,5-10,1,2,1,106019,2,11.00374,77.08539,Peelamedu,Coimbatore,3030000,2147,14.22,Apartment
1475,0-1,2,4,2,120232,6,10.98421,77.07351,Ganapathy,Coimbatore,3880000,2631,13.35,Independent House
3793,0-1,0,0,0,80449,0,11.00031,77.01663,Singanallur,Coimbatore,2750000,725,6.89,Plot
2086,5-10,4,6,3,115241,4,11.17157,76.86986,Sulur,Coimbatore,2940000,1409,19.6,Apartment
1087,10+,2,3,2,172092,5,10.9575,76.90426,Saibaba Colony,Coimbatore,3160000,2907,8.67,Builder Floor
3167,1-5,4,7,2,88231,5,10.9627,76.86825,Singanallur,Coimbatore,5340000,1686,11.29,Villa
2633,0-1,3,5,3,124900,5,11.03465,77.04029,Sulur,Coimbatore,3220000,1223,9.43,Independent House
4869,1-5,4,7,4,168168,3,11.01988,77.07105,Gandhipuram,Coimbatore,7050000,1448,12.58,Villa
2219,5-10,3,5,1,92430,3,11.07227,76.94867,Sowripalayam,Coimbatore,3750000,1690,6.22,Apartment
1481,0-1,3,4,1,135937,4,10.9917,76.98941,Kovaipudur,Coimbatore,4920000,3322,4.61,Apartment
604,10+,2,3,1,161098,5,10.99301,76.93609,Podanur,Coimbatore,3050000,5050,3.41,Apartment
1897,10+,2,3,2,81619,5,11.01606,76.98036,Kovaipudur,Coimbatore,3490000,1840,2.68,Apartment
1300,0-1,3,5,1,117429,4,10.94909,76.90901,RS Puram,Coimbatore,4400000,3385,9.1,Apartment
2313,5-10,2,3,2,117622,3,11.04846,76.97688,Saibaba Colony,Coimbatore,4610000,1993,4.21,Apartment
1029,10+,1,3,1,95670,4,10.77619,77.00149,Thudiyalur,Coimbatore,1670000,1623,27.22,Apartment
981,1-5,3,5,1,99092,2,11.11543,76.98276,RS Puram,Coimbatore,3530000,3598,11.35,Apartment
2112,1-5,2,3,1,108463,2,11.16268,76.93677,Singanallur,Coimbatore,3500000,1657,16.35,Apartment
4133,1-5,5,7,3,77663,5,11.17107,76.98376,Sowripalayam,Coimbatore,5720000,1384,17.42,Villa
2033,0-1,3,4,2,105732,3,10.97539,76.93194,Vadavalli,Coimbatore,3860000,1899,5.29,Apartment
2777,10+,3,4,1,99978,2,11.01181,76.94159,Sowripalayam,Coimbatore,3830000,1379,1.65,Independent House
3062,0-1,0,0,0,150849,0,11.02115,76.84833,Ganapathy,Coimbatore,2180000,712,11.74,Plot
4325,1-5,3,5,3,96641,5,11.03551,77.03864,Gandhipuram,Coimbatore,7320000,1692,9.28,Villa
1076,1-5,3,5,3,134854,5,11.07756,76.93246,Saibaba Colony,Coimbatore,3280000,3048,7.22,Builder Floor
1521,1-5,4,6,2,163274,3,10.85506,76.9477,Sowripalayam,Coimbatore,3520000,2314,18.01,Apartment
2745,0-1,4,6,2,138309,6,11.10955,77.03365,Kovaipudur,Coimbatore,4170000,1519,13.36,Independent House
858,10+,3,4,3,163437,2,10.99019,77.05721,Ganapathy,Coimbatore,2330000,2716,11.46,Apartment
3564,5-10,3,5,2,97319,3,10.9374,77.03052,Hopes College,Coimbatore,6290000,1765,12.02,Villa
476,1-5,1,3,1,80634,3,10.94581,77.06459,Hopes College,Coimbatore,3570000,7500,14.26,Apartment
1361,1-5,2,3,1,161051,3,11.02916,76.92888,RS Puram,Coimbatore,5520000,4056,3.24,Apartment
2694,1-5,3,5,1,126628,4,11.05464,76.90415,Sulur,Coimbatore,3950000,1466,7.03,Independent House
1788,5-10,2,3,1,117222,5,10.96449,76.95799,Peelamedu,Coimbatore,3430000,1918,5.82,Apartment
1349,10+,3,5,2,119979,2,11.04914,77.01307,Thudiyalur,Coimbatore,2930000,2172,7.21,Apartment
1449,0-1,3,4,1,80683,4,10.96907,77.12364,RS Puram,Coimbatore,3770000,2602,19.07,Independent House
998,0-1,3,4,2,115211,2,10.97677,76.99088,Thudiyalur,Coimbatore,4640000,4649,5.87,Apartment
728,0-1,1,3,1,95293,4,11.05085,77.04444,Kovaipudur,Coimbatore,3190000,4382,10.39,Apartment
1946,10+,4,7,2,136868,5,11.05382,76.71213,Kovaipudur,Coimbatore,2750000,1413,26.91,Independent House
1855,10+,2,5,1,226671,3,11.07787,76.99671,Ondipudur,Coimbatore,3220000,1736,8.13,Builder Floor
1325,10+,3,4,2,147959,2,10.97348,76.95007,Thudiyalur,Coimbatore,3240000,2445,4.86,Apartment
1226,1-5,5,7,3,160494,6,10.96125,76.83341,Sulur,Coimbatore,3580000,2920,14.72,Builder Floor
736,5-10,1,3,1,119833,2,10.98965,76.94396,Vadavalli,Coimbatore,3850000,5231,3.28,Apartment
1365,1-5,3,5,3,76968,5,11.09646,76.99814,Gandhipuram,Coimbatore,4360000,3194,9.99,Apartment
1644,5-10,1,3,1,102181,3,10.9998,77.05012,Hopes College,Coimbatore,3210000,1953,10.47,Apartment
2130,0-1,2,4,2,78343,4,11.06275,76.94566,Vadavalli,Coimbatore,3770000,1770,5.23,Apartment
2998,5-10,0,0,0,131530,0,10.8863,76.92352,Sowripalayam,Coimbatore,1800000,600,14.93,Plot
1523,5-10,2,3,2,159204,4,11.08481,76.98921,Kuniyamuthur,Coimbatore,2900000,1904,8.4,Builder Floor
1336,5-10,3,4,1,142715,2,11.08446,76.99693,Sulur,Coimbatore,3200000,2395,8.76,Apartment
3431,10+,2,4,1,95761,4,10.97409,76.90349,Kovaipudur,Coimbatore,3490000,1017,7.43,Independent House
2319,5-10,2,4,1,114287,4,10.91788,77.00984,Ondipudur,Coimbatore,3900000,1682,12.48,Apartment
1569,5-10,4,6,3,84561,5,11.05657,76.93226,Thudiyalur,Coimbatore,3990000,2543,5.11,Apartment
1317,0-1,1,2,1,104972,5,10.94257,76.90855,Podanur,Coimbatore,4170000,3166,9.73,Apartment
1078,5-10,0,0,0,97346,0,11.1517,76.9283,Vadavalli,Coimbatore,1430000,1327,15.3,Plot
803,0-1,1,2,1,135223,3,10.91501,76.90536,Kuniyamuthur,Coimbatore,2480000,3088,12.59,Apartment
2916,10+,5,8,2,127800,4,11.05687,76.88552,Saibaba Colony,Coimbatore,3470000,1190,8.87,Independent House
3315,1-5,2,3,1,133327,3,10.99969,77.06082,Singanallur,Coimbatore,4740000,1430,11.62,Independent House
1097,0-1,1,2,1,143303,4,11.10179,76.94994,RS Puram,Coimbatore,4480000,4084,9.47,Apartment
2887,1-5,0,0,0,178641,0,10.93635,76.98461,Peelamedu,Coimbatore,1660000,575,9.48,Plot
1084,1-5,3,4,2,123520,5,11.08015,76.91015,Vadavalli,Coimbatore,3390000,3127,8.63,Builder Floor
1269,10+,2,3,2,137093,3,10.96909,76.93187,Singanallur,Coimbatore,2180000,1718,5.91,Apartment
2354,0-1,1,3,1,164205,4,10.97149,77.02233,Saibaba Colony,Coimbatore,4260000,1810,8.84,Apartment
1995,1-5,4,7,2,168433,4,11.02951,76.90586,Sulur,Coimbatore,3740000,1875,5.63,Builder Floor
3088,10+,0,0,0,132078,0,10.92599,76.8273,Singanallur,Coimbatore,1380000,447,17.28,Plot
2769,1-5,4,6,2,153828,3,10.95814,76.90222,Gandhipuram,Coimbatore,7600000,2745,8.76,Villa
859,0-1,2,3,2,149980,5,10.97171,76.98902,Ondipudur,Coimbatore,4590000,5343,6.19,Apartment
1352,10+,2,4,2,124691,2,11.15019,76.92288,RS Puram,Coimbatore,2480000,1834,15.26,Apartment
1640,1-5,3,4,2,119743,3,11.06481,76.92418,Singanallur,Coimbatore,4600000,2805,6.36,Independent House
802,10+,0,0,0,176899,0,10.98489,76.8994,RS Puram,Coimbatore,1660000,2070,7.11,Plot
2367,10+,2,4,2,148122,4,11.00391,76.84585,Thudiyalur,Coimbatore,3120000,1318,12.09,Apartment
1906,0-1,2,3,1,140110,3,10.91118,76.9421,Kovaipudur,Coimbatore,2720000,1427,11.84,Apartment
3158,1-5,4,6,2,136856,5,11.12309,76.8413,Sowripalayam,Coimbatore,5730000,1814,17.2,Villa
1543,1-5,2,4,2,134322,4,11.08571,76.97591,Thudiyalur,Coimbatore,4450000,2884,7.97,Apartment
1001,10+,4,5,4,130544,3,10.90131,76.91717,Sowripalayam,Coimbatore,2740000,2737,13.52,Apartment
725,5-10,2,4,1,122298,4,11.05761,77.05761,Sulur,Coimbatore,2740000,3779,12.0,Apartment
3797,0-1,0,0,0,137642,0,11.09322,76.9527,Thudiyalur,Coimbatore,2430000,640,8.5,Plot
1223,10+,1,2,1,128263,2,11.05638,76.95935,Hopes College,Coimbatore,3250000,2657,4.42,Apartment
1351,5-10,4,5,1,91564,6,11.01981,76.93392,Thudiyalur,Coimbatore,3460000,2561,2.41,Builder Floor
2238,1-5,3,4,1,80973,2,11.04387,76.91764,Gandhipuram,Coimbatore,4470000,1997,5.14,Apartment
3439,1-5,2,5,2,8411,5,11.11755,77.0107,Saibaba Colony,Coimbatore,4430000,1288,12.7,Independent House
3083,10+,3,4,1,141048,3,11.02186,77.04461,Vadavalli,Coimbatore,3420000,1109,9.71,Independent House
1109,5-10,0,0,0,86754,0,11.05176,76.96461,Kuniyamuthur,Coimbatore,1600000,1443,4.0,Plot
2006,1-5,1,3,1,120546,2,11.03769,77.03766,Sulur,Coimbatore,3500000,1745,9.23,Apartment
1461,1-5,2,3,2,80570,2,11.00768,76.84532,Kuniyamuthur,Coimbatore,2270000,1554,12.1,Apartment
2353,10+,4,7,3,213017,4,11.02322,76.90309,Ganapathy,Coimbatore,4260000,1810,5.8,Independent House
1442,1-5,2,5,2,111456,3,10.94604,76.91415,Sulur,Coimbatore,4010000,2781,9.09,Independent House
607,1-5,2,3,2,77713,3,11.00886,76.98592,Singanallur,Coimbatore,4450000,7331,3.4,Apartment
2973,1-5,4,5,3,85157,3,10.96277,77.04822,Peelamedu,Coimbatore,4640000,1561,11.74,Independent House
1371,0-1,0,0,0,89555,0,10.94162,77.0484,Sowripalayam,Coimbatore,1880000,1371,13.12,Plot
2713,1-5,4,7,4,68639,5,11.07122,76.93989,Hopes College,Coimbatore,4800000,1769,6.3,Independent House
1182,1-5,2,5,1,112797,6,11.06383,77.00538,Thudiyalur,Coimbatore,4450000,3765,7.53,Independent House
942,10+,3,6,2,107465,6,11.07165,76.94447,Thudiyalur,Coimbatore,3540000,3758,6.22,Independent House
1616,5-10,3,6,1,143393,5,11.20384,76.93692,Ganapathy,Coimbatore,2260000,1399,20.9,Builder Floor
576,1-5,2,3,1,69173,5,11.02726,76.94448,Sowripalayam,Coimbatore,4070000,7066,1.7,Apartment
2259,10+,2,4,2,53579,4,11.02855,76.91403,Saibaba Colony,Coimbatore,3730000,1651,4.74,Apartment
2065,10+,1,2,1,93195,5,10.90959,76.99038,Sowripalayam,Coimbatore,2810000,1361,12.5,Apartment
1275,10+,4,6,3,119816,3,11.02108,77.03353,Gandhipuram,Coimbatore,2820000,2212,8.5,Apartment
982,0-1,3,6,3,143202,3,10.93152,77.01981,Podanur,Coimbatore,3800000,3870,11.78,Builder Floor
1250,1-5,4,6,2,149776,5,10.97959,77.05115,Thudiyalur,Coimbatore,3770000,3016,11.2,Apartment
1059,1-5,3,6,3,146086,6,10.82355,76.95773,Saibaba Colony,Coimbatore,2400000,2266,21.49,Builder Floor
807,10+,3,4,1,159475,4,11.06379,77.06893,Kuniyamuthur,Coimbatore,2020000,2503,13.41,Apartment
1970,10+,3,6,2,120113,6,11.03625,77.00272,Sowripalayam,Coimbatore,3430000,1741,5.56,Builder Floor
2947,10+,0,0,0,99407,0,10.98597,77.02627,Vadavalli,Coimbatore,2050000,696,8.42,Plot
1603,1-5,3,5,3,148437,2,11.15665,77.039,Sulur,Coimbatore,3680000,2296,18.01,Apartment
1976,5-10,1,2,1,156365,5,10.9272,76.94191,RS Puram,Coimbatore,2980000,1508,10.08,Apartment
4262,1-5,4,7,2,108089,4,10.94164,77.04534,Ganapathy,Coimbatore,6550000,1537,12.86,Villa
2363,5-10,3,4,1,140334,2,11.12708,76.96507,Gandhipuram,Coimbatore,4080000,1727,12.3,Apartment
2773,1-5,3,6,4,115867,6,11.03679,76.91088,Singanallur,Coimbatore,7480000,2697,5.38,Villa
1028,1-5,3,5,1,55356,2,10.9884,76.99598,Thudiyalur,Coimbatore,3490000,3395,5.4,Builder Floor
3442,10+,4,6,3,177539,6,11.0415,76.89911,Hopes College,Coimbatore,4160000,1209,6.77,Independent House
1831,1-5,4,5,2,117915,2,11.05002,76.91351,Ondipudur,Coimbatore,3790000,2070,5.91,Apartment
2328,10+,3,4,3,76280,5,11.19064,77.01167,RS Puram,Coimbatore,2700000,1160,20.27,Apartment
1096,10+,3,4,3,198663,4,11.07528,76.99887,Ganapathy,Coimbatore,2530000,2308,8.02,Builder Floor
1406,5-10,3,5,1,45318,5,10.99557,77.05243,Saibaba Colony,Coimbatore,3680000,2617,10.81,Independent House
1468,10+,3,6,1,91676,6,11.00757,77.02059,Kovaipudur,Coimbatore,3760000,2561,7.15,Independent House
2085,1-5,2,3,1,139899,3,10.99238,77.03955,Thudiyalur,Coimbatore,3800000,1823,9.54,Apartment
1103,10+,3,5,2,90889,4,10.92249,76.93823,Peelamedu,Coimbatore,2630000,2384,10.66,Builder Floor
967,0-1,2,4,2,80339,5,11.15619,77.12016,Vadavalli,Coimbatore,3180000,3289,23.7,Apartment
1848,0-1,3,5,2,142570,3,11.05615,76.95909,Singanallur,Coimbatore,4770000,2581,4.39,Independent House
2395,5-10,4,6,4,149029,3,11.02692,76.93578,Kovaipudur,Coimbatore,3740000,1562,2.46,Apartment
2083,10+,3,4,2,193902,3,10.98518,77.0334,Gandhipuram,Coimbatore,3390000,1627,9.17,Apartment
1777,0-1,3,4,2,117928,4,10.9344,76.95949,Peelamedu,Coimbatore,3590000,2020,9.17,Independent House
1887,1-5,3,4,1,112535,5,11.15067,76.90864,Ondipudur,Coimbatore,4270000,2263,15.75,Independent House
1800,0-1,2,3,1,137497,5,11.07193,76.90111,Kovaipudur,Coimbatore,3310000,1839,8.56,Apartment
2202,10+,3,4,3,168541,4,11.05168,77.02331,Podanur,Coimbatore,3480000,1580,8.33,Apartment
4942,1-5,3,5,2,112041,6,10.96141,76.90308,Kovaipudur,Coimbatore,6710000,1358,8.43,Villa
1866,0-1,2,5,1,201929,4,11.08944,76.96568,Singanallur,Coimbatore,3410000,1827,8.15,Builder Floor
1481,5-10,4,5,1,113370,2,11.02138,76.99232,Sulur,Coimbatore,3260000,2201,4.02,Apartment
1586,1-5,1,2,1,128436,4,11.00258,76.79621,RS Puram,Coimbatore,3710000,2339,17.49,Apartment
1149,1-5,3,5,1,131731,2,11.04159,76.85391,Podanur,Coimbatore,4370000,3803,11.46,Apartment
1930,1-5,3,4,3,106718,4,11.03429,76.92009,RS Puram,Coimbatore,3950000,2047,4.36,Builder Floor
3207,1-5,3,6,2,157059,4,10.86276,76.89589,Gandhipuram,Coimbatore,5400000,1684,18.33,Villa
1673,10+,4,5,4,161754,2,11.07977,76.93892,Ganapathy,Coimbatore,2990000,1787,7.24,Apartment
5056,10+,5,7,4,130474,5,10.8816,76.94165,Kuniyamuthur,Coimbatore,4800000,949,15.11,Villa
1559,1-5,2,4,2,104561,4,10.89195,77.10144,Hopes College,Coimbatore,3230000,2072,21.11,Apartment
4099,1-5,5,7,4,69679,3,11.00032,76.91001,Thudiyalur,Coimbatore,8490000,2071,5.32,Villa
636,10+,3,5,3,57781,4,10.95309,76.96923,Sowripalayam,Coimbatore,3030000,4764,7.23,Apartment
3568,0-1,0,0,0,85231,0,11.04159,77.00869,Thudiyalur,Coimbatore,2190000,614,6.4,Plot
1356,0-1,3,5,1,165091,5,11.06744,77.16042,Hopes College,Coimbatore,2790000,2058,23.03,Apartment
1096,1-5,4,5,2,132996,5,10.9801,76.93911,Kovaipudur,Coimbatore,4130000,3768,4.47,Builder Floor
3491,0-1,4,7,2,141953,4,11.06275,76.92658,Hopes College,Coimbatore,5640000,1616,6.02,Villa
1807,1-5,2,4,2,160350,3,11.06249,77.00088,Peelamedu,Coimbatore,3820000,2114,7.07,Apartment
2928,1-5,3,6,2,150884,3,11.10409,76.93254,Gandhipuram,Coimbatore,6950000,2374,10.03,Villa
702,5-10,4,7,3,170389,6,10.93586,77.02064,Ondipudur,Coimbatore,3680000,5242,11.45,Independent House
1903,10+,2,3,2,79586,5,11.00239,77.06552,Hopes College,Coimbatore,2890000,1519,12.08,Apartment
3983,5-10,0,0,0,101360,0,11.03081,76.87858,Sulur,Coimbatore,2010000,505,8.57,Plot
3498,1-5,5,6,3,83801,3,11.02066,76.8746,Sowripalayam,Coimbatore,4130000,1181,8.87,Independent House
1145,5-10,3,6,1,170267,3,10.96478,76.96796,Saibaba Colony,Coimbatore,3260000,2847,5.93,Builder Floor
1178,0-1,2,4,2,142325,4,11.11676,76.98949,Vadavalli,Coimbatore,2190000,1859,11.71,Apartment
5304,10+,5,8,2,90152,5,10.96232,76.83287,Peelamedu,Coimbatore,4200000,792,14.72,Villa
652,10+,1,2,1,186885,2,10.92835,77.02516,RS Puram,Coimbatore,3160000,4847,12.41,Apartment
5096,10+,5,7,2,115986,4,11.1338,76.97017,Saibaba Colony,Coimbatore,6240000,1224,13.1,Villa
1970,5-10,4,6,4,101123,3,11.02107,76.90225,Singanallur,Coimbatore,3590000,1822,5.86,Builder Floor
1202,1-5,4,6,1,81184,4,11.07777,76.91951,Sulur,Coimbatore,4090000,3403,7.85,Apartment
3665,5-10,4,6,3,198373,5,11.15419,77.08454,Peelamedu,Coimbatore,4220000,1151,20.75,Villa
1737,5-10,3,4,2,136434,2,10.99964,77.04527,Ganapathy,Coimbatore,3350000,1929,9.95,Apartment
1326,1-5,2,3,2,88917,4,10.86538,76.98072,Kovaipudur,Coimbatore,3810000,2873,17.06,Apartment
872,1-5,3,4,1,106231,2,11.00038,77.04528,Gandhipuram,Coimbatore,2830000,3245,9.94,Apartment
3199,5-10,4,6,2,92236,2,11.18648,76.93754,Sulur,Coimbatore,2690000,841,18.97,Independent House
2926,10+,4,5,2,117946,5,11.08367,76.98945,Sowripalayam,Coimbatore,4160000,1422,8.29,Independent House
2366,10+,3,4,2,191972,3,11.03348,77.00377,Singanallur,Coimbatore,3850000,1627,5.55,Apartment
1326,5-10,3,4,2,48748,4,10.92348,77.07956,Podanur,Coimbatore,2870000,2164,17.04,Apartment
1611,5-10,2,4,2,100841,4,11.12674,76.90567,Singanallur,Coimbatore,3380000,2098,13.39,Apartment
2298,0-1,0,0,0,130816,0,10.9634,77.01616,Podanur,Coimbatore,2340000,1018,8.87,Plot
1158,5-10,3,6,3,170660,3,11.11153,77.03869,Ondipudur,Coimbatore,2410000,2081,13.88,Builder Floor
1336,1-5,0,0,0,65396,0,11.16619,77.03652,Kovaipudur,Coimbatore,1360000,1018,18.8,Plot
1770,10+,0,0,0,82156,0,11.07563,76.96075,Hopes College,Coimbatore,1130000,638,6.56,Plot
1897,10+,2,4,1,100302,4,10.95386,76.89304,Vadavalli,Coimbatore,3330000,1755,9.79,Apartment
2405,1-5,4,6,4,78766,3,11.05213,76.92239,Kuniyamuthur,Coimbatore,7550000,3139,5.36,Villa
600,5-10,3,4,1,111497,5,10.96711,77.02479,Kuniyamuthur,Coimbatore,3450000,5750,9.34,Apartment
1424,0-1,5,8,1,180810,2,11.05371,77.05988,Peelamedu,Coimbatore,5100000,3581,12.08,Independent House
2596,5-10,2,4,2,143022,2,10.98361,77.00728,Thudiyalur,Coimbatore,4490000,1730,6.72,Independent House
3175,10+,3,5,2,198253,3,11.10118,76.95292,RS Puram,Coimbatore,2860000,901,9.39,Independent House
2969,0-1,4,7,4,121484,4,11.17825,76.97424,Sulur,Coimbatore,6460000,2176,18.06,Villa
1757,5-10,1,3,1,179167,4,11.17486,76.8691,Hopes College,Coimbatore,2980000,1696,19.96,Apartment
1421,1-5,2,5,1,178654,4,10.97027,76.83486,Kovaipudur,Coimbatore,3820000,2688,14.18,Independent House
3406,10+,2,5,2,114704,2,10.98961,76.88504,RS Puram,Coimbatore,2840000,834,8.29,Independent House
775,5-10,4,5,2,95844,4,11.05569,76.92978,Kuniyamuthur,Coimbatore,4020000,5187,5.17,Apartment
1789,10+,2,4,2,92044,4,11.0315,76.92265,Sowripalayam,Coimbatore,3700000,2068,3.97,Independent House
3946,10+,4,6,3,142040,5,10.91326,76.94907,RS Puram,Coimbatore,5480000,1389,11.54,Villa
824,5-10,2,5,1,157689,6,11.07051,77.0501,Kuniyamuthur,Coimbatore,2970000,3604,11.9,Independent House
3107,5-10,3,5,1,15772,3,11.07971,76.91104,Thudiyalur,Coimbatore,4130000,1329,8.53,Independent House
3513,1-5,5,8,4,105926,5,10.9406,76.98152,Ondipudur,Coimbatore,7010000,1995,8.93,Villa
2837,1-5,3,4,1,57710,4,11.02512,76.98099,Sulur,Coimbatore,5830000,2055,2.9,Independent House
989,10+,3,4,3,113136,4,11.04344,76.94004,RS Puram,Coimbatore,2680000,2710,3.43,Apartment
826,5-10,1,2,1,99688,4,11.00488,76.99649,Vadavalli,Coimbatore,2970000,3596,4.63,Apartment
1028,10+,0,0,0,134145,0,11.06757,76.94668,Sowripalayam,Coimbatore,1680000,1634,5.73,Plot
1163,10+,5,8,5,116221,5,11.15368,76.99772,Ondipudur,Coimbatore,2570000,2210,15.89,Builder Floor
2786,1-5,3,5,3,122308,3,10.96953,76.9498,RS Puram,Coimbatore,4640000,1665,5.3,Independent House
2355,10+,3,4,1,72118,3,11.08534,76.98764,Hopes College,Coimbatore,3850000,1635,8.38,Apartment
1977,1-5,3,5,1,48432,5,10.98209,77.09357,RS Puram,Coimbatore,2720000,1376,15.53,Apartment
874,0-1,3,4,2,140856,6,11.02767,76.9516,Sulur,Coimbatore,5790000,6625,1.29,Independent House
3769,10+,0,0,0,122732,0,11.02278,77.0386,Vadavalli,Coimbatore,1820000,483,9.06,Plot
775,5-10,1,3,1,38298,4,10.98609,76.97198,Thudiyalur,Coimbatore,3570000,4606,3.84,Apartment
1060,1-5,3,4,2,121059,4,11.05794,77.05095,Gandhipuram,Coimbatore,3880000,3660,11.35,Apartment
1439,0-1,4,5,1,187983,5,10.96988,76.94093,Ondipudur,Coimbatore,3820000,2655,5.46,Builder Floor
3332,1-5,2,3,1,41358,4,11.064,77.01672,Ganapathy,Coimbatore,4840000,1453,8.47,Independent House
2159,1-5,0,0,0,175061,0,11.01915,76.86314,Sulur,Coimbatore,2210000,1024,10.12,Plot
2469,1-5,4,6,1,133638,4,11.17756,77.01832,Saibaba Colony,Coimbatore,3630000,1470,19.13,Apartment
1505,5-10,1,2,1,131421,2,10.92563,77.08418,RS Puram,Coimbatore,2750000,1827,17.3,Apartment
1328,0-1,2,4,1,161252,5,10.95432,76.97659,Sulur,Coimbatore,5230000,3938,7.31,Independent House
1930,0-1,4,6,1,169775,5,11.16354,77.00367,Vadavalli,Coimbatore,4470000,2316,17.13,Apartment
1484,0-1,3,5,3,134608,3,11.04189,77.00908,Singanallur,Coimbatore,5610000,3780,6.45,Apartment
2221,1-5,3,5,1,86513,3,10.90027,77.10507,Saibaba Colony,Coimbatore,2960000,1333,20.82,Apartment
1531,5-10,1,2,1,132170,5,10.93583,77.12345,Sulur,Coimbatore,3010000,1966,20.4,Apartment
461,0-1,3,4,1,110329,2,10.90678,76.94148,RS Puram,Coimbatore,4330000,9393,12.33,Apartment
2780,5-10,3,5,2,116334,5,10.908,77.05402,Gandhipuram,Coimbatore,5760000,2072,16.17,Villa
1996,5-10,3,5,1,132460,4,11.09532,76.97779,Vadavalli,Coimbatore,3610000,1809,9.05,Builder Floor
1047,10+,3,4,2,74717,2,10.90555,76.84003,Ondipudur,Coimbatore,2220000,2120,17.68,Apartment
876,5-10,2,3,1,120956,4,10.81697,76.98084,Sowripalayam,Coimbatore,2830000,3231,22.39,Independent House
3307,1-5,5,6,3,135448,5,10.81168,76.94797,Saibaba Colony,Coimbatore,3860000,1167,22.82,Independent House
1563,0-1,3,5,1,125870,4,11.10389,76.97256,Kovaipudur,Coimbatore,3530000,2258,9.86,Apartment
1395,5-10,0,0,0,118760,0,10.92652,77.02229,Sulur,Coimbatore,1330000,953,12.39,Plot
1565,1-5,0,0,0,123705,0,11.0371,76.88402,Hopes College,Coimbatore,1430000,914,8.15,Plot
695,10+,2,3,2,120039,2,11.07151,77.02667,Saibaba Colony,Coimbatore,2370000,3410,9.84,Apartment
1661,1-5,1,3,1,145310,4,10.96871,77.04907,Singanallur,Coimbatore,3510000,2113,11.5,Apartment
1147,10+,3,4,1,236645,2,11.03038,76.88204,Saibaba Colony,Coimbatore,3730000,3252,8.19,Independent House
2132,1-5,2,4,2,116087,2,10.90105,77.0565,Sulur,Coimbatore,3290000,1543,16.93,Apartment
2329,1-5,2,3,2,156484,4,11.1347,77.02557,Peelamedu,Coimbatore,4130000,1773,15.16,Apartment
4433,5-10,4,6,3,143801,5,11.09246,77.05042,Singanallur,Coimbatore,5790000,1306,13.32,Villa
1956,10+,2,4,1,87446,2,11.05982,76.98031,Singanallur,Coimbatore,3110000,1590,5.48,Apartment
1140,5-10,1,3,1,96080,4,11.08588,76.96952,Gandhipuram,Coimbatore,3060000,2684,7.83,Apartment
3097,0-1,5,6,3,77609,6,10.97172,76.95315,Sowripalayam,Coimbatore,5310000,1715,5.02,Independent House
1452,0-1,2,3,1,61119,4,11.12252,76.86663,Saibaba Colony,Coimbatore,4060000,2796,15.26,Apartment
948,10+,0,0,0,77213,0,11.02979,76.87121,Saibaba Colony,Coimbatore,1380000,1456,9.34,Plot
2275,1-5,2,4,2,167035,2,11.0289,77.11285,Vadavalli,Coimbatore,3580000,1574,17.19,Apartment
1467,5-10,3,6,3,160800,6,11.08302,77.03334,RS Puram,Coimbatore,3140000,2140,11.22,Independent House
3263,1-5,0,0,0,155852,0,11.12697,77.0374,Saibaba Colony,Coimbatore,1910000,585,15.14,Plot
1007,5-10,3,6,1,172722,4,11.01749,76.98227,Ondipudur,Coimbatore,4230000,4201,2.89,Builder Floor
4953,1-5,4,6,2,83548,4,11.03121,76.93397,Saibaba Colony,Coimbatore,8200000,1656,2.87,Villa
1599,1-5,4,6,1,155306,4,11.15339,76.89413,Ondipudur,Coimbatore,3650000,2283,16.61,Apartment
1410,10+,2,5,2,97535,5,11.14069,76.98142,Saibaba Colony,Coimbatore,3110000,2206,14.06,Independent House
1005,10+,2,3,2,114142,3,11.03794,76.95257,Kovaipudur,Coimbatore,3290000,3274,2.38,Independent House
1749,10+,2,4,2,74127,4,10.03547,78.10638,Thirumangalam,Madurai,2290000,1309,12.35,Apartment
1595,1-5,3,5,1,102975,3,9.94726,78.09337,Palanganatham,Madurai,2620000,1643,3.79,Builder Floor
1170,5-10,5,7,2,69430,3,9.92917,78.19954,Bypass Road,Madurai,2960000,2530,8.75,Independent House
4835,10+,4,7,4,68340,4,9.92689,78.14917,Thirumangalam,Madurai,4110000,850,3.22,Villa
3150,5-10,3,5,2,32243,5,9.98536,78.05466,Mattuthavani,Madurai,3050000,968,9.78,Independent House
1941,1-5,4,5,2,76797,4,10.08741,78.12007,Avaniyapuram,Madurai,2370000,1221,18.04,Apartment
1436,0-1,2,3,1,32098,5,9.98317,78.15568,Anna Nagar,Madurai,2950000,2054,7.55,Apartment
2356,1-5,3,4,1,82977,3,9.77005,78.191,KK Nagar,Madurai,2160000,917,18.93,Apartment
2258,1-5,0,0,0,132967,0,9.81775,78.08815,Villapuram,Madurai,1600000,709,12.44,Plot
2177,5-10,1,3,1,103157,4,9.72815,78.05567,Anna Nagar,Madurai,1980000,910,23.01,Apartment
3632,1-5,4,7,3,111521,6,10.01184,78.03369,KK Nagar,Madurai,5010000,1379,13.48,Villa
1124,0-1,3,4,3,116128,2,9.88102,78.03203,Thirumangalam,Madurai,3080000,2740,10.8,Apartment
2270,1-5,3,4,2,77133,5,9.80769,78.09241,KK Nagar,Madurai,2390000,1053,13.41,Apartment
3200,10+,3,6,2,88698,5,9.83833,78.09498,Palanganatham,Madurai,2810000,878,10.03,Independent House
717,1-5,3,4,1,77674,2,9.94064,78.19697,Palanganatham,Madurai,3320000,4630,8.62,Apartment
1419,0-1,2,4,1,68453,4,10.00678,77.9303,Melur Road,Madurai,2460000,1734,22.65,Apartment
1739,10+,2,4,1,65523,4,9.85698,78.16479,Thirumangalam,Madurai,2700000,1553,9.05,Apartment
1195,1-5,4,6,3,110491,5,9.92019,78.07757,Melur Road,Madurai,3250000,2720,4.66,Apartment
2059,1-5,1,2,1,111514,5,9.97538,78.20874,Anna Nagar,Madurai,2660000,1292,11.23,Apartment
1819,5-10,2,4,1,61929,6,9.86324,78.0889,Villapuram,Madurai,3190000,1754,7.68,Independent House
1053,10+,4,6,3,61914,6,9.82846,78.12434,Mattuthavani,Madurai,2170000,2061,10.77,Builder Floor
2911,1-5,0,0,0,101125,0,9.76325,78.10407,Villapuram,Madurai,1200000,412,18.09,Plot
1896,1-5,2,3,2,65807,2,9.85087,78.02908,Palanganatham,Madurai,3180000,1677,12.93,Apartment
566,10+,2,3,2,114760,4,9.93528,78.18204,Anna Nagar,Madurai,2450000,4329,6.91,Apartment
2825,5-10,4,7,3,68802,3,9.98045,78.03282,Villapuram,Madurai,3700000,1310,11.34,Villa
572,10+,2,3,2,47928,3,9.81111,78.08197,Mattuthavani,Madurai,2430000,4248,13.35,Apartment
558,1-5,3,4,2,108479,5,9.93942,78.10092,Bypass Road,Madurai,3130000,5609,2.6,Apartment
734,5-10,1,3,1,86121,5,9.89064,78.26441,Mattuthavani,Madurai,2190000,2984,16.3,Apartment
3320,1-5,4,6,4,108191,4,9.83693,78.08033,Anna Nagar,Madurai,3210000,967,10.73,Independent House
1588,5-10,3,4,3,96669,3,9.78657,78.27189,Villapuram,Madurai,2460000,1549,22.7,Apartment
1804,1-5,1,3,1,85364,5,9.76686,78.10794,Mattuthavani,Madurai,2900000,1608,17.65,Apartment
3194,1-5,0,0,0,81660,0,9.89323,78.05481,Avaniyapuram,Madurai,1540000,482,7.96,Plot
652,5-10,4,6,2,34182,4,9.82385,78.15489,Mattuthavani,Madurai,2600000,3988,11.91,Independent House
2469,5-10,2,3,1,88943,4,9.85298,78.18454,KK Nagar,Madurai,2660000,1077,10.71,Apartment
1749,5-10,4,5,2,91210,4,10.13997,78.18437,Mattuthavani,Madurai,2280000,1304,24.91,Independent House
1073,0-1,2,4,1,83706,3,9.90721,78.19969,Mattuthavani,Madurai,3260000,3038,8.98,Apartment
1474,10+,1,2,1,109836,5,9.98644,78.02791,Bypass Road,Madurai,2690000,1825,12.15,Apartment
914,1-5,3,6,3,59651,4,9.90791,78.03848,Tallakulam,Madurai,3380000,3698,9.11,Independent House
2230,1-5,3,5,1,71888,2,10.00173,78.0081,Tallakulam,Madurai,2370000,1063,14.9,Apartment
1875,1-5,1,3,1,81651,2,9.8098,78.129,Anna Nagar,Madurai,2670000,1424,12.87,Apartment
1285,5-10,1,3,1,85455,4,10.01647,78.02544,Avaniyapuram,Madurai,2550000,1984,14.48,Apartment
1878,5-10,4,7,4,68705,6,9.89677,78.23878,Palanganatham,Madurai,2620000,1395,13.41,Builder Floor
961,5-10,3,5,2,62952,4,9.77883,78.16908,Mattuthavani,Madurai,2100000,2185,17.15,Apartment
1540,5-10,2,5,1,86145,2,9.85432,78.09319,Bypass Road,Madurai,2610000,1695,8.4,Independent House
1914,1-5,4,6,2,61329,6,10.00184,78.17288,Palanganatham,Madurai,3800000,1985,10.32,Independent House
2989,10+,5,8,3,83827,6,9.98907,78.13385,Palanganatham,Madurai,4030000,1348,7.27,Villa
1198,10+,1,2,1,131883,5,9.97065,78.06412,Melur Road,Madurai,2600000,2170,7.92,Apartment
1316,10+,3,4,2,80599,5,9.9234,78.22834,Avaniyapuram,Madurai,2190000,1664,11.89,Apartment
857,1-5,0,0,0,90529,0,9.99684,77.98057,Melur Road,Madurai,1120000,1307,17.2,Plot
1771,5-10,3,4,2,71486,2,10.03997,78.09437,Mattuthavani,Madurai,2750000,1553,13.06,Apartment
1762,1-5,2,3,2,85141,3,9.88289,78.08045,Avaniyapuram,Madurai,3390000,1924,6.38,Apartment
789,0-1,4,5,4,86225,6,9.97451,78.15381,Bypass Road,Madurai,3510000,4449,6.63,Independent House
3594,5-10,5,8,2,67937,4,9.91655,78.20877,Palanganatham,Madurai,4300000,1196,9.79,Villa
1375,5-10,0,0,0,103588,0,10.04321,78.10433,Anna Nagar,Madurai,1220000,887,13.23,Plot
1172,10+,2,4,1,58922,2,9.92239,78.07893,Avaniyapuram,Madurai,2420000,2065,4.49,Independent House
1645,10+,3,4,2,96703,6,10.09905,77.9352,Palanganatham,Madurai,1440000,875,27.97,Builder Floor
1411,1-5,2,4,1,62008,4,9.8548,78.14133,Anna Nagar,Madurai,2650000,1878,8.18,Apartment
2545,1-5,4,5,4,61546,5,9.78397,78.25908,Melur Road,Madurai,2990000,1175,21.9,Independent House
1646,10+,2,4,2,29781,4,9.77613,78.20122,Tallakulam,Madurai,2400000,1458,18.82,Apartment
1168,0-1,2,3,2,60563,5,9.90568,78.20983,Villapuram,Madurai,2970000,2543,10.1,Apartment
918,5-10,2,4,2,70934,5,9.89846,78.17682,Villapuram,Madurai,2560000,2789,6.92,Apartment
1982,1-5,3,4,3,91693,3,9.70882,78.11224,Palanganatham,Madurai,2070000,1044,24.07,Apartment
2615,10+,2,4,2,107596,2,9.96943,78.04487,Mattuthavani,Madurai,2660000,1017,9.57,Independent House
3177,1-5,0,0,0,119467,0,9.86111,78.17048,Melur Road,Madurai,1750000,551,9.03,Plot
752,1-5,2,4,1,97042,5,9.89271,77.9927,Avaniyapuram,Madurai,3020000,4016,14.38,Independent House
2361,1-5,2,3,2,115273,5,10.04558,78.12944,Mattuthavani,Madurai,3120000,1321,13.43,Apartment
1004,10+,3,4,2,70301,2,9.93236,78.12518,Thirumangalam,Madurai,1850000,1843,0.99,Builder Floor
3276,10+,2,4,2,86617,6,9.94234,78.16411,Avaniyapuram,Madurai,3330000,1016,5.21,Independent House
784,10+,4,5,4,129318,2,9.83576,78.21288,Thirumangalam,Madurai,2050000,2615,14.24,Apartment
2436,1-5,3,4,3,84082,5,10.02252,77.92839,Palanganatham,Madurai,2090000,858,23.59,Apartment
1651,1-5,4,6,2,117920,2,9.83424,78.13993,Bypass Road,Madurai,3130000,1896,10.35,Apartment
3430,1-5,4,6,4,90545,3,9.95187,77.92038,Melur Road,Madurai,4080000,1190,22.04,Villa
3672,1-5,0,0,0,111916,0,10.03766,78.15854,Mattuthavani,Madurai,1580000,430,13.21,Plot
1038,1-5,4,6,1,107810,3,9.92328,78.05347,Thirumangalam,Madurai,2840000,2736,7.27,Apartment
3167,1-5,2,5,2,84677,4,9.85471,78.02428,Palanganatham,Madurai,2680000,846,13.07,Independent House
2344,5-10,4,6,3,56457,5,9.95289,78.15916,Thirumangalam,Madurai,2570000,1096,5.3,Independent House
2361,10+,0,0,0,71612,0,10.05732,78.11828,Mattuthavani,Madurai,1130000,479,14.69,Plot
1259,10+,4,5,2,149976,3,9.99497,78.14572,Melur Road,Madurai,2400000,1906,8.26,Apartment
1835,5-10,4,5,4,116363,2,9.94704,78.21116,Anna Nagar,Madurai,2050000,1117,10.3,Builder Floor
3433,10+,4,6,4,56529,5,9.79552,78.06397,Mattuthavani,Madurai,2820000,821,15.66,Villa
888,1-5,1,3,1,79857,3,9.9462,77.98345,Villapuram,Madurai,2170000,2444,15.12,Apartment
3424,1-5,2,4,1,87501,4,9.85821,77.95125,KK Nagar,Madurai,2890000,844,19.91,Independent House
1544,1-5,1,3,1,76906,2,9.80556,78.11882,Tallakulam,Madurai,2900000,1878,13.3,Apartment
500,0-1,2,3,2,73867,5,9.99945,77.97816,Anna Nagar,Madurai,2480000,4960,17.57,Apartment
1405,10+,3,4,1,90603,5,10.12759,78.04031,Melur Road,Madurai,1860000,1324,24.13,Builder Floor
4102,10+,5,8,4,108973,5,9.93322,78.30124,Melur Road,Madurai,3550000,865,19.89,Villa
2859,5-10,5,7,4,53624,3,9.96804,78.19568,Bypass Road,Madurai,3990000,1396,9.58,Villa
908,1-5,3,4,2,135679,4,9.92894,78.23164,Melur Road,Madurai,2910000,3205,12.26,Builder Floor
5726,0-1,4,6,4,117299,5,9.84953,78.05801,Thirumangalam,Madurai,6380000,1114,10.8,Villa
1458,1-5,2,3,1,115563,3,9.97192,78.15881,Avaniyapuram,Madurai,3100000,2126,6.73,Apartment
990,1-5,2,3,1,33034,4,9.86886,78.13165,Mattuthavani,Madurai,3520000,3556,6.4,Apartment
2209,1-5,3,5,3,118857,3,9.84538,78.22144,Thirumangalam,Madurai,2360000,1068,14.24,Apartment
2427,1-5,1,3,1,152889,2,9.8986,78.11718,Tallakulam,Madurai,3490000,1438,2.97,Apartment
2484,10+,2,4,2,113732,4,9.62947,78.12582,Villapuram,Madurai,1520000,612,32.89,Apartment
1160,5-10,3,4,3,125099,3,9.93461,77.99911,Avaniyapuram,Madurai,2700000,2328,13.26,Apartment
1808,1-5,3,6,2,108496,3,9.86275,78.20692,Palanganatham,Madurai,2280000,1261,11.8,Independent House
1083,5-10,2,3,1,115040,4,9.85914,78.01967,Melur Road,Madurai,2230000,2059,13.2,Apartment
3604,1-5,0,0,0,95267,0,9.93294,78.07233,Palanganatham,Madurai,1850000,513,5.27,Plot
787,5-10,2,4,2,141624,6,9.88418,78.13407,Bypass Road,Madurai,3450000,4384,4.82,Independent House
4262,10+,5,7,2,54483,6,9.976,78.08025,Thirumangalam,Madurai,5060000,1187,7.12,Villa
1133,10+,2,3,1,56137,4,9.85017,78.17867,Tallakulam,Madurai,2090000,1845,10.54,Apartment
1269,0-1,1,2,1,79133,4,9.93281,78.18766,Anna Nagar,Madurai,2710000,2136,7.48,Apartment
1116,1-5,2,3,1,77807,4,9.90285,78.11952,Melur Road,Madurai,2870000,2572,2.49,Apartment
1842,5-10,3,5,1,83289,3,9.97262,78.23331,Villapuram,Madurai,2810000,1526,13.5,Independent House
2890,10+,0,0,0,138722,0,9.88308,78.14521,Anna Nagar,Madurai,1330000,460,5.45,Plot
670,10+,2,3,2,77860,3,9.83264,78.1456,Mattuthavani,Madurai,2090000,3119,10.67,Apartment
3105,1-5,4,7,2,102441,6,9.79949,78.04521,Villapuram,Madurai,2510000,808,16.19,Independent House
1149,1-5,3,5,1,73401,3,9.92617,78.11237,Thirumangalam,Madurai,3560000,3098,0.82,Apartment
4198,10+,4,7,3,116107,5,9.95605,78.1303,Bypass Road,Madurai,5500000,1310,3.62,Villa
2803,1-5,4,5,3,83360,4,9.91464,78.05674,Avaniyapuram,Madurai,4230000,1509,7.01,Independent House
2401,1-5,2,3,2,75495,5,9.80426,78.1626,Tallakulam,Madurai,3230000,1345,14.24,Apartment
781,5-10,2,3,1,98542,5,10.06675,78.13576,Villapuram,Madurai,2140000,2740,15.84,Apartment
2117,1-5,1,2,1,92771,3,9.8692,78.1019,Melur Road,Madurai,3070000,1450,6.53,Apartment
720,0-1,4,6,2,64151,6,9.90422,78.13577,Tallakulam,Madurai,3300000,4583,2.92,Independent House
5939,0-1,5,8,2,84311,4,9.91151,78.21959,Tallakulam,Madurai,5060000,852,11.04,Villa
2352,1-5,2,4,2,71701,3,9.90135,77.98761,KK Nagar,Madurai,2670000,1135,14.72,Apartment
1907,10+,2,4,2,101096,4,9.98313,77.97794,Avaniyapuram,Madurai,1980000,1038,16.82,Builder Floor
2092,0-1,2,3,2,98243,4,9.79305,78.10069,Melur Road,Madurai,2890000,1381,14.84,Independent House
5179,5-10,3,6,4,79742,6,9.99144,78.17592,Melur Road,Madurai,5870000,1133,9.59,Villa
4406,0-1,4,6,3,113328,4,10.00595,78.14832,Palanganatham,Madurai,5560000,1262,9.51,Villa
3299,1-5,2,4,1,81751,3,10.04961,78.12881,Thirumangalam,Madurai,3770000,1143,13.87,Independent House
3459,5-10,3,6,1,87788,5,9.94133,78.12771,Bypass Road,Madurai,4000000,1156,1.99,Independent House
2764,5-10,5,6,1,42920,5,9.9505,78.16516,Anna Nagar,Madurai,3330000,1205,5.71,Independent House
5847,1-5,5,8,3,136970,4,9.91551,78.23488,Anna Nagar,Madurai,5400000,924,12.65,Villa
726,10+,3,5,2,55310,3,9.94711,77.90472,Tallakulam,Madurai,1680000,2314,23.68,Apartment
1134,5-10,1,3,1,89496,4,9.87275,78.03624,Mattuthavani,Madurai,2070000,1825,10.85,Apartment
2030,1-5,2,4,1,127021,5,9.90464,78.142,Mattuthavani,Madurai,4000000,1970,3.34,Apartment
2561,0-1,3,4,3,118531,3,9.98112,78.06948,Palanganatham,Madurai,4070000,1589,8.31,Independent House
1377,10+,3,5,3,104284,5,9.86695,78.0357,Tallakulam,Madurai,1900000,1380,11.26,Builder Floor
1500,10+,1,3,1,59129,5,9.92676,78.02311,Villapuram,Madurai,2190000,1460,10.59,Apartment
668,10+,5,8,5,101703,4,10.00675,78.17203,Tallakulam,Madurai,1830000,2740,10.72,Independent House
3289,5-10,3,5,1,114433,4,9.98689,78.06595,Tallakulam,Madurai,3080000,936,9.05,Independent House
1144,10+,1,3,1,83783,4,9.86321,78.17753,Bypass Road,Madurai,2010000,1757,9.35,Apartment
2798,5-10,5,8,2,85792,3,10.01238,78.2056,KK Nagar,Madurai,4120000,1472,13.5,Villa
3050,1-5,3,5,4,112373,3,9.85923,78.0351,Thirumangalam,Madurai,4410000,1446,11.83,Villa
3157,10+,4,7,2,96046,4,9.84515,78.07765,Tallakulam,Madurai,3040000,963,10.03,Villa
2122,10+,3,4,2,122999,5,9.92816,78.12954,Thirumangalam,Madurai,3270000,1541,1.12,Apartment
2427,5-10,3,6,1,90830,2,9.81515,78.08191,Melur Road,Madurai,2720000,1121,12.92,Independent House
788,1-5,3,5,2,55048,3,9.85997,78.021,Villapuram,Madurai,2410000,3058,13.03,Apartment
2378,5-10,0,0,0,55326,0,9.96151,78.26025,Avaniyapuram,Madurai,1110000,467,15.9,Plot
1579,0-1,5,8,3,106089,3,9.94886,78.11975,Avaniyapuram,Madurai,4260000,2698,2.63,Independent House
1875,1-5,3,5,1,125121,3,10.06344,78.08225,Anna Nagar,Madurai,2320000,1237,15.91,Apartment
2205,5-10,3,4,1,81557,3,9.73946,78.07557,Bypass Road,Madurai,1960000,889,21.21,Apartment
1571,10+,3,4,3,85756,4,9.96773,78.15633,Thirumangalam,Madurai,2490000,1585,6.19,Apartment
553,5-10,2,4,1,112037,3,9.96871,78.16241,Tallakulam,Madurai,2300000,4159,6.72,Apartment
1576,10+,3,5,1,111114,3,9.989,78.23949,KK Nagar,Madurai,1880000,1193,14.91,Apartment
1453,0-1,3,5,3,41558,4,10.00253,78.05728,Avaniyapuram,Madurai,3530000,2429,10.99,Independent House
920,0-1,4,5,4,69141,2,9.90423,78.11025,Mattuthavani,Madurai,3690000,4011,2.56,Independent House
1482,0-1,0,0,0,48986,0,9.88322,78.15144,Tallakulam,Madurai,1930000,1302,5.81,Plot
3452,1-5,0,0,0,77633,0,9.86683,78.19519,Bypass Road,Madurai,1670000,484,10.5,Plot
2671,1-5,2,4,2,90965,3,9.96606,77.99255,Bypass Road,Madurai,3040000,1138,14.66,Independent House
1229,1-5,2,4,1,99940,3,9.94698,78.13625,Mattuthavani,Madurai,3560000,2897,3.02,Apartment
3441,10+,5,7,2,141802,3,9.91757,78.25823,KK Nagar,Madurai,3490000,1014,15.19,Villa
1994,0-1,2,3,2,151303,2,9.89638,78.1696,Anna Nagar,Madurai,3370000,1690,6.33,Apartment
602,5-10,2,4,1,151544,3,9.9153,78.08998,Villapuram,Madurai,2560000,4252,3.45,Apartment
576,0-1,1,2,1,114542,2,9.97557,78.12489,KK Nagar,Madurai,2960000,5139,5.63,Apartment
1425,1-5,3,6,3,74732,4,10.06783,78.10001,Villapuram,Madurai,2110000,1481,16.01,Independent House
596,1-5,3,4,3,115493,4,10.00647,78.08753,KK Nagar,Madurai,2580000,4329,9.7,Apartment
2390,5-10,3,4,3,111462,2,9.91589,78.07977,KK Nagar,Madurai,3460000,1448,4.51,Apartment
598,5-10,3,4,2,99236,5,9.98358,78.01677,KK Nagar,Madurai,2910000,4866,13.02,Apartment
1199,10+,3,6,3,61254,3,9.99362,78.14094,Mattuthavani,Madurai,3010000,2510,7.95,Independent House
479,1-5,2,3,2,83000,2,10.003,78.18962,Mattuthavani,Madurai,2330000,4864,11.55,Apartment
3588,5-10,4,7,3,70160,4,9.68508,78.17712,Melur Road,Madurai,2640000,736,27.43,Villa
1462,5-10,2,4,1,107888,5,10.04351,78.12802,Mattuthavani,Madurai,2220000,1518,13.19,Apartment
2374,10+,3,5,1,67144,3,9.73363,78.05488,Anna Nagar,Madurai,2010000,847,22.46,Apartment
2600,1-5,0,0,0,81316,0,9.90647,77.97731,Palanganatham,Madurai,1600000,615,15.75,Plot
1037,5-10,1,2,1,88811,2,9.91489,78.07907,Anna Nagar,Madurai,2680000,2584,4.61,Apartment
2139,0-1,3,4,2,54549,4,9.8779,78.16477,KK Nagar,Madurai,3820000,1786,7.21,Independent House
3261,5-10,5,6,2,86044,5,9.97458,78.12103,Thirumangalam,Madurai,3460000,1061,5.49,Independent House
1637,1-5,3,5,1,126509,4,9.85636,78.04877,Bypass Road,Madurai,2240000,1368,10.91,Apartment
1654,1-5,2,4,1,35297,3,9.85531,78.24336,Avaniyapuram,Madurai,2560000,1548,15.61,Apartment
1256,0-1,2,4,1,83455,4,9.73591,78.03821,Anna Nagar,Madurai,2670000,2126,22.87,Apartment
1917,1-5,2,3,1,74533,5,9.92951,78.19488,Tallakulam,Madurai,3480000,1815,8.24,Apartment
1473,1-5,3,4,2,71065,3,9.92519,78.20953,Avaniyapuram,Madurai,2610000,1772,9.83,Apartment
1140,5-10,3,4,2,146646,3,10.02295,78.16287,Villapuram,Madurai,2940000,2579,11.85,Apartment
653,10+,4,7,2,117854,4,9.95797,78.07204,Villapuram,Madurai,2150000,3292,6.37,Independent House
3300,10+,4,6,4,101648,6,9.82029,77.9353,Melur Road,Madurai,2350000,712,23.34,Independent House
1762,1-5,2,3,1,113841,5,10.05127,78.11598,KK Nagar,Madurai,3160000,1793,14.02,Apartment
1145,10+,2,4,2,81913,2,10.01174,78.08076,KK Nagar,Madurai,1910000,1668,10.53,Apartment
1255,0-1,2,3,2,100061,2,10.02779,78.35765,Tallakulam,Madurai,2090000,1665,28.44,Apartment
1511,5-10,1,2,1,163178,5,9.90685,78.13179,KK Nagar,Madurai,3140000,2078,2.43,Apartment
1598,1-5,3,5,2,108388,2,9.90977,78.1586,Anna Nagar,Madurai,3530000,2209,4.58,Apartment
1051,5-10,1,3,1,98785,4,9.90689,78.12334,Mattuthavani,Madurai,3070000,2921,2.07,Apartment
2489,5-10,3,5,2,38970,5,9.75253,78.06935,Bypass Road,Madurai,2620000,1053,19.98,Apartment
3986,1-5,0,0,0,82158,0,9.84702,78.25887,Anna Nagar,Madurai,1490000,374,17.54,Plot
3328,5-10,0,0,0,136275,0,9.89073,78.22829,Avaniyapuram,Madurai,1390000,418,12.49,Plot
2363,1-5,2,3,1,106384,5,9.92123,78.20761,Avaniyapuram,Madurai,3410000,1443,9.63,Apartment
990,1-5,3,5,2,102206,2,9.81554,78.21539,Bypass Road,Madurai,2140000,2162,16.07,Apartment
5858,5-10,4,7,3,109101,5,9.91236,78.07538,Thirumangalam,Madurai,4850000,828,5.07,Villa
2685,1-5,2,4,2,76656,4,9.85913,78.07411,Mattuthavani,Madurai,3570000,1330,8.89,Independent House
2126,5-10,0,0,0,22793,0,9.81067,78.1498,Mattuthavani,Madurai,1160000,546,13.15,Plot
1339,0-1,0,0,0,63002,0,9.90971,78.17937,Mattuthavani,Madurai,2040000,1524,6.75,Plot
1756,5-10,1,2,1,101812,2,9.98483,78.10037,KK Nagar,Madurai,2290000,1304,6.96,Apartment
1838,1-5,1,3,1,99726,2,9.90762,78.0942,KK Nagar,Madurai,3520000,1915,3.42,Apartment
1829,10+,2,3,1,48885,3,10.77842,78.63672,Srirangam,Tiruchirappalli,2140000,1170,7.55,Apartment
5080,5-10,3,6,2,119172,3,10.89239,78.64127,Mannarpuram,Tiruchirappalli,3960000,780,13.28,Villa
1988,0-1,4,5,2,82293,4,10.81428,78.66751,Thillai Nagar,Tiruchirappalli,3740000,1881,4.85,Apartment
1542,1-5,5,7,3,79706,4,10.67724,78.80878,Thillai Nagar,Tiruchirappalli,3110000,2017,16.97,Independent House
963,10+,3,4,2,113280,2,10.89693,78.69505,Srirangam,Tiruchirappalli,2280000,2368,11.88,Apartment
757,10+,2,5,1,104935,5,10.82161,78.61079,Thillai Nagar,Tiruchirappalli,2570000,3395,10.82,Independent House
3402,0-1,2,3,2,121928,6,10.77353,78.74808,Srirangam,Tiruchirappalli,4080000,1199,5.1,Independent House
2892,10+,0,0,0,92630,0,10.73537,78.74212,Kattur,Tiruchirappalli,1330000,460,7.37,Plot
1469,0-1,5,6,4,70552,4,10.76505,78.75276,KK Nagar,Tiruchirappalli,4380000,2982,5.96,Independent House
2085,10+,4,5,3,75141,6,10.77171,78.69947,Mannarpuram,Tiruchirappalli,2520000,1209,2.17,Independent House
1378,0-1,2,3,2,97733,4,10.63273,78.72774,Woraiyur,Tiruchirappalli,2410000,1749,17.72,Apartment
1129,10+,3,5,2,78105,4,10.86857,78.70541,Puthur,Tiruchirappalli,1650000,1461,8.68,Builder Floor
1705,1-5,3,5,3,68923,3,10.82208,78.6861,KK Nagar,Tiruchirappalli,3710000,2176,4.06,Apartment
1235,1-5,2,4,1,125733,5,10.81441,78.64229,KK Nagar,Tiruchirappalli,3100000,2510,7.32,Apartment
1246,5-10,3,5,2,87180,5,10.80979,78.56641,Srirangam,Tiruchirappalli,1950000,1565,15.26,Independent House
1098,1-5,2,4,1,91073,3,10.7414,78.87921,KK Nagar,Tiruchirappalli,2230000,2031,19.83,Independent House
4403,0-1,5,8,3,100568,6,10.82723,78.68113,Ariyamangalam,Tiruchirappalli,4880000,1108,4.83,Villa
1435,10+,4,7,3,68836,3,10.78744,78.61971,Puthur,Tiruchirappalli,2380000,1659,9.29,Independent House
1454,10+,2,4,2,42518,5,10.88266,78.70966,Thillai Nagar,Tiruchirappalli,2250000,1547,10.26,Apartment
2772,5-10,0,0,0,24179,0,10.81542,78.68805,Woraiyur,Tiruchirappalli,1370000,494,3.31,Plot
916,5-10,2,4,2,19165,4,10.77293,78.62405,Mannarpuram,Tiruchirappalli,2210000,2413,9.02,Apartment
4560,5-10,4,6,2,115556,4,10.94455,78.61644,KK Nagar,Tiruchirappalli,3760000,825,19.65,Villa
915,0-1,2,4,2,89510,5,10.78745,78.68548,Puthur,Tiruchirappalli,3380000,3694,2.13,Apartment
2639,5-10,3,6,4,100643,6,10.69643,78.76634,Ariyamangalam,Tiruchirappalli,3710000,1406,12.44,Villa
3432,10+,4,6,3,85560,6,10.77702,78.84528,Kattur,Tiruchirappalli,2920000,851,15.43,Independent House
2182,5-10,5,7,5,109161,6,10.71999,78.71192,Puthur,Tiruchirappalli,3160000,1448,7.88,Independent House
622,10+,2,4,2,60431,2,10.79776,78.56726,Srirangam,Tiruchirappalli,1500000,2412,15.03,Apartment
716,5-10,2,3,2,74686,4,10.81874,78.5666,Karumandapam,Tiruchirappalli,2230000,3115,15.41,Apartment
1006,5-10,2,3,1,88637,4,10.84333,78.69291,Karumandapam,Tiruchirappalli,2000000,1988,6.01,Apartment
5689,5-10,5,7,3,144243,3,10.77808,78.66503,Srirangam,Tiruchirappalli,4980000,875,4.55,Villa
3475,10+,3,4,2,64422,6,10.89231,78.73985,Inthar Nagar,Tiruchirappalli,2700000,777,11.95,Independent House
3437,0-1,3,5,2,76496,6,10.70937,78.73182,Puthur,Tiruchirappalli,3910000,1138,9.5,Independent House
4897,1-5,4,7,3,80354,3,10.85797,78.63425,Woraiyur,Tiruchirappalli,5250000,1072,10.75,Villa
2046,1-5,0,0,0,82192,0,10.65577,78.64972,Inthar Nagar,Tiruchirappalli,1370000,670,16.14,Plot
2062,5-10,2,4,2,69991,2,10.84875,78.62635,Mannarpuram,Tiruchirappalli,2800000,1358,10.73,Apartment
1325,0-1,4,7,3,38804,2,10.82157,78.75928,Puthur,Tiruchirappalli,2960000,2234,6.89,Independent House
1438,10+,2,4,2,68509,3,10.89177,78.69102,Woraiyur,Tiruchirappalli,1710000,1189,11.36,Builder Floor
3377,5-10,4,7,2,114610,4,10.63304,78.67914,Mannarpuram,Tiruchirappalli,2430000,720,17.73,Independent House
1663,10+,2,4,1,72095,4,10.91851,78.82697,Puthur,Tiruchirappalli,1870000,1124,19.52,Apartment
2077,5-10,3,5,2,78012,3,10.83509,78.75528,Puthur,Tiruchirappalli,4400000,2118,7.42,Villa
1760,5-10,2,5,2,133135,2,10.79912,78.78456,Ariyamangalam,Tiruchirappalli,2440000,1386,8.78,Independent House
1614,1-5,4,6,3,89744,4,10.74727,78.64058,Mannarpuram,Tiruchirappalli,3240000,2007,8.5,Apartment
1063,5-10,0,0,0,122879,0,10.81451,78.69311,Srirangam,Tiruchirappalli,1030000,969,2.95,Plot
5355,1-5,3,6,2,73967,5,10.77775,78.56276,KK Nagar,Tiruchirappalli,5970000,1115,15.57,Villa
2359,1-5,1,2,1,46600,5,10.89007,78.77293,Thillai Nagar,Tiruchirappalli,3110000,1318,13.35,Apartment
1680,5-10,2,4,1,101202,3,10.86363,78.62574,Mannarpuram,Tiruchirappalli,2320000,1381,11.85,Apartment
1485,1-5,1,2,1,96604,4,10.77659,78.81179,Inthar Nagar,Tiruchirappalli,2700000,1818,11.8,Apartment
1548,1-5,2,4,1,97234,3,10.94407,78.72053,Kattur,Tiruchirappalli,2420000,1563,17.16,Builder Floor
1874,5-10,4,5,1,65856,2,10.86054,78.69817,KK Nagar,Tiruchirappalli,2880000,1537,7.82,Apartment
732,1-5,1,3,1,56341,5,10.80421,78.75167,Srirangam,Tiruchirappalli,3030000,4139,5.35,Apartment
1102,0-1,1,2,1,76924,2,10.65853,78.76359,Thillai Nagar,Tiruchirappalli,2990000,2713,16.02,Apartment
1357,1-5,3,4,1,82746,2,10.81551,78.7731,Karumandapam,Tiruchirappalli,3620000,2668,7.97,Apartment
1336,10+,2,4,1,122072,5,10.87879,78.71883,Mannarpuram,Tiruchirappalli,2050000,1534,9.94,Apartment
2637,0-1,0,0,0,77177,0,10.93063,78.669,KK Nagar,Tiruchirappalli,1550000,588,16.06,Plot
586,5-10,2,4,2,71669,4,10.64337,78.64201,Woraiyur,Tiruchirappalli,1830000,3123,17.74,Apartment
1310,1-5,0,0,0,33739,0,10.83459,78.69589,Inthar Nagar,Tiruchirappalli,1260000,962,5.0,Plot
942,0-1,4,7,4,105092,3,10.91197,78.74522,Kattur,Tiruchirappalli,3060000,3248,14.21,Independent House
1934,1-5,0,0,0,88793,0,10.93143,78.80259,Woraiyur,Tiruchirappalli,1170000,605,18.97,Plot
2286,5-10,2,3,2,75401,2,10.85755,78.6841,Srirangam,Tiruchirappalli,2780000,1216,7.79,Apartment
2572,5-10,2,4,2,87411,5,10.95237,78.81371,Woraiyur,Tiruchirappalli,2100000,816,21.58,Independent House
1465,1-5,0,0,0,107377,0,10.83983,78.61552,Inthar Nagar,Tiruchirappalli,1420000,969,11.18,Plot
885,1-5,2,3,2,79171,5,10.92061,78.72358,Kattur,Tiruchirappalli,2480000,2802,14.61,Apartment
1430,5-10,4,6,2,126568,5,10.85527,78.72316,Inthar Nagar,Tiruchirappalli,2430000,1699,7.48,Builder Floor
3783,5-10,0,0,0,109255,0,10.87681,78.61218,Ariyamangalam,Tiruchirappalli,1400000,370,13.94,Plot
2188,5-10,2,3,2,90963,5,10.75119,78.49307,Srirangam,Tiruchirappalli,2230000,1019,23.53,Apartment
739,1-5,4,6,2,81264,3,10.69369,78.73503,Ariyamangalam,Tiruchirappalli,3230000,4371,11.26,Independent House
869,1-5,2,3,1,96422,5,10.68882,78.76862,Karumandapam,Tiruchirappalli,2640000,3038,13.29,Apartment
902,0-1,3,4,2,50836,2,10.83868,78.71191,Puthur,Tiruchirappalli,3160000,3503,5.41,Independent House
904,0-1,0,0,0,69928,0,10.84206,78.65906,Thillai Nagar,Tiruchirappalli,1550000,1715,7.6,Plot
1734,10+,1,2,1,137050,4,10.77158,78.59978,Puthur,Tiruchirappalli,2280000,1315,11.65,Apartment
5801,0-1,5,8,3,37417,4,10.68791,78.79392,Mannarpuram,Tiruchirappalli,5790000,998,15.0,Villa
2721,10+,4,5,2,94882,5,10.7024,78.76327,Thillai Nagar,Tiruchirappalli,2480000,911,11.7,Independent House
5133,5-10,4,6,4,84333,6,10.86959,78.67421,Kattur,Tiruchirappalli,4040000,787,9.4,Villa
986,10+,1,2,1,61104,2,10.80879,78.65552,Puthur,Tiruchirappalli,2620000,2657,5.74,Apartment
1139,1-5,4,5,1,62655,2,10.71282,78.73868,Puthur,Tiruchirappalli,3340000,2932,9.4,Independent House
1866,1-5,5,6,5,107563,5,10.72359,78.73021,Kattur,Tiruchirappalli,2250000,1206,7.94,Builder Floor
1603,5-10,5,8,3,52204,2,10.74247,78.75218,Puthur,Tiruchirappalli,2530000,1578,7.44,Builder Floor
1149,1-5,3,4,1,40508,3,10.79277,78.79525,Ariyamangalam,Tiruchirappalli,2390000,2080,9.89,Apartment
3815,0-1,0,0,0,62510,0,10.76892,78.64624,Ariyamangalam,Tiruchirappalli,1410000,370,6.82,Plot
1634,1-5,2,4,1,93468,4,10.91135,78.72191,Woraiyur,Tiruchirappalli,2820000,1726,13.57,Apartment
1793,1-5,1,2,1,30190,5,10.86415,78.80293,Mannarpuram,Tiruchirappalli,2670000,1489,13.5,Apartment
3901,0-1,4,6,3,82605,5,10.79509,78.74803,Karumandapam,Tiruchirappalli,6470000,1659,4.76,Villa
560,0-1,3,5,2,24960,4,11.00703,78.80292,Inthar Nagar,Tiruchirappalli,1990000,3554,26.36,Apartment
1293,0-1,3,4,3,59197,5,10.78082,78.62921,Ariyamangalam,Tiruchirappalli,2940000,2274,8.32,Apartment
1672,0-1,4,6,2,106988,3,10.7211,78.70579,Mannarpuram,Tiruchirappalli,3050000,1824,7.72,Builder Floor
1281,10+,2,3,1,96004,5,10.93962,78.53339,KK Nagar,Tiruchirappalli,1340000,1046,25.0,Apartment
5371,0-1,5,8,3,156152,4,10.78282,78.68886,KK Nagar,Tiruchirappalli,5070000,944,1.93,Villa
1794,5-10,4,6,4,21021,5,10.75977,78.64373,Karumandapam,Tiruchirappalli,2630000,1466,7.49,Independent House
607,10+,2,4,2,84694,4,10.76423,78.67626,Ariyamangalam,Tiruchirappalli,2040000,3361,4.26,Apartment
1058,5-10,2,3,2,77765,5,10.74858,78.87659,Thillai Nagar,Tiruchirappalli,2090000,1975,19.35,Builder Floor
844,1-5,2,4,2,123643,2,10.73001,78.63779,Woraiyur,Tiruchirappalli,3070000,3637,9.93,Apartment
1356,0-1,5,8,3,50875,5,10.69957,78.60273,Kattur,Tiruchirappalli,2980000,2198,15.04,Independent House
3201,10+,3,4,3,80150,5,10.91986,78.64307,Karumandapam,Tiruchirappalli,2520000,787,15.88,Independent House
455,1-5,1,3,1,114432,5,10.73455,78.7392,Inthar Nagar,Tiruchirappalli,2430000,5341,7.27,Apartment
1760,1-5,0,0,0,114227,0,10.85421,78.83782,Puthur,Tiruchirappalli,1440000,818,16.17,Plot
3765,1-5,0,0,0,58051,0,10.7851,78.80019,Mannarpuram,Tiruchirappalli,1680000,446,10.45,Plot
2460,5-10,2,5,1,94255,3,10.85283,78.71785,Woraiyur,Tiruchirappalli,3280000,1333,7.08,Independent House
2292,1-5,0,0,0,86755,0,10.77471,78.67986,Karumandapam,Tiruchirappalli,1830000,798,3.23,Plot
1405,5-10,1,3,1,92007,2,10.80194,78.67368,Inthar Nagar,Tiruchirappalli,2570000,1829,3.62,Apartment
1865,5-10,3,5,3,70732,4,10.85836,78.75656,Srirangam,Tiruchirappalli,2200000,1180,9.43,Builder Floor
1986,1-5,2,3,2,113080,3,10.90369,78.63476,Karumandapam,Tiruchirappalli,2640000,1329,14.72,Apartment
1126,1-5,4,7,3,54737,2,10.87763,78.57,Inthar Nagar,Tiruchirappalli,2290000,2034,17.61,Builder Floor
1887,1-5,5,7,3,126909,3,10.79994,78.53673,Ariyamangalam,Tiruchirappalli,2750000,1457,18.38,Independent House
1906,5-10,3,5,3,95768,4,10.70492,78.58147,KK Nagar,Tiruchirappalli,2510000,1317,16.49,Independent House
1949,5-10,4,6,2,93521,2,10.77326,78.84214,Karumandapam,Tiruchirappalli,2440000,1252,15.13,Apartment
512,10+,2,4,1,132365,2,10.93165,78.60983,Karumandapam,Tiruchirappalli,1390000,2715,18.81,Apartment
4585,1-5,5,8,4,119601,5,10.7947,78.76709,Mannarpuram,Tiruchirappalli,6230000,1359,6.83,Villa
3837,5-10,0,0,0,80982,0,10.5818,78.72417,Inthar Nagar,Tiruchirappalli,1130000,295,23.3,Plot
2398,10+,4,5,3,79938,6,10.84085,78.68077,Ariyamangalam,Tiruchirappalli,2620000,1093,6.18,Independent House
2002,1-5,3,4,3,88460,4,10.79556,78.68263,KK Nagar,Tiruchirappalli,2940000,1469,2.48,Apartment
3046,0-1,2,5,2,89898,3,10.73057,78.79651,KK Nagar,Tiruchirappalli,3360000,1103,12.04,Independent House
1934,1-5,2,3,1,129972,3,10.95381,78.81288,Inthar Nagar,Tiruchirappalli,2480000,1282,21.66,Apartment
3182,5-10,0,0,0,73437,0,10.80758,78.57828,Mannarpuram,Tiruchirappalli,1400000,440,13.94,Plot
1500,10+,2,4,2,114437,4,10.71515,78.72935,Puthur,Tiruchirappalli,2360000,1573,8.8,Apartment
1531,10+,0,0,0,83209,0,10.82048,78.72376,Srirangam,Tiruchirappalli,1170000,764,3.93,Plot
2360,0-1,1,3,1,70366,5,10.85204,78.66336,Ariyamangalam,Tiruchirappalli,2500000,1059,8.2,Apartment
1755,1-5,3,5,3,44989,2,10.80713,78.71531,Inthar Nagar,Tiruchirappalli,2880000,1641,2.18,Apartment
1825,5-10,2,4,1,85042,3,10.81274,78.6369,Srirangam,Tiruchirappalli,2500000,1370,7.81,Apartment
1160,10+,2,3,1,94943,3,10.76843,78.60675,Karumandapam,Tiruchirappalli,2140000,1845,10.98,Apartment
2133,1-5,3,5,1,33787,4,10.8176,78.69443,Karumandapam,Tiruchirappalli,3420000,1603,3.22,Apartment
2014,10+,2,3,1,54658,3,10.81526,78.76084,Puthur,Tiruchirappalli,2590000,1286,6.72,Apartment
1511,5-10,0,0,0,88618,0,10.82643,78.63946,Kattur,Tiruchirappalli,1200000,794,8.17,Plot
632,1-5,3,5,3,57262,6,10.93154,78.66408,Thillai Nagar,Tiruchirappalli,2570000,4066,16.3,Independent House
555,0-1,3,5,3,75658,3,10.65,78.62184,Karumandapam,Tiruchirappalli,2450000,4414,18.06,Apartment
1568,10+,4,7,1,97964,6,10.53919,78.7682,Mannarpuram,Tiruchirappalli,1380000,880,28.79,Builder Floor
5546,0-1,5,8,2,65857,6,10.71114,78.73531,Ariyamangalam,Tiruchirappalli,5960000,1075,9.44,Villa
2922,5-10,5,7,2,58882,5,10.69336,78.69424,Thillai Nagar,Tiruchirappalli,2860000,979,10.86,Independent House
489,0-1,2,3,1,92995,5,10.81104,78.68642,Karumandapam,Tiruchirappalli,2970000,6074,3.03,Apartment
5748,1-5,5,7,3,88028,5,10.8332,78.82414,Kattur,Tiruchirappalli,4450000,774,13.88,Villa
1360,1-5,4,5,2,67702,4,10.84055,78.68684,Srirangam,Tiruchirappalli,2470000,1816,5.9,Builder Floor
2126,5-10,2,4,1,84507,2,10.71268,78.58311,Thillai Nagar,Tiruchirappalli,2320000,1091,15.85,Apartment
1626,1-5,3,6,3,97716,3,10.66648,78.77969,KK Nagar,Tiruchirappalli,1720000,1058,16.04,Builder Floor
3512,0-1,0,0,0,79857,0,10.78495,78.73932,Karumandapam,Tiruchirappalli,2260000,644,3.83,Plot
1303,1-5,1,2,1,96940,2,10.58883,78.7166,Karumandapam,Tiruchirappalli,2090000,1604,22.46,Apartment
3460,1-5,5,8,3,92528,3,10.80559,78.83335,KK Nagar,Tiruchirappalli,4130000,1194,14.15,Villa
1751,10+,1,2,1,80334,2,10.72453,78.53651,Puthur,Tiruchirappalli,2050000,1171,19.78,Apartment
1710,5-10,3,4,3,114712,2,10.76217,78.65064,Puthur,Tiruchirappalli,2280000,1333,6.69,Builder Floor
1080,10+,1,3,1,80319,5,10.76894,78.71023,Inthar Nagar,Tiruchirappalli,2400000,2222,2.47,Apartment
870,5-10,3,5,2,129653,4,10.66919,78.64558,Karumandapam,Tiruchirappalli,1840000,2115,14.96,Builder Floor
4307,5-10,3,6,4,76437,3,10.80319,78.70228,Puthur,Tiruchirappalli,4460000,1036,1.44,Villa
1744,5-10,4,6,1,136906,6,10.82689,78.5809,Puthur,Tiruchirappalli,2600000,1491,14.11,Builder Floor
1856,1-5,4,7,4,64581,5,10.66892,78.65093,KK Nagar,Tiruchirappalli,2250000,1212,14.74,Builder Floor
1264,0-1,2,3,2,74244,4,10.75395,78.62732,Woraiyur,Tiruchirappalli,2530000,2002,9.38,Apartment
857,5-10,0,0,0,124075,0,10.82518,78.64524,Kattur,Tiruchirappalli,1320000,1540,7.55,Plot
1220,1-5,2,3,2,68530,3,10.82881,78.58076,Mannarpuram,Tiruchirappalli,1950000,1598,14.19,Builder Floor
1398,5-10,1,3,1,107322,4,10.92206,78.72997,Thillai Nagar,Tiruchirappalli,1840000,1316,14.89,Apartment
1478,1-5,4,6,1,91224,2,10.79623,78.7576,Ariyamangalam,Tiruchirappalli,2770000,1874,5.81,Builder Floor
677,0-1,1,3,1,111375,5,10.70049,78.60449,Mannarpuram,Tiruchirappalli,2040000,3013,14.83,Apartment
2052,1-5,1,2,1,95484,5,10.81041,78.67341,Kattur,Tiruchirappalli,2780000,1355,4.07,Apartment
2455,5-10,2,5,1,61392,6,10.64968,78.75676,Thillai Nagar,Tiruchirappalli,3050000,1242,16.66,Independent House
981,1-5,3,6,1,58270,3,10.98114,78.8765,Puthur,Tiruchirappalli,1820000,1855,28.31,Builder Floor
1925,10+,3,4,3,90026,6,10.8789,78.6745,Ariyamangalam,Tiruchirappalli,2040000,1060,10.37,Builder Floor
2566,0-1,0,0,0,78570,0,10.77681,78.69941,Inthar Nagar,Tiruchirappalli,1730000,674,1.63,Plot
747,1-5,4,6,2,96143,4,10.78336,78.83352,Inthar Nagar,Tiruchirappalli,2730000,3655,14.09,Apartment
3127,1-5,0,0,0,72489,0,10.80415,78.70191,Inthar Nagar,Tiruchirappalli,1660000,531,1.55,Plot
809,1-5,2,3,1,91305,5,10.95035,78.72836,Kattur,Tiruchirappalli,2560000,3164,17.96,Apartment
1635,5-10,4,6,1,47970,4,10.85228,78.67001,Srirangam,Tiruchirappalli,1840000,1125,7.85,Builder Floor
2771,1-5,2,5,2,106799,2,10.86562,78.58232,Woraiyur,Tiruchirappalli,2700000,974,15.76,Independent House
2223,5-10,2,3,2,46098,5,10.79601,78.69409,Woraiyur,Tiruchirappalli,3840000,1727,1.31,Apartment
975,5-10,4,6,2,145905,4,10.76652,78.64362,Kattur,Tiruchirappalli,2990000,3067,7.19,Apartment
2010,5-10,3,5,2,91243,2,10.8581,78.60189,Karumandapam,Tiruchirappalli,2750000,1368,13.51,Apartment
1013,1-5,2,3,1,83117,5,10.81524,78.65806,Srirangam,Tiruchirappalli,3180000,3139,5.79,Apartment
1440,0-1,2,4,1,95992,2,10.65653,78.7695,KK Nagar,Tiruchirappalli,2510000,1743,16.49,Builder Floor
1071,1-5,0,0,0,85679,0,10.84481,78.71505,Srirangam,Tiruchirappalli,1570000,1466,6.14,Plot
2281,1-5,3,5,1,85485,5,10.80348,78.62754,Kattur,Tiruchirappalli,3170000,1390,8.55,Apartment
1261,1-5,2,3,2,67062,3,10.72972,78.6479,Inthar Nagar,Tiruchirappalli,2200000,1745,9.17,Builder Floor
1827,10+,4,6,4,96452,5,10.87011,78.77969,Srirangam,Tiruchirappalli,2620000,1434,12.06,Independent House
2326,1-5,0,0,0,77737,0,10.78046,78.59772,KK Nagar,Tiruchirappalli,1230000,529,11.74,Plot
750,10+,3,6,1,73552,4,10.70873,78.62762,Srirangam,Tiruchirappalli,2120000,2827,12.39,Independent House
1796,10+,2,4,1,120972,5,10.74678,78.75447,Mannarpuram,Tiruchirappalli,2240000,1247,7.29,Apartment
2092,1-5,3,5,3,85835,3,10.76537,78.72551,Ariyamangalam,Tiruchirappalli,3180000,1520,3.6,Apartment
3448,10+,3,4,2,70428,2,10.83791,78.73535,Kattur,Tiruchirappalli,3130000,908,6.24,Independent House
2603,10+,0,0,0,87225,0,10.83924,78.67815,Mannarpuram,Tiruchirappalli,1080000,415,6.15,Plot
2334,5-10,0,0,0,89534,0,10.8535,78.59161,Woraiyur,Tiruchirappalli,1200000,514,14.2,Plot
4498,5-10,4,6,2,76761,4,10.84639,78.77514,Puthur,Tiruchirappalli,5270000,1172,9.89,Villa
3868,10+,0,0,0,136113,0,10.7078,78.69847,Srirangam,Tiruchirappalli,1110000,287,9.22,Plot
2286,10+,2,3,1,66559,5,10.73082,78.5447,Ariyamangalam,Tiruchirappalli,2010000,879,18.7,Apartment
1430,1-5,4,6,3,79440,5,10.81775,78.87084,Mannarpuram,Tiruchirappalli,2350000,1643,18.4,Apartment
1304,0-1,2,5,1,107723,5,10.83852,78.73245,Ariyamangalam,Tiruchirappalli,3860000,2960,6.14,Independent House
1974,0-1,2,4,2,99445,4,10.84772,78.67323,Ariyamangalam,Tiruchirappalli,3500000,1773,7.23,Apartment
941,5-10,1,3,1,72088,4,10.75935,78.81316,Ariyamangalam,Tiruchirappalli,2600000,2763,12.34,Apartment
3853,5-10,0,0,0,107154,0,10.86114,78.74602,Mannarpuram,Tiruchirappalli,1410000,366,9.06,Plot
1718,5-10,2,4,1,44737,5,10.75334,78.77251,Ariyamangalam,Tiruchirappalli,2470000,1438,8.48,Apartment
2616,1-5,4,5,2,99400,6,10.71149,78.57921,Thillai Nagar,Tiruchirappalli,3220000,1231,16.28,Independent House
1294,1-5,2,3,2,101528,2,11.66506,78.13424,Ammapet,Salem,3190000,2465,1.28,Apartment
2036,5-10,1,2,1,98752,2,11.69461,78.13268,Suramangalam,Salem,2710000,1331,3.67,Apartment
1849,10+,3,5,3,60191,3,11.65247,78.23167,Attur Road,Salem,1770000,957,9.42,Builder Floor
1058,1-5,2,3,1,130039,2,11.63584,78.17545,Ammapet,Salem,2880000,2722,4.51,Apartment
894,5-10,2,4,1,78347,4,11.53061,78.31321,Suramangalam,Salem,1720000,1924,23.51,Apartment
1939,5-10,2,3,1,74929,3,11.60261,78.19949,Shevapet,Salem,2210000,1140,9.0,Apartment
1495,1-5,3,5,2,41408,2,11.62969,78.1774,Shevapet,Salem,2310000,1545,5.15,Apartment
838,10+,3,6,1,57382,4,11.67835,78.06402,Hasthampatti,Salem,2220000,2649,9.06,Builder Floor
3269,1-5,2,3,1,101653,4,11.632,78.21233,Yercaud Road,Salem,3740000,1144,8.07,Independent House
1736,1-5,1,2,1,127947,5,11.81213,78.24124,Yercaud Road,Salem,2540000,1463,19.43,Apartment
2240,5-10,3,4,1,99422,4,11.76563,78.19589,Five Roads,Salem,2680000,1196,12.51,Apartment
1139,1-5,4,5,3,87887,3,11.65058,78.06877,Kondalampatti,Salem,2730000,2397,8.55,Independent House
2008,1-5,3,5,2,64939,3,11.71198,78.17096,Ammapet,Salem,2180000,1086,5.96,Apartment
1181,5-10,3,5,2,90733,5,11.6496,78.17296,Fairlands,Salem,2250000,1905,3.36,Builder Floor
1911,0-1,4,6,1,63510,3,11.76201,78.08937,Gugai,Salem,3210000,1680,12.49,Independent House
2343,0-1,2,4,1,64017,2,11.64833,78.15103,Shevapet,Salem,2870000,1225,1.86,Apartment
2096,1-5,3,5,3,42772,5,11.64959,78.08865,Suramangalam,Salem,3370000,1608,6.46,Apartment
2167,1-5,3,5,2,72709,5,11.69109,78.27305,Gugai,Salem,2140000,988,14.15,Apartment
1347,1-5,3,4,3,106334,3,11.6359,78.34286,Attur Road,Salem,2200000,1633,21.67,Apartment
2322,10+,2,4,2,78298,3,11.82275,78.03351,Five Roads,Salem,1970000,848,21.46,Apartment
2291,5-10,4,5,1,36180,4,11.66452,78.18615,Attur Road,Salem,3010000,1314,4.37,Apartment
614,5-10,4,5,2,92939,3,11.58619,78.21847,Hasthampatti,Salem,2970000,4837,11.74,Independent House
5401,5-10,4,7,2,50389,3,11.65884,78.03346,Gugai,Salem,3950000,731,12.27,Villa
2811,10+,4,5,2,86731,2,11.64695,78.12258,Shevapet,Salem,2510000,893,3.2,Independent House
4244,5-10,5,8,3,111316,4,11.75417,78.20016,Five Roads,Salem,4210000,992,11.6,Villa
2072,10+,2,4,1,101580,3,11.78044,78.10678,Fairlands,Salem,2460000,1187,13.6,Apartment
1775,5-10,3,5,3,96914,4,11.5841,78.24356,Attur Road,Salem,1990000,1121,13.87,Apartment
5552,10+,3,6,3,120939,5,11.53086,78.09335,Hasthampatti,Salem,2990000,539,15.91,Villa
1156,10+,2,4,1,97931,3,11.66138,78.2983,Attur Road,Salem,1860000,1609,16.59,Apartment
2254,5-10,1,3,1,71634,3,11.63823,78.20492,Suramangalam,Salem,2880000,1278,7.04,Apartment
467,10+,2,3,1,65885,3,11.56152,78.11952,Kondalampatti,Salem,1970000,4218,11.79,Apartment
1752,10+,5,6,3,90212,3,11.70066,78.04772,Shevapet,Salem,1640000,936,11.44,Builder Floor
968,0-1,4,5,3,90279,4,11.59744,78.17245,Kondalampatti,Salem,2130000,2200,7.97,Apartment
4532,5-10,5,7,4,83137,6,11.63348,77.95018,Hasthampatti,Salem,3210000,708,21.6,Villa
1209,10+,1,2,1,91527,4,11.62769,78.22974,Suramangalam,Salem,1990000,1646,9.99,Apartment
1353,10+,3,4,2,34065,5,11.67618,78.12186,Attur Road,Salem,3190000,2358,2.94,Independent House
3127,5-10,5,6,1,69015,3,11.67107,78.15179,Fairlands,Salem,3650000,1167,0.98,Independent House
1558,5-10,2,3,1,67892,3,11.6743,78.04927,Yercaud Road,Salem,2200000,1412,10.59,Apartment
1737,0-1,2,4,1,84066,2,11.64283,78.17453,Attur Road,Salem,2780000,1600,3.92,Builder Floor
3090,10+,3,6,1,53852,3,11.65508,78.05135,Kondalampatti,Salem,2600000,841,10.36,Independent House
1073,10+,2,4,2,65338,3,11.67689,78.22412,Kondalampatti,Salem,1990000,1855,8.62,Apartment
1310,0-1,2,3,2,114706,4,11.65364,78.16244,Hasthampatti,Salem,3060000,2336,2.15,Apartment
2350,5-10,2,3,1,93432,4,11.59978,78.10926,Gugai,Salem,2880000,1226,8.21,Apartment
885,0-1,2,3,2,89691,2,11.5828,78.08083,Shevapet,Salem,2520000,2847,11.51,Apartment
1245,1-5,2,3,1,77105,3,11.57575,78.25276,Five Roads,Salem,2360000,1896,15.24,Apartment
1508,0-1,2,4,1,66390,4,11.59805,78.20085,Hasthampatti,Salem,2900000,1923,9.48,Apartment
4670,10+,5,8,4,88109,6,11.70876,78.31033,Yercaud Road,Salem,3310000,709,18.56,Villa
2075,10+,1,2,1,51644,4,11.69468,78.12108,Gugai,Salem,1650000,795,4.33,Apartment
2286,1-5,0,0,0,72822,0,11.6904,78.21892,Suramangalam,Salem,1490000,652,8.45,Plot
756,10+,2,4,1,123406,3,11.57447,78.08626,Suramangalam,Salem,2150000,2844,11.92,Apartment
1844,1-5,1,2,1,102431,2,11.71449,78.13769,Hasthampatti,Salem,3020000,1638,5.65,Apartment
1757,10+,2,3,2,85240,2,11.72679,77.94321,Yercaud Road,Salem,1810000,1030,23.15,Apartment
3212,10+,4,6,2,88887,6,11.55762,78.00491,Suramangalam,Salem,1850000,576,19.41,Independent House
878,1-5,3,6,1,105773,4,11.50662,78.14153,Fairlands,Salem,2330000,2654,17.54,Independent House
1454,10+,4,5,3,61239,5,11.60786,78.07832,Gugai,Salem,2040000,1403,9.68,Apartment
1726,5-10,3,5,3,75246,5,11.6189,78.29012,Suramangalam,Salem,2690000,1559,16.49,Independent House
3115,1-5,3,6,3,86099,4,11.7166,78.15786,Fairlands,Salem,5270000,1692,5.96,Villa
2857,5-10,0,0,0,120342,0,11.68737,78.2445,Gugai,Salem,1300000,455,11.03,Plot
1110,10+,2,3,2,39333,5,11.57865,78.08325,Hasthampatti,Salem,2100000,1892,11.72,Apartment
3091,1-5,5,8,3,98718,4,11.72046,78.07396,Kondalampatti,Salem,3940000,1275,10.03,Villa
1376,1-5,0,0,0,71084,0,11.71584,78.06714,Suramangalam,Salem,1030000,749,10.32,Plot
2246,5-10,3,4,3,111762,3,11.72615,78.07617,Suramangalam,Salem,1720000,766,10.25,Apartment
4234,1-5,3,6,2,103577,6,11.74441,78.10941,Gugai,Salem,4590000,1084,9.76,Villa
3761,5-10,3,5,2,72540,6,11.59838,78.22717,Suramangalam,Salem,4300000,1143,11.48,Villa
2474,5-10,2,4,1,123386,5,11.68166,78.19838,Fairlands,Salem,2820000,1140,6.02,Apartment
1238,10+,0,0,0,39089,0,11.58005,78.17376,Hasthampatti,Salem,1020000,824,9.84,Plot
1866,0-1,3,6,2,59637,3,11.71796,78.21054,Yercaud Road,Salem,3170000,1699,9.22,Independent House
2149,0-1,2,3,1,37474,3,11.57271,78.1776,Five Roads,Salem,3040000,1415,10.75,Apartment
2399,1-5,2,3,2,81467,5,11.75193,78.02816,Yercaud Road,Salem,2320000,967,16.11,Apartment
5318,1-5,4,6,4,95272,5,11.63667,78.129,Fairlands,Salem,6100000,1147,3.59,Villa
1841,1-5,0,0,0,88614,0,11.63204,78.23183,Hasthampatti,Salem,1170000,636,10.01,Plot
2987,5-10,5,8,1,122705,3,11.77434,78.19364,Kondalampatti,Salem,3040000,1018,13.29,Independent House
747,1-5,4,5,3,87228,2,11.61735,77.96521,Gugai,Salem,1860000,2490,20.37,Apartment
4084,0-1,5,8,4,74737,6,11.68655,78.01593,Ammapet,Salem,5980000,1464,14.38,Villa
1877,1-5,2,4,1,67220,2,11.5969,78.22106,Shevapet,Salem,2840000,1513,11.09,Apartment
5983,5-10,3,5,2,50807,3,11.65885,78.06732,Gugai,Salem,4400000,735,8.59,Villa
755,5-10,4,6,4,90761,3,11.67759,78.05402,Attur Road,Salem,2630000,3483,10.12,Apartment
1861,1-5,2,4,1,78777,4,11.58011,78.10796,Attur Road,Salem,2850000,1531,10.24,Apartment
1374,10+,3,4,1,63844,6,11.69724,78.12413,Attur Road,Salem,2820000,2052,4.37,Builder Floor
1790,1-5,3,5,3,116566,4,11.67047,78.23046,Ammapet,Salem,2500000,1397,9.22,Apartment
4108,10+,4,7,3,101099,6,11.80589,78.2188,Kondalampatti,Salem,3280000,798,17.63,Villa
2336,10+,4,7,2,49349,3,11.55075,78.16392,Fairlands,Salem,2870000,1229,12.78,Villa
3581,5-10,4,6,3,50727,6,11.50173,78.25927,Yercaud Road,Salem,2780000,776,21.89,Villa
2662,10+,0,0,0,50778,0,11.64336,78.18551,Ammapet,Salem,1370000,515,4.89,Plot
2235,5-10,1,2,1,71348,2,11.66425,78.24173,Five Roads,Salem,2020000,904,10.42,Apartment
1608,0-1,1,3,1,85903,5,11.71497,78.03347,Suramangalam,Salem,2720000,1692,13.49,Apartment
2298,5-10,1,3,1,102514,2,11.64867,78.1149,Suramangalam,Salem,2930000,1275,3.81,Apartment
1687,5-10,2,4,1,66702,4,11.59892,78.21723,Five Roads,Salem,1830000,1085,10.63,Apartment
1577,0-1,2,3,2,86160,3,11.64005,78.2065,Ammapet,Salem,2310000,1465,7.12,Builder Floor
2338,5-10,1,2,1,107722,3,11.77599,78.21346,Shevapet,Salem,2210000,945,14.43,Apartment
604,1-5,3,4,2,73755,3,11.72493,78.12409,Gugai,Salem,2380000,3940,7.15,Apartment
1286,5-10,4,6,4,83393,3,11.66348,78.16854,Suramangalam,Salem,2970000,2309,2.46,Independent House
2452,5-10,4,5,1,83296,2,11.63494,78.11477,Five Roads,Salem,3390000,1383,4.71,Independent House
2961,10+,0,0,0,77753,0,11.66916,78.17426,Hasthampatti,Salem,1250000,422,3.12,Plot
1113,1-5,2,3,2,100946,2,11.6206,78.10437,Suramangalam,Salem,2470000,2219,6.65,Apartment
2852,1-5,0,0,0,125303,0,11.82843,78.07781,Kondalampatti,Salem,1030000,361,19.7,Plot
1676,10+,3,6,3,59594,3,11.69189,78.14947,Five Roads,Salem,3060000,1826,3.09,Independent House
1683,1-5,3,5,1,107190,2,11.52222,78.27983,Hasthampatti,Salem,2650000,1575,21.5,Apartment
2542,1-5,0,0,0,83327,0,11.59015,78.28037,Yercaud Road,Salem,1290000,507,16.8,Plot
2259,1-5,1,3,1,101089,5,11.73788,78.05834,Suramangalam,Salem,2440000,1080,12.57,Apartment
2948,1-5,3,6,1,88711,5,11.68315,78.11671,Shevapet,Salem,3220000,1092,3.82,Independent House
2000,10+,0,0,0,109039,0,11.59092,77.99393,Yercaud Road,Salem,930000,465,18.46,Plot
1560,0-1,3,4,2,93664,5,11.62349,78.09792,Gugai,Salem,3250000,2083,6.93,Independent House
1187,1-5,2,4,1,55624,5,11.70924,78.16701,Shevapet,Salem,3290000,2772,5.5,Independent House
1354,10+,2,5,2,29721,6,11.80572,78.06505,Suramangalam,Salem,1530000,1130,18.03,Builder Floor
1471,5-10,4,7,3,60513,5,11.67117,78.1495,Hasthampatti,Salem,2970000,2019,0.85,Independent House
3233,5-10,2,3,1,83048,3,11.67378,78.05545,Gugai,Salem,2600000,804,9.92,Independent House
1735,10+,2,4,2,92997,2,11.46501,78.24334,Suramangalam,Salem,1580000,911,24.57,Apartment
1875,10+,0,0,0,76940,0,11.73822,77.9949,Gugai,Salem,830000,443,18.39,Plot
2192,1-5,2,4,1,80070,2,11.66133,78.16693,Gugai,Salem,3160000,1442,2.3,Apartment
2421,0-1,3,5,3,74952,4,11.60261,78.25022,Shevapet,Salem,3080000,1272,13.26,Independent House
1093,10+,1,3,1,102872,4,11.58794,78.18655,Hasthampatti,Salem,2170000,1985,9.57,Apartment
1019,10+,1,3,1,42557,4,11.58083,78.20874,Fairlands,Salem,2090000,2051,11.53,Apartment
1237,5-10,4,5,1,83506,2,11.76369,78.12546,Suramangalam,Salem,2300000,1859,11.28,Apartment
1491,5-10,1,3,1,105184,4,11.53119,78.06211,Shevapet,Salem,2000000,1341,17.39,Apartment
1117,0-1,1,3,1,109371,3,11.62869,78.12541,Gugai,Salem,3330000,2981,4.55,Apartment
2361,1-5,3,4,2,54738,4,11.65011,78.16148,Gugai,Salem,3230000,1368,2.31,Apartment
2768,10+,4,7,4,95725,4,11.55729,78.19497,Gugai,Salem,2270000,820,13.04,Independent House
1578,5-10,3,5,1,97931,2,11.57727,78.09126,Shevapet,Salem,2170000,1375,11.37,Builder Floor
1564,10+,3,4,1,56908,6,11.71724,78.31862,Gugai,Salem,1560000,997,19.7,Builder Floor
3790,5-10,3,5,4,70129,4,11.65038,78.06298,Suramangalam,Salem,4320000,1140,9.17,Villa
2974,5-10,0,0,0,72231,0,11.72354,78.04654,Shevapet,Salem,1220000,410,12.68,Plot
2057,1-5,0,0,0,105003,0,11.78756,78.10388,Fairlands,Salem,1180000,574,14.45,Plot
2229,1-5,3,4,2,55055,4,11.52115,78.18444,Gugai,Salem,2170000,974,16.46,Apartment
1738,10+,3,5,2,103900,5,11.7437,78.12601,Kondalampatti,Salem,2750000,1582,9.09,Apartment
3327,5-10,4,6,2,88995,6,11.66731,78.13384,Suramangalam,Salem,2440000,733,1.37,Independent House
806,10+,3,4,2,75525,5,11.66336,78.07946,Attur Road,Salem,1990000,2469,7.25,Apartment
3643,5-10,5,7,4,98012,4,11.72042,78.15288,Gugai,Salem,3630000,996,6.29,Villa
699,5-10,3,4,3,60637,5,11.5265,78.12855,Hasthampatti,Salem,2040000,2918,15.44,Apartment
1261,1-5,4,7,4,67364,4,11.69119,78.18601,Kondalampatti,Salem,2670000,2117,5.28,Builder Floor
865,10+,2,3,1,75635,3,11.59584,78.05113,Attur Road,Salem,1360000,1572,12.83,Apartment
2005,5-10,4,6,2,107518,5,11.64803,78.23578,Gugai,Salem,2550000,1272,9.94,Apartment
2157,1-5,2,3,1,111196,3,11.70918,78.23714,Attur Road,Salem,2440000,1131,11.11,Apartment
2216,1-5,0,0,0,87452,0,11.7376,78.34488,Yercaud Road,Salem,910000,411,23.14,Plot
2077,0-1,3,5,2,85518,4,11.63586,77.98163,Five Roads,Salem,2750000,1324,18.18,Apartment
2519,1-5,3,5,3,98272,6,11.66555,78.16563,Fairlands,Salem,3620000,1437,2.14,Independent House
1487,1-5,3,5,2,82024,4,11.71657,78.13083,Hasthampatti,Salem,2730000,1836,6.04,Apartment
781,5-10,2,3,1,81055,2,11.77665,78.16562,Suramangalam,Salem,1790000,2292,12.67,Apartment
5661,0-1,5,8,4,40099,4,11.67755,78.18028,Suramangalam,Salem,4810000,850,4.01,Villa
560,1-5,1,3,1,85301,3,11.64029,78.22593,Attur Road,Salem,2740000,4893,9.1,Apartment
2642,10+,2,3,2,92346,2,11.72916,78.28627,Attur Road,Salem,2200000,833,16.89,Independent House
2213,0-1,3,4,1,45651,6,11.68736,78.06191,Ammapet,Salem,2450000,1107,9.51,Independent House
1432,1-5,4,7,3,115859,4,11.60386,78.08,Suramangalam,Salem,2430000,1697,9.84,Builder Floor
1641,1-5,2,4,2,99981,3,11.70474,78.14444,Yercaud Road,Salem,3130000,1907,4.5,Independent House
1419,0-1,3,5,1,70716,5,11.73849,78.27437,Ammapet,Salem,2460000,1734,16.23,Apartment
2500,5-10,3,5,3,110974,2,11.57822,78.20424,Kondalampatti,Salem,2440000,976,11.48,Apartment
2241,5-10,2,4,2,95481,3,11.63972,78.14216,Yercaud Road,Salem,3110000,1388,2.76,Apartment
2239,10+,0,0,0,117353,0,11.76468,78.24612,Yercaud Road,Salem,1080000,482,15.6,Plot
2557,5-10,4,7,4,70733,3,11.72788,78.30651,Gugai,Salem,2480000,970,18.85,Independent House
2999,1-5,4,6,4,117928,5,11.83545,78.28646,Five Roads,Salem,3740000,1247,24.41,Villa
503,0-1,3,5,1,73789,4,11.89041,78.25481,Attur Road,Salem,1710000,3400,27.79,Apartment
1809,5-10,0,0,0,81049,0,11.50022,78.22176,Gugai,Salem,1130000,625,20.02,Plot
532,5-10,2,3,1,64636,2,11.60202,78.02463,Kondalampatti,Salem,2180000,4098,14.92,Apartment
4848,1-5,4,7,4,79899,5,11.62435,77.87678,Attur Road,Salem,3840000,792,29.65,Villa
2382,10+,0,0,0,72398,0,11.5995,78.21732,Ammapet,Salem,1160000,487,10.59,Plot
2770,10+,3,5,2,63457,2,11.62008,78.09838,Five Roads,Salem,2340000,845,7.15,Independent House
1102,5-10,3,5,1,60096,2,11.45235,78.17314,Hasthampatti,Salem,1880000,1706,23.75,Apartment
1790,5-10,3,4,3,73229,2,11.6449,78.06202,Hasthampatti,Salem,2240000,1251,9.4,Apartment
931,1-5,2,3,2,87681,3,11.75356,78.13349,Hasthampatti,Salem,2160000,2320,10.02,Apartment
5162,10+,5,7,3,59090,3,11.66338,78.07223,Fairlands,Salem,4030000,781,8.03,Villa
1569,1-5,0,0,0,59807,0,11.71648,77.95953,Yercaud Road,Salem,910000,580,21.12,Plot
2829,10+,2,4,2,110457,3,11.77606,78.17244,Yercaud Road,Salem,2230000,788,12.76,Independent House
1178,1-5,3,5,1,101294,5,11.68038,78.11836,Five Roads,Salem,2860000,2428,3.5,Independent House
1010,1-5,2,4,1,78150,3,11.77845,78.13587,Suramangalam,Salem,2720000,2693,12.74,Apartment
2177,1-5,2,4,1,117897,4,11.69076,78.04926,Shevapet,Salem,2270000,1043,10.94,Apartment
2099,0-1,2,4,1,125648,2,11.54939,78.19001,Kondalampatti,Salem,3170000,1510,13.65,Independent House
3160,5-10,0,0,0,80848,0,11.69596,78.15452,Fairlands,Salem,1230000,389,3.64,Plot
2559,10+,3,5,4,85958,5,11.64213,78.14031,Fairlands,Salem,3980000,1555,2.54,Villa
1085,1-5,2,3,2,54792,4,11.5743,78.17272,Kondalampatti,Salem,2230000,2055,10.42,Apartment
2465,0-1,5,6,3,74205,6,11.59931,78.05118,Yercaud Road,Salem,3390000,1375,12.6,Independent House
970,0-1,2,3,1,85723,5,11.5921,78.0682,Kondalampatti,Salem,2810000,2897,11.67,Apartment
2331,5-10,4,5,4,71489,4,11.5364,78.115,Gugai,Salem,2320000,995,14.62,Independent House
2659,1-5,5,7,3,48290,4,11.75144,78.17656,Suramangalam,Salem,3180000,1196,10.24,Independent House
2693,1-5,4,7,2,84382,5,11.66926,78.06733,Hasthampatti,Salem,3950000,1467,8.58,Villa
1713,10+,1,3,1,93335,2,11.69032,78.24034,Kondalampatti,Salem,1830000,1068,10.67,Apartment
2955,1-5,5,7,2,93215,4,8.74995,77.7382,Palayamkottai,Tirunelveli,3200000,1083,4.49,Villa
1970,0-1,3,5,1,45242,2,8.75064,77.82021,Palayamkottai,Tirunelveli,2240000,1137,8.09,Apartment
1584,0-1,4,6,1,93837,5,8.75827,77.62679,Murugankurichi,Tirunelveli,2390000,1509,15.11,Builder Floor
4434,10+,5,8,3,65429,4,8.73124,77.64335,Melapalayam,Tirunelveli,2990000,674,12.61,Villa
923,1-5,2,4,1,73442,2,8.64365,77.6779,Sankarankovil,Tirunelveli,1880000,2037,11.66,Builder Floor
1988,0-1,2,4,1,66081,5,8.69069,77.74408,Vannarpet,Tirunelveli,3710000,1866,2.93,Apartment
656,1-5,2,4,1,57989,4,8.72344,77.77409,Melapalayam,Tirunelveli,3210000,4893,2.19,Independent House
889,5-10,2,5,2,96691,5,8.79488,77.94254,Sankarankovil,Tirunelveli,1750000,1969,22.32,Independent House
726,5-10,3,5,2,56238,3,8.66743,77.67644,Melapalayam,Tirunelveli,2140000,2948,10.22,Apartment
1179,5-10,3,4,1,70982,2,8.73686,77.69023,Ambasamudram,Tirunelveli,2340000,1985,7.74,Independent House
1460,10+,5,8,5,63491,5,8.68567,77.85357,Sankarankovil,Tirunelveli,1810000,1240,11.1,Builder Floor
2359,5-10,1,3,1,77788,4,8.79747,77.70761,Vannarpet,Tirunelveli,1970000,835,10.75,Apartment
1142,1-5,3,6,3,104221,3,8.63364,77.6333,Nanguneri Road,Tirunelveli,2260000,1979,16.24,Independent House
1862,5-10,2,4,1,76614,5,8.5626,77.79939,Nanguneri Road,Tirunelveli,2060000,1106,17.47,Apartment
1765,5-10,1,3,1,57788,4,8.68729,77.78201,Murugankurichi,Tirunelveli,2160000,1224,4.06,Apartment
1955,1-5,3,5,2,64366,6,8.61573,77.78891,Vannarpet,Tirunelveli,2580000,1320,11.48,Independent House
893,5-10,3,4,2,104345,2,8.83044,77.65392,Cheranmahadevi,Tirunelveli,1840000,2060,17.19,Apartment
3172,5-10,3,5,2,79149,5,8.59206,77.60056,Ambasamudram,Tirunelveli,2440000,769,21.87,Independent House
3131,5-10,3,4,2,45097,4,8.80516,77.50885,Sankarankovil,Tirunelveli,1640000,524,29.07,Independent House
2931,5-10,0,0,0,91934,0,8.7862,77.71851,Nanguneri Road,Tirunelveli,1350000,461,9.07,Plot
967,5-10,3,4,2,60200,6,8.68496,77.77099,Sankarankovil,Tirunelveli,2480000,2565,3.58,Independent House
1389,0-1,2,3,2,86143,3,8.6537,77.769,Palayamkottai,Tirunelveli,2900000,2088,6.83,Apartment
1772,5-10,3,4,3,41655,4,8.62064,77.90525,Murugankurichi,Tirunelveli,1970000,1112,19.34,Apartment
3398,10+,0,0,0,80638,0,8.61623,77.95656,Sankarankovil,Tirunelveli,880000,259,24.51,Plot
5578,0-1,5,7,3,46372,6,8.6637,77.63432,Nanguneri Road,Tirunelveli,4520000,810,14.56,Villa
2471,5-10,5,8,1,75415,4,8.67591,77.70452,Vannarpet,Tirunelveli,2940000,1190,7.12,Independent House
3923,10+,0,0,0,68020,0,8.63833,77.80917,Melapalayam,Tirunelveli,1090000,278,10.19,Plot
650,10+,3,4,1,97243,5,8.70668,77.83834,Murugankurichi,Tirunelveli,1860000,2862,9.01,Apartment
5313,1-5,5,7,2,96950,6,8.62851,77.67564,Vannarpet,Tirunelveli,4280000,806,13.02,Villa
2256,1-5,0,0,0,68314,0,8.66676,77.7179,Murugankurichi,Tirunelveli,1280000,567,6.76,Plot
2086,1-5,1,3,1,89628,4,8.67713,77.67164,Sankarankovil,Tirunelveli,2540000,1218,10.2,Apartment
717,1-5,5,8,1,56772,4,8.84237,77.79469,Vannarpet,Tirunelveli,1980000,2762,14.88,Independent House
3712,0-1,4,6,3,66133,5,8.77056,77.81875,Palayamkottai,Tirunelveli,4020000,1083,9.28,Villa
2129,1-5,2,3,1,91767,5,8.88473,77.72978,Melapalayam,Tirunelveli,2750000,1292,19.22,Apartment
495,0-1,3,4,1,94721,5,8.77275,77.83077,Murugankurichi,Tirunelveli,2950000,5960,10.44,Apartment
3176,5-10,4,7,4,81806,2,8.67737,77.82857,Vannarpet,Tirunelveli,2820000,888,8.88,Independent House
1653,0-1,4,6,1,57793,5,8.5569,77.71878,Ambasamudram,Tirunelveli,2650000,1603,17.95,Apartment
2288,1-5,3,6,1,61848,6,8.64101,77.72995,Sankarankovil,Tirunelveli,2820000,1233,8.62,Independent House
1280,5-10,4,5,3,58991,5,8.78644,77.78917,Vannarpet,Tirunelveli,2470000,1930,8.82,Apartment
874,0-1,4,6,3,91620,4,8.75067,77.82979,Sankarankovil,Tirunelveli,2010000,2300,9.01,Apartment
629,1-5,1,3,1,71514,5,8.75451,77.84473,Cheranmahadevi,Tirunelveli,2940000,4674,10.68,Apartment
1512,1-5,3,4,1,55921,2,8.73428,77.68279,Vannarpet,Tirunelveli,2030000,1343,8.43,Builder Floor
2899,1-5,4,7,2,102639,3,8.72286,77.72016,Vannarpet,Tirunelveli,5320000,1835,4.14,Villa
2027,1-5,2,3,2,51909,4,8.78471,77.92072,Palayamkottai,Tirunelveli,2090000,1031,19.67,Apartment
1337,5-10,1,2,1,44438,5,8.66909,77.59556,Murugankurichi,Tirunelveli,1480000,1107,18.4,Apartment
2141,10+,2,3,1,70231,5,8.65271,77.61302,Nanguneri Road,Tirunelveli,1480000,691,17.2,Apartment
1968,1-5,1,2,1,54582,5,8.75221,77.75452,Palayamkottai,Tirunelveli,2990000,1519,4.27,Apartment
1453,0-1,4,7,3,110949,3,8.74299,77.83797,Sankarankovil,Tirunelveli,2360000,1624,9.5,Builder Floor
600,5-10,1,3,1,59719,4,8.64715,77.70142,Sankarankovil,Tirunelveli,2070000,3450,9.59,Apartment
1917,1-5,2,3,2,98886,4,8.69311,77.72521,Palayamkottai,Tirunelveli,2550000,1330,4.16,Apartment
2131,1-5,3,5,2,91232,5,8.81826,77.81413,Ambasamudram,Tirunelveli,3740000,1755,13.21,Villa
1465,0-1,2,4,2,82546,5,8.78612,77.71932,Cheranmahadevi,Tirunelveli,2590000,1768,9.02,Apartment
2996,1-5,3,4,3,97868,5,8.63613,77.63827,Nanguneri Road,Tirunelveli,1750000,584,15.63,Independent House
5470,5-10,4,6,2,44926,6,8.74396,77.68028,Cheranmahadevi,Tirunelveli,3580000,654,9.04,Villa
2481,1-5,0,0,0,93599,0,8.6965,77.61417,Ambasamudram,Tirunelveli,1250000,504,15.79,Plot
1357,10+,3,5,2,49009,3,8.60891,77.8409,Murugankurichi,Tirunelveli,1770000,1304,14.9,Apartment
1277,5-10,0,0,0,60247,0,8.70974,77.69923,Murugankurichi,Tirunelveli,1340000,1049,6.33,Plot
1008,1-5,3,6,3,67950,2,8.74843,77.78059,Ambasamudram,Tirunelveli,2340000,2321,4.65,Independent House
1509,10+,2,4,2,74967,2,8.73772,77.69079,Ambasamudram,Tirunelveli,1710000,1133,7.71,Builder Floor
770,0-1,2,4,2,62577,5,8.80585,77.85984,Sankarankovil,Tirunelveli,2190000,2844,15.26,Apartment
2564,1-5,5,7,2,77165,4,8.66416,77.62088,Cheranmahadevi,Tirunelveli,3080000,1201,15.92,Independent House
1402,0-1,3,4,2,52785,2,8.7777,77.62043,Sankarankovil,Tirunelveli,2580000,1840,16.57,Independent House
1510,1-5,3,6,1,87042,3,8.75943,77.67281,Murugankurichi,Tirunelveli,2390000,1583,10.52,Independent House
2458,10+,3,6,1,34890,3,8.77412,77.81936,Sankarankovil,Tirunelveli,2030000,826,9.61,Independent House
2098,5-10,4,7,4,10851,5,8.54033,77.81381,Murugankurichi,Tirunelveli,1820000,867,20.3,Independent House
2481,0-1,3,4,3,69314,5,8.66265,77.84394,Palayamkottai,Tirunelveli,2030000,818,11.15,Independent House
2048,10+,1,2,1,65064,3,8.75697,77.65771,Nanguneri Road,Tirunelveli,1690000,825,11.89,Apartment
2414,1-5,3,5,3,62726,3,8.73029,77.73462,Vannarpet,Tirunelveli,2470000,1023,3.03,Apartment
805,0-1,2,4,2,108931,5,8.62726,77.80111,Nanguneri Road,Tirunelveli,2910000,3615,10.8,Apartment
753,5-10,3,6,2,31025,4,8.77936,77.76834,Palayamkottai,Tirunelveli,2560000,3400,7.39,Independent House
646,10+,3,4,1,43088,2,8.71135,77.77692,Melapalayam,Tirunelveli,1910000,2957,2.24,Apartment
707,0-1,2,3,2,80029,3,8.7893,77.67101,Sankarankovil,Tirunelveli,2090000,2956,12.61,Apartment
2322,1-5,2,3,2,63396,2,8.79335,77.7068,Cheranmahadevi,Tirunelveli,3190000,1374,10.4,Independent House
2032,5-10,3,4,3,120949,5,8.73862,77.84715,Nanguneri Road,Tirunelveli,2310000,1137,10.31,Apartment
1624,0-1,3,4,2,77711,4,8.57099,77.75521,Palayamkottai,Tirunelveli,2530000,1558,15.89,Independent House
1369,10+,3,4,2,69677,2,8.59071,77.74978,Sankarankovil,Tirunelveli,1870000,1366,13.72,Independent House
629,1-5,4,6,1,68288,2,8.6017,77.87897,Nanguneri Road,Tirunelveli,2180000,3466,18.34,Apartment
1283,5-10,2,3,1,33053,5,8.65642,77.88303,Sankarankovil,Tirunelveli,2070000,1613,15.29,Apartment
2311,0-1,2,4,1,30777,5,8.68449,77.6875,Sankarankovil,Tirunelveli,2290000,991,8.28,Independent House
1741,10+,4,6,1,70484,2,8.6511,77.8133,Murugankurichi,Tirunelveli,1870000,1074,9.35,Independent House
1642,5-10,4,7,3,28939,5,8.68754,77.80738,Melapalayam,Tirunelveli,1710000,1041,6.29,Builder Floor
2871,5-10,0,0,0,57547,0,8.74925,77.88684,Melapalayam,Tirunelveli,880000,307,14.83,Plot
1644,5-10,3,4,3,86607,4,8.66774,77.85434,Palayamkottai,Tirunelveli,1840000,1119,11.9,Builder Floor
957,5-10,4,6,3,93213,6,8.71492,77.84768,Vannarpet,Tirunelveli,2590000,2706,10.0,Independent House
963,10+,1,2,1,80900,2,8.72655,77.77892,Nanguneri Road,Tirunelveli,1990000,2066,2.82,Apartment
2380,10+,2,4,2,51815,2,8.72981,77.79353,Nanguneri Road,Tirunelveli,2190000,920,4.42,Apartment
2158,0-1,4,6,3,47539,5,8.73265,77.79945,Cheranmahadevi,Tirunelveli,3060000,1418,5.14,Independent House
801,0-1,3,5,1,76295,6,8.62647,77.71381,Sankarankovil,Tirunelveli,2150000,2684,10.8,Independent House
4695,1-5,4,6,2,102952,3,8.69573,77.80082,Cheranmahadevi,Tirunelveli,5900000,1257,5.25,Villa
1548,10+,2,4,2,87530,5,8.79434,78.0021,Cheranmahadevi,Tirunelveli,1320000,853,28.41,Apartment
1950,10+,4,7,3,82394,2,8.6696,77.73992,Ambasamudram,Tirunelveli,1990000,1021,5.26,Builder Floor
1564,1-5,3,6,1,103681,6,8.70751,77.70777,Palayamkottai,Tirunelveli,3130000,2001,5.42,Independent House
2361,1-5,3,6,3,70163,5,8.73391,77.73311,Sankarankovil,Tirunelveli,2640000,1118,3.42,Independent House
3174,10+,3,5,1,90686,3,8.64031,77.61747,Vannarpet,Tirunelveli,2070000,652,17.35,Independent House
2175,1-5,4,6,3,59167,2,8.79977,77.82627,Sankarankovil,Tirunelveli,2140000,984,12.23,Apartment
1581,5-10,2,3,2,46517,6,8.78509,77.79036,Murugankurichi,Tirunelveli,2210000,1398,8.74,Builder Floor
1478,1-5,4,7,4,39677,4,8.68925,77.78629,Nanguneri Road,Tirunelveli,2410000,1631,4.25,Builder Floor
1861,5-10,3,4,1,86126,2,8.70226,77.75046,Palayamkottai,Tirunelveli,2380000,1279,1.46,Apartment
2392,5-10,2,3,1,95876,2,8.56093,77.79206,Palayamkottai,Tirunelveli,2070000,865,17.45,Apartment
1363,1-5,3,4,1,68601,3,8.8001,77.66874,Murugankurichi,Tirunelveli,1660000,1218,13.61,Apartment
1375,5-10,1,3,1,92839,4,8.76694,77.9313,Cheranmahadevi,Tirunelveli,1380000,1004,20.08,Apartment
2363,5-10,1,2,1,81647,4,8.73784,77.70681,Nanguneri Road,Tirunelveli,2030000,859,6.1,Apartment
1823,1-5,4,5,1,21444,2,8.61744,77.70466,Murugankurichi,Tirunelveli,2200000,1207,12.16,Apartment
1387,5-10,3,4,3,102601,3,8.63022,77.76893,Murugankurichi,Tirunelveli,1750000,1262,9.4,Apartment
2226,10+,2,4,1,106366,4,8.72459,77.76778,Cheranmahadevi,Tirunelveli,1810000,813,1.7,Apartment
3106,5-10,3,5,1,63150,6,8.65412,77.74919,Ambasamudram,Tirunelveli,2490000,802,6.7,Independent House
1958,5-10,2,4,1,61615,3,8.67415,77.76261,Sankarankovil,Tirunelveli,2970000,1517,4.47,Independent House
1123,1-5,4,5,2,81967,4,8.79046,77.75634,Cheranmahadevi,Tirunelveli,2430000,2164,8.51,Builder Floor
609,0-1,1,3,1,105866,4,8.7331,77.71405,Nanguneri Road,Tirunelveli,3020000,4959,5.15,Apartment
1880,1-5,3,4,1,16690,6,8.71551,77.63827,Sankarankovil,Tirunelveli,3030000,1612,13.02,Independent House
2677,1-5,5,8,2,76159,5,8.70827,77.67111,Melapalayam,Tirunelveli,3910000,1461,9.43,Villa
5099,5-10,4,6,2,63921,6,8.69604,77.7243,Cheranmahadevi,Tirunelveli,4490000,881,4.08,Villa
960,1-5,2,4,1,94329,4,8.77502,77.83182,Melapalayam,Tirunelveli,2220000,2312,10.69,Apartment
918,0-1,1,2,1,77628,4,8.80762,77.62599,Murugankurichi,Tirunelveli,1870000,2037,17.75,Apartment
1030,10+,2,3,1,58093,2,8.67223,77.78672,Cheranmahadevi,Tirunelveli,2160000,2097,5.69,Apartment
1403,10+,4,5,3,22496,4,8.69586,77.72874,Melapalayam,Tirunelveli,2460000,1753,3.67,Apartment
2900,0-1,3,4,2,99078,2,8.77168,77.77327,Vannarpet,Tirunelveli,3020000,1041,6.68,Independent House
1644,10+,2,3,2,90015,3,8.75504,77.71519,Palayamkottai,Tirunelveli,1660000,1010,6.46,Apartment
3316,5-10,4,5,4,51491,3,8.75372,77.71435,Ambasamudram,Tirunelveli,2600000,784,6.42,Independent House
928,0-1,3,4,3,81766,3,8.60593,77.804,Ambasamudram,Tirunelveli,2720000,2931,13.08,Apartment
1448,10+,4,7,3,74576,4,8.61046,77.86497,Melapalayam,Tirunelveli,1450000,1001,16.55,Builder Floor
1816,1-5,4,5,4,86618,4,8.73995,77.80375,Sankarankovil,Tirunelveli,2070000,1140,5.93,Builder Floor
2247,10+,2,3,1,73571,2,8.75923,77.65504,Nanguneri Road,Tirunelveli,1630000,725,12.26,Apartment
1231,1-5,3,4,3,61358,2,8.64582,77.79676,Murugankurichi,Tirunelveli,1700000,1381,8.76,Apartment
2453,5-10,2,4,1,28063,3,8.69457,77.7845,Palayamkottai,Tirunelveli,2650000,1080,3.74,Independent House
5954,1-5,3,6,4,71460,4,8.64932,77.75207,Palayamkottai,Tirunelveli,5080000,853,7.2,Villa
1221,10+,3,5,2,75062,2,8.71332,77.73176,Cheranmahadevi,Tirunelveli,3010000,2465,2.74,Independent House
1843,1-5,1,3,1,57821,5,8.70191,77.84568,Cheranmahadevi,Tirunelveli,2470000,1340,9.87,Apartment
1930,1-5,4,5,1,44902,2,8.60208,77.60706,Palayamkottai,Tirunelveli,1960000,1016,20.62,Builder Floor
1840,5-10,3,5,2,94632,5,8.70642,77.72905,Nanguneri Road,Tirunelveli,2550000,1386,3.15,Independent House
964,5-10,3,4,3,50856,5,8.59359,77.75155,Sankarankovil,Tirunelveli,2230000,2313,13.39,Apartment
1994,0-1,2,4,2,63464,5,8.54127,77.79522,Murugankurichi,Tirunelveli,1890000,948,19.66,Apartment
4261,5-10,4,7,4,56150,6,8.68529,77.68627,Palayamkottai,Tirunelveli,4120000,967,8.37,Villa
1253,10+,1,2,1,84308,2,8.70728,77.82592,Nanguneri Road,Tirunelveli,1470000,1173,7.64,Apartment
1503,5-10,3,5,1,28266,4,8.70783,77.76313,Vannarpet,Tirunelveli,2480000,1650,0.98,Independent House
1262,1-5,4,5,2,74845,2,8.71364,77.77454,Murugankurichi,Tirunelveli,3190000,2528,1.96,Independent House
1702,10+,3,4,3,53682,3,8.67648,77.84732,Murugankurichi,Tirunelveli,1940000,1140,10.79,Apartment
1452,5-10,2,3,1,65552,2,8.71513,77.69485,Nanguneri Road,Tirunelveli,2080000,1433,6.8,Apartment
4161,10+,3,6,4,50101,5,8.79084,77.83376,Cheranmahadevi,Tirunelveli,3870000,930,12.04,Villa
5558,1-5,3,5,2,89732,5,8.57723,77.64165,Nanguneri Road,Tirunelveli,3930000,707,19.77,Villa
2045,5-10,1,3,1,76500,5,8.75038,77.80395,Palayamkottai,Tirunelveli,2520000,1232,6.59,Apartment
2479,10+,2,3,1,91103,2,8.73663,77.91129,Vannarpet,Tirunelveli,1670000,674,17.18,Apartment
1794,1-5,4,5,2,79510,4,8.66142,77.81287,Vannarpet,Tirunelveli,2450000,1366,8.5,Apartment
1693,1-5,4,6,2,87137,5,8.77914,77.76395,Nanguneri Road,Tirunelveli,2640000,1559,7.3,Builder Floor
579,1-5,2,3,1,93352,4,8.79504,77.82228,Palayamkottai,Tirunelveli,2110000,3644,11.55,Apartment
2855,1-5,4,6,3,51408,5,8.79655,77.68597,Sankarankovil,Tirunelveli,3620000,1268,12.04,Villa
1630,10+,2,4,1,113188,5,8.78514,77.82909,Nanguneri Road,Tirunelveli,1780000,1092,11.23,Apartment
2828,1-5,0,0,0,5000,0,8.57982,77.75645,Ambasamudram,Tirunelveli,1220000,431,14.91,Plot
5372,5-10,3,6,4,53649,3,8.80401,77.88486,Nanguneri Road,Tirunelveli,3860000,719,17.28,Villa
1856,0-1,2,4,2,81585,3,8.69846,77.76881,Ambasamudram,Tirunelveli,3630000,1956,2.17,Apartment
2638,10+,5,8,4,94543,4,8.78789,77.85889,Sankarankovil,Tirunelveli,2010000,762,13.92,Independent House
1842,5-10,3,5,3,78693,6,8.81241,77.75389,Melapalayam,Tirunelveli,2380000,1292,10.96,Independent House
2294,5-10,1,2,1,80042,4,8.74265,77.73236,Sankarankovil,Tirunelveli,2190000,955,4.17,Apartment
1282,10+,4,5,3,61094,5,8.63453,77.6898,Nanguneri Road,Tirunelveli,1760000,1373,11.49,Builder Floor
1517,1-5,3,4,1,61130,4,8.66496,77.64074,Ambasamudram,Tirunelveli,2470000,1628,13.86,Builder Floor
1854,5-10,1,2,1,80936,5,8.72862,77.86232,Nanguneri Road,Tirunelveli,2020000,1090,11.72,Apartment
1444,0-1,0,0,0,45718,0,8.6278,77.68014,Palayamkottai,Tirunelveli,1260000,873,12.75,Plot
1741,0-1,2,4,1,87869,2,8.77313,77.81029,Ambasamudram,Tirunelveli,2010000,1155,8.84,Builder Floor
2790,5-10,0,0,0,29952,0,8.72776,77.61065,Melapalayam,Tirunelveli,1020000,366,16.13,Plot
2373,10+,1,2,1,79077,4,8.77068,77.75136,Melapalayam,Tirunelveli,2460000,1037,6.34,Apartment
4151,1-5,3,5,2,60807,3,8.65853,77.85991,Murugankurichi,Tirunelveli,4480000,1079,12.91,Villa
1488,10+,3,4,3,45038,3,11.05053,77.4622,Uthukuli,Tiruppur,1830000,1230,14.7,Apartment
2459,5-10,4,5,3,73856,4,11.02356,77.30097,Avinashi,Tiruppur,2650000,1078,10.41,Independent House
1866,1-5,5,8,4,51756,4,11.23212,77.42928,Uthukuli,Tiruppur,2600000,1393,16.78,Builder Floor
1381,1-5,3,4,2,76846,2,11.05122,77.3479,Selvapuram,Tiruppur,2890000,2093,6.41,Apartment
1103,5-10,5,7,5,111404,3,11.13324,77.32408,Selvapuram,Tiruppur,2100000,1904,3.32,Builder Floor
2367,10+,3,4,3,51775,5,11.04514,77.24563,Rayapuram,Tiruppur,2360000,997,12.58,Apartment
815,0-1,2,3,2,62973,3,11.17848,77.31645,Mangalam Road,Tiruppur,2600000,3190,8.23,Apartment
844,5-10,3,4,1,82899,3,11.2306,77.4025,Mangalam Road,Tiruppur,2550000,3021,15.14,Apartment
1467,10+,2,3,2,51099,5,11.14777,77.38049,Udumalpet,Tiruppur,2530000,1725,6.13,Independent House
2364,5-10,3,5,3,50485,3,11.13079,77.40712,Udumalpet,Tiruppur,2230000,943,7.62,Apartment
934,1-5,3,5,3,85459,4,11.31018,77.45024,Veerapandi,Tiruppur,2120000,2270,25.39,Independent House
2347,5-10,1,3,1,67030,3,11.11183,77.35942,Kangeyam,Tiruppur,3240000,1380,2.03,Apartment
2423,5-10,5,7,4,79515,2,11.11591,77.31835,Dharapuram,Tiruppur,3320000,1370,2.62,Independent House
2654,1-5,4,6,4,92228,4,11.0325,77.29688,Veerapandi,Tiruppur,3610000,1360,9.73,Villa
1232,1-5,3,5,2,106506,5,11.13011,77.42815,Mangalam Road,Tiruppur,2270000,1843,9.8,Apartment
1354,0-1,2,4,1,73890,5,11.08261,77.31978,Uthukuli,Tiruppur,2850000,2105,3.7,Builder Floor
642,5-10,2,4,1,65912,6,11.03283,77.33041,Dharapuram,Tiruppur,2970000,4626,8.49,Independent House
1860,1-5,2,4,1,57809,5,11.07512,77.33443,Uthukuli,Tiruppur,3010000,1618,3.78,Apartment
805,5-10,2,3,2,65364,4,11.13401,77.2084,Dharapuram,Tiruppur,2020000,2509,14.75,Apartment
1450,1-5,2,3,2,108015,2,11.06277,77.47492,Rayapuram,Tiruppur,2260000,1559,15.46,Apartment
2162,1-5,4,6,4,66748,2,10.96415,77.44881,Avinashi,Tiruppur,2260000,1045,19.9,Apartment
1693,5-10,3,6,2,127619,6,11.0085,77.28448,Dharapuram,Tiruppur,2330000,1376,12.72,Builder Floor
1701,0-1,3,4,3,91716,6,11.11453,77.38022,Udumalpet,Tiruppur,2610000,1534,4.32,Builder Floor
1446,1-5,2,3,2,23277,3,11.05126,77.33753,Udumalpet,Tiruppur,2810000,1943,6.38,Independent House
1788,1-5,3,5,2,63651,3,11.26284,77.33288,Rayapuram,Tiruppur,2250000,1258,17.19,Apartment
3201,1-5,0,0,0,26273,0,10.99249,77.32502,Mangalam Road,Tiruppur,1570000,490,13.02,Plot
1188,1-5,2,4,2,89644,2,10.98419,77.26747,Veerapandi,Tiruppur,2510000,2113,15.99,Apartment
3120,0-1,0,0,0,65061,0,11.06119,77.42996,Uthukuli,Tiruppur,1760000,564,11.03,Plot
640,5-10,1,3,1,72826,4,11.07917,77.29028,Mangalam Road,Tiruppur,2480000,3875,6.43,Apartment
2569,1-5,0,0,0,50660,0,11.12555,77.28249,Kangeyam,Tiruppur,1880000,732,6.67,Plot
744,1-5,4,5,4,116730,2,11.11637,77.28137,Udumalpet,Tiruppur,2790000,3750,6.58,Apartment
2032,5-10,3,6,3,61355,2,11.10292,77.35248,Avinashi,Tiruppur,2310000,1137,1.39,Independent House
735,0-1,4,6,3,67502,3,11.0761,77.35145,Veerapandi,Tiruppur,2980000,4054,3.78,Independent House
1462,5-10,3,4,1,89238,2,11.12276,77.30084,Veerapandi,Tiruppur,2800000,1915,4.67,Independent House
2491,5-10,4,6,2,52905,3,11.16778,77.26242,Palladam,Tiruppur,2780000,1116,10.82,Independent House
2427,10+,2,4,1,53366,4,11.04281,77.30487,Selvapuram,Tiruppur,2340000,964,8.31,Apartment
1501,1-5,2,4,1,34559,5,11.11861,77.24374,Rayapuram,Tiruppur,2310000,1539,10.68,Builder Floor
2982,5-10,3,5,3,46590,3,11.22474,77.31294,Dharapuram,Tiruppur,2960000,993,13.29,Independent House
1643,5-10,3,4,2,91638,2,11.26631,77.2774,Dharapuram,Tiruppur,2220000,1351,18.87,Apartment
2583,0-1,4,5,4,88203,5,11.05096,77.29593,Selvapuram,Tiruppur,3380000,1309,8.08,Independent House
1906,10+,3,4,2,78554,2,11.17346,77.50041,Rayapuram,Tiruppur,1770000,929,18.82,Apartment
2599,1-5,3,6,2,79273,4,11.06136,77.31231,Veerapandi,Tiruppur,3410000,1312,6.11,Independent House
2099,0-1,3,5,2,66701,2,11.14349,77.31827,Rayapuram,Tiruppur,3660000,1744,4.62,Apartment
2136,10+,2,4,2,53030,4,11.08709,77.23923,Palladam,Tiruppur,2460000,1152,11.37,Apartment
4417,5-10,5,8,4,53339,4,11.04247,77.30002,Dharapuram,Tiruppur,4280000,969,8.6,Villa
1294,10+,2,4,2,70266,4,11.10593,77.351,Mangalam Road,Tiruppur,2420000,1870,1.12,Apartment
2748,1-5,4,6,4,114534,6,11.01338,77.24893,Palladam,Tiruppur,4720000,1718,14.6,Villa
1215,10+,3,5,2,45611,3,11.0693,77.42411,Selvapuram,Tiruppur,2420000,1992,10.05,Independent House
2406,5-10,3,4,2,52164,3,11.12979,77.3814,Mangalam Road,Tiruppur,2880000,1197,4.99,Independent House
1612,0-1,0,0,0,103253,0,11.04979,77.40015,Udumalpet,Tiruppur,1700000,1055,9.17,Plot
681,1-5,3,4,3,61361,3,11.25364,77.24747,Veerapandi,Tiruppur,2740000,4023,19.1,Apartment
1331,1-5,1,2,1,54489,5,11.16597,77.35894,Rayapuram,Tiruppur,3200000,2404,6.68,Apartment
1925,1-5,4,6,3,86126,6,11.05958,77.27018,Kangeyam,Tiruppur,2220000,1153,9.46,Builder Floor
1983,10+,0,0,0,45024,0,10.98021,77.40671,Palladam,Tiruppur,1210000,610,15.96,Plot
1999,5-10,1,3,1,83300,2,10.93111,77.36934,Avinashi,Tiruppur,2100000,1051,19.96,Apartment
1218,10+,3,5,2,74048,2,10.98448,77.29092,Uthukuli,Tiruppur,1940000,1593,14.84,Apartment
1311,0-1,2,4,1,73553,2,11.08625,77.41899,Palladam,Tiruppur,2530000,1930,8.85,Apartment
1956,5-10,1,3,1,39414,3,11.07583,77.22046,Udumalpet,Tiruppur,2470000,1263,13.66,Apartment
1439,10+,2,3,1,85009,5,11.20006,77.48246,Rayapuram,Tiruppur,1850000,1286,18.48,Apartment
4116,0-1,4,6,4,44457,5,10.96837,77.23127,Uthukuli,Tiruppur,3940000,957,19.66,Villa
2486,5-10,4,6,1,108425,6,11.08487,77.39435,Palladam,Tiruppur,2840000,1142,6.38,Independent House
1360,10+,2,3,1,39075,2,10.89865,77.33965,Dharapuram,Tiruppur,1810000,1331,23.33,Apartment
901,5-10,3,5,3,64618,3,11.05898,77.4042,Avinashi,Tiruppur,2410000,2675,8.82,Apartment
1160,10+,3,5,2,65491,5,11.14682,77.27281,Selvapuram,Tiruppur,2520000,2172,8.58,Apartment
798,5-10,1,2,1,52187,5,11.20022,77.40435,Veerapandi,Tiruppur,2510000,3145,12.31,Apartment
3512,1-5,4,7,4,64590,4,11.00599,77.33536,Mangalam Road,Tiruppur,5000000,1424,11.42,Villa
1852,10+,3,6,2,109714,5,11.18286,77.35596,Kangeyam,Tiruppur,2150000,1161,8.43,Independent House
1098,0-1,3,4,2,71665,5,11.10981,77.24556,Avinashi,Tiruppur,2540000,2313,10.43,Apartment
1293,1-5,3,4,2,102620,6,11.02941,77.38374,Kangeyam,Tiruppur,2390000,1848,9.95,Independent House
2406,5-10,2,5,1,86926,4,11.0503,77.35088,Avinashi,Tiruppur,2460000,1022,6.56,Independent House
2422,10+,3,5,3,136025,5,11.06154,77.36766,Mangalam Road,Tiruppur,2780000,1148,5.97,Apartment
3531,10+,4,7,3,101927,5,11.12911,77.27941,Kangeyam,Tiruppur,4250000,1204,7.11,Villa
562,10+,2,3,2,54796,3,10.98756,77.30552,Dharapuram,Tiruppur,1940000,3452,14.0,Apartment
1553,10+,3,6,1,76487,5,11.02305,77.31209,Veerapandi,Tiruppur,2380000,1533,10.02,Builder Floor
2066,0-1,0,0,0,62887,0,11.14679,77.28567,Dharapuram,Tiruppur,1490000,721,7.4,Plot
1952,5-10,4,6,1,100567,4,11.26217,77.34494,Udumalpet,Tiruppur,2380000,1219,17.09,Independent House
1552,5-10,3,6,3,102798,6,11.14457,77.35225,Palladam,Tiruppur,2660000,1714,4.19,Builder Floor
1523,5-10,2,3,2,83062,3,11.0716,77.2251,Veerapandi,Tiruppur,1740000,1142,13.31,Apartment
2398,1-5,2,4,2,103594,4,10.98353,77.3813,Rayapuram,Tiruppur,2770000,1155,14.57,Apartment
1022,0-1,3,6,2,69326,5,11.07551,77.2643,Kangeyam,Tiruppur,4140000,4051,9.15,Independent House
4594,0-1,5,7,3,92731,5,11.10025,77.38563,Kangeyam,Tiruppur,5490000,1195,4.94,Villa
1362,1-5,0,0,0,85595,0,11.21707,77.47667,Selvapuram,Tiruppur,1120000,822,19.09,Plot
749,1-5,1,2,1,82871,4,11.33257,77.38041,Mangalam Road,Tiruppur,2170000,2897,25.28,Apartment
1915,5-10,0,0,0,36784,0,11.13982,77.25711,Mangalam Road,Tiruppur,1390000,726,9.8,Plot
2151,5-10,2,4,2,82206,3,11.16035,77.45389,Palladam,Tiruppur,2410000,1120,13.59,Apartment
1790,1-5,2,4,1,52106,5,11.0815,77.38608,Veerapandi,Tiruppur,3100000,1732,5.75,Apartment
761,5-10,4,5,1,80518,2,11.16085,77.43142,Kangeyam,Tiruppur,2230000,2930,11.44,Independent House
1123,5-10,2,3,2,94270,4,11.22895,77.39974,Dharapuram,Tiruppur,2230000,1986,14.84,Apartment
1217,1-5,3,5,3,105282,5,11.10199,77.40332,Kangeyam,Tiruppur,3110000,2555,6.83,Apartment
3281,5-10,4,7,2,40402,3,11.09981,77.45366,Udumalpet,Tiruppur,4020000,1225,12.32,Villa
2454,5-10,0,0,0,76594,0,11.35623,77.34339,Uthukuli,Tiruppur,910000,371,27.55,Plot
3343,0-1,0,0,0,86003,0,11.11891,77.22077,Dharapuram,Tiruppur,1410000,422,13.18,Plot
2067,5-10,3,4,3,77590,4,11.09886,77.23012,Kangeyam,Tiruppur,2270000,1098,12.16,Independent House
5578,5-10,4,7,4,104479,5,11.04531,77.43199,Veerapandi,Tiruppur,5020000,900,12.15,Villa
1398,1-5,3,6,1,134069,3,11.09275,77.26961,Avinashi,Tiruppur,2520000,1803,7.99,Builder Floor
1574,5-10,2,4,2,77092,3,11.19904,77.35343,Rayapuram,Tiruppur,3040000,1931,10.16,Independent House
2205,10+,0,0,0,79639,0,11.14686,77.38427,Palladam,Tiruppur,1130000,512,6.35,Plot
1199,0-1,3,5,3,42688,2,11.08927,77.40253,Selvapuram,Tiruppur,3390000,2827,7.04,Independent House
3207,0-1,2,4,2,85312,5,11.04217,77.34283,Avinashi,Tiruppur,3780000,1179,7.38,Independent House
3219,0-1,4,5,2,70818,5,11.12886,77.25989,Rayapuram,Tiruppur,3250000,1010,9.15,Independent House
3835,5-10,0,0,0,66187,0,11.06622,77.3728,Veerapandi,Tiruppur,1160000,302,5.84,Plot
3068,0-1,0,0,0,58241,0,11.08569,77.43738,Palladam,Tiruppur,1490000,486,10.81,Plot
543,1-5,3,5,3,58168,4,11.01918,77.26858,Rayapuram,Tiruppur,2560000,4715,12.7,Apartment
3464,0-1,3,6,1,84438,5,11.11409,77.43508,Veerapandi,Tiruppur,4120000,1189,10.27,Independent House
1822,5-10,3,4,2,41126,5,10.91982,77.44341,Palladam,Tiruppur,1970000,1081,23.77,Builder Floor
1651,10+,3,4,1,70079,5,11.06558,77.35721,Uthukuli,Tiruppur,1910000,1157,5.09,Apartment
2020,0-1,2,4,2,85866,4,11.14492,77.35467,Kangeyam,Tiruppur,2810000,1391,4.31,Apartment
3002,5-10,0,0,0,64243,0,11.10206,77.42023,Selvapuram,Tiruppur,1200000,400,8.66,Plot
1367,1-5,2,4,2,52906,4,11.0364,77.30141,Kangeyam,Tiruppur,2920000,2136,9.11,Apartment
3392,1-5,2,5,2,103259,2,11.10032,77.31293,Dharapuram,Tiruppur,3970000,1170,3.21,Independent House
1397,5-10,2,4,1,91135,4,11.1259,77.34639,Uthukuli,Tiruppur,3050000,2183,2.02,Builder Floor
3414,5-10,2,5,2,149645,4,11.18893,77.38087,Kangeyam,Tiruppur,3250000,952,9.94,Independent House
1731,5-10,3,5,2,62365,2,11.1373,77.32285,Rayapuram,Tiruppur,3130000,1808,3.77,Apartment
906,0-1,3,6,2,84572,6,11.15517,77.31493,Dharapuram,Tiruppur,3060000,3377,5.92,Builder Floor
2282,10+,3,5,1,70916,4,11.21004,77.42154,Selvapuram,Tiruppur,2370000,1039,14.3,Apartment
3166,1-5,3,6,4,81160,5,11.06382,77.41296,Udumalpet,Tiruppur,4540000,1434,9.28,Villa
5415,1-5,4,7,2,88001,4,11.23516,77.25009,Uthukuli,Tiruppur,5180000,957,17.23,Villa
666,10+,3,5,1,81555,3,11.20763,77.35482,Selvapuram,Tiruppur,2720000,4084,11.12,Apartment
965,5-10,1,2,1,95516,3,11.15419,77.28569,Veerapandi,Tiruppur,2110000,2187,7.9,Apartment
522,5-10,4,5,4,43247,3,11.10965,77.30069,Mangalam Road,Tiruppur,3240000,6207,4.41,Apartment
792,10+,4,5,4,86472,3,11.12935,77.4465,Selvapuram,Tiruppur,2470000,3119,11.73,Independent House
1719,1-5,1,3,1,95096,2,11.12146,77.4458,Udumalpet,Tiruppur,3110000,1809,11.51,Apartment
3860,0-1,0,0,0,37005,0,11.11004,77.31175,Rayapuram,Tiruppur,1680000,435,3.21,Plot
1173,0-1,3,4,1,77726,5,11.04244,77.40186,Avinashi,Tiruppur,2810000,2396,9.9,Apartment
1267,5-10,2,3,1,69651,4,11.08833,77.28489,Kangeyam,Tiruppur,2460000,1942,6.53,Apartment
1895,10+,1,3,1,48839,3,11.13547,77.30024,Kangeyam,Tiruppur,2060000,1087,5.37,Apartment
1879,5-10,2,3,1,73032,2,11.15552,77.39475,Uthukuli,Tiruppur,2570000,1368,7.85,Apartment
1081,5-10,3,4,3,52374,4,11.18571,77.42649,Udumalpet,Tiruppur,2000000,1850,12.67,Builder Floor
1711,5-10,2,4,1,50619,4,10.96709,77.39309,Dharapuram,Tiruppur,2490000,1455,16.72,Apartment
1799,5-10,2,4,1,63374,4,11.06668,77.33447,Selvapuram,Tiruppur,1990000,1106,4.71,Builder Floor
2012,5-10,3,4,3,61986,4,11.1003,77.37586,Palladam,Tiruppur,3540000,1759,3.9,Apartment
1173,1-5,2,3,2,48746,2,11.03127,77.29172,Dharapuram,Tiruppur,2680000,2285,10.14,Apartment
1957,5-10,5,7,1,91205,6,11.06723,77.3055,Dharapuram,Tiruppur,3180000,1625,6.01,Independent House
1293,1-5,2,4,2,55288,3,11.05215,77.35749,Palladam,Tiruppur,2900000,2243,6.52,Independent House
909,0-1,3,6,3,115877,3,11.12186,77.39977,Dharapuram,Tiruppur,3150000,3465,6.57,Builder Floor
2125,1-5,3,5,3,60214,3,11.16991,77.40034,Palladam,Tiruppur,3000000,1412,9.4,Independent House
1374,10+,3,4,2,68684,4,11.30733,77.35199,Veerapandi,Tiruppur,1570000,1143,22.14,Apartment
2164,10+,3,4,2,124035,2,11.22356,77.36784,Dharapuram,Tiruppur,2130000,984,13.12,Apartment
1652,1-5,2,4,1,59440,4,11.14388,77.19798,Avinashi,Tiruppur,2430000,1471,16.1,Apartment
1448,1-5,2,4,1,21928,3,11.08503,77.30915,Veerapandi,Tiruppur,2540000,1754,4.35,Apartment
1594,10+,2,4,2,69524,2,11.13872,77.48137,Veerapandi,Tiruppur,2030000,1274,15.67,Apartment
2024,0-1,3,4,2,92967,4,11.23319,77.16561,Palladam,Tiruppur,2190000,1082,23.64,Apartment
4339,5-10,4,6,3,85112,3,11.24901,77.46481,Dharapuram,Tiruppur,3300000,761,20.65,Villa
2926,10+,0,0,0,25823,0,11.13188,77.30798,Selvapuram,Tiruppur,1240000,424,4.45,Plot
815,10+,2,4,2,92711,4,11.1642,77.45881,Mangalam Road,Tiruppur,2310000,2834,14.26,Apartment
1461,5-10,2,3,1,50356,2,11.05497,77.40542,Dharapuram,Tiruppur,2660000,1821,9.2,Apartment
1919,1-5,2,4,2,29987,5,11.03156,77.37586,Selvapuram,Tiruppur,2810000,1464,9.36,Apartment
1001,1-5,1,2,1,63826,3,11.01436,77.39143,Palladam,Tiruppur,2980000,2977,11.82,Apartment
2032,0-1,2,3,2,64799,2,11.03804,77.30888,Dharapuram,Tiruppur,3920000,1929,8.59,Apartment
3308,10+,0,0,0,81118,0,11.17012,77.27675,Palladam,Tiruppur,1190000,360,9.81,Plot
2015,5-10,4,5,2,90713,3,11.03158,77.32867,Avinashi,Tiruppur,2950000,1464,8.66,Apartment
1009,5-10,3,6,3,52423,2,11.09062,77.41736,Kangeyam,Tiruppur,2040000,2022,8.56,Independent House
832,1-5,3,4,3,65527,3,11.28613,77.3896,Mangalam Road,Tiruppur,2000000,2404,20.45,Builder Floor
5586,10+,4,7,2,65635,6,11.15753,77.40112,Uthukuli,Tiruppur,4010000,718,8.52,Villa
2168,1-5,2,3,1,68383,5,11.16405,77.42488,Avinashi,Tiruppur,2850000,1315,11.03,Independent House
1224,0-1,1,2,1,73131,5,11.11083,77.52038,Selvapuram,Tiruppur,2460000,2010,19.56,Apartment
2311,1-5,3,5,3,101740,6,11.05351,77.42896,Dharapuram,Tiruppur,2790000,1207,11.37,Independent House
2109,10+,2,4,2,70235,3,11.13442,77.39193,Kangeyam,Tiruppur,2180000,1034,6.25,Apartment
3270,5-10,5,7,1,79130,3,10.88667,77.50672,Avinashi,Tiruppur,1720000,526,30.58,Independent House
604,10+,1,3,1,119473,2,11.26399,77.34554,Selvapuram,Tiruppur,1950000,3228,17.3,Apartment
1290,0-1,2,4,2,66414,3,11.0035,77.17457,Avinashi,Tiruppur,2420000,1876,21.6,Apartment
1362,10+,4,7,1,81762,5,11.15705,77.27614,Selvapuram,Tiruppur,1460000,1072,8.91,Builder Floor
3474,10+,4,6,2,82426,3,11.10714,77.35631,Dharapuram,Tiruppur,5450000,1569,1.67,Villa
2418,1-5,1,3,1,103807,3,11.13537,77.35602,Avinashi,Tiruppur,3830000,1584,3.4,Apartment
1845,10+,1,2,1,78089,4,11.11384,77.39558,Udumalpet,Tiruppur,2230000,1209,5.97,Apartment
1477,0-1,1,3,1,56639,4,11.22523,77.32451,Kangeyam,Tiruppur,2670000,1808,13.11,Apartment
3781,1-5,0,0,0,88620,0,11.16591,77.45718,Udumalpet,Tiruppur,1350000,357,14.18,Plot
5395,1-5,3,6,3,86875,4,11.14403,77.29818,Selvapuram,Tiruppur,5040000,934,6.13,Villa
2181,5-10,5,7,4,104096,5,11.05328,77.40286,Avinashi,Tiruppur,3820000,1751,9.12,Villa
962,5-10,4,6,4,60499,5,11.03974,77.45445,Selvapuram,Tiruppur,2010000,2089,14.54,Apartment
2455,10+,4,5,2,30000,2,11.17049,77.50264,Rayapuram,Tiruppur,1590000,648,18.92,Independent House
2472,1-5,0,0,0,58053,0,11.10482,77.23658,Avinashi,Tiruppur,1370000,554,11.41,Plot
2334,1-5,2,4,1,8538,3,11.18712,77.26419,Avinashi,Tiruppur,2600000,1114,12.12,Apartment
3610,5-10,0,0,0,85024,0,11.08728,77.36461,Veerapandi,Tiruppur,1410000,391,3.49,Plot
848,10+,3,5,1,42841,4,11.21677,77.35607,Rayapuram,Tiruppur,2470000,2913,12.15,Independent House
2198,10+,4,6,4,97408,5,10.9755,77.3269,Selvapuram,Tiruppur,2250000,1024,14.87,Apartment
2095,10+,5,6,1,67570,5,11.12403,77.3601,Selvapuram,Tiruppur,2420000,1155,2.7,Independent House
5958,0-1,5,8,3,89492,5,11.14071,77.33546,Udumalpet,Tiruppur,5910000,992,3.63,Villa
731,1-5,2,4,2,68108,5,11.03354,77.23475,Selvapuram,Tiruppur,2890000,3953,14.29,Apartment
1295,0-1,2,4,1,77140,2,11.12377,77.34967,Udumalpet,Tiruppur,3250000,2510,1.94,Apartment
2621,5-10,3,4,2,96201,5,11.04373,77.49325,Rayapuram,Tiruppur,2750000,1049,18.1,Independent House
474,1-5,3,4,2,92644,2,10.96225,77.47049,Udumalpet,Tiruppur,2320000,4895,21.54,Apartment
1272,1-5,1,3,1,88059,4,11.19545,77.20378,Kangeyam,Tiruppur,2620000,2060,17.83,Apartment
1177,5-10,3,4,2,68641,4,11.27256,77.25416,Rayapuram,Tiruppur,2030000,1725,20.56,Apartment
5593,10+,3,5,2,21571,6,11.44195,77.73704,Perundurai,Erode,3350000,599,11.43,Villa
2442,5-10,4,6,3,40893,3,11.32966,77.7042,Chithode,Erode,2600000,1065,1.9,Apartment
4428,10+,5,7,3,70282,5,11.37894,77.64225,Surampatti,Erode,3180000,718,9.2,Villa
2671,5-10,3,6,3,59284,2,11.29413,77.78077,Anthiyur,Erode,2490000,932,8.67,Independent House
2935,5-10,3,6,3,69849,5,11.23225,77.59914,Bhavani,Erode,3050000,1039,17.66,Villa
1811,10+,2,3,1,56075,2,11.44402,77.56342,Bhavani,Erode,1880000,1038,20.3,Builder Floor
1758,5-10,1,3,1,84259,4,11.35992,77.59153,Anthiyur,Erode,1870000,1064,13.86,Apartment
898,1-5,2,4,1,67833,2,11.32212,77.678,Bhavani,Erode,2440000,2717,4.76,Independent House
784,10+,2,4,1,85386,4,11.1266,77.69371,Anthiyur,Erode,1390000,1773,23.98,Apartment
3279,1-5,3,4,2,106911,3,11.29238,77.69646,Surampatti,Erode,2700000,823,5.86,Independent House
3579,10+,3,5,2,111655,3,11.48245,77.82552,Surampatti,Erode,2290000,640,19.67,Villa
1002,1-5,3,5,2,74010,4,11.25987,77.65303,Surampatti,Erode,2570000,2565,11.42,Apartment
724,5-10,1,2,1,62664,2,11.27151,77.62379,Perundurai,Erode,2340000,3232,12.78,Apartment
1127,10+,4,5,4,77028,6,11.39094,77.80879,Bhavani,Erode,1990000,1766,11.42,Independent House
796,1-5,3,4,1,90562,5,11.2772,77.58457,Gobichettipalayam,Erode,2290000,2877,16.11,Independent House
897,1-5,1,2,1,71745,4,11.38311,77.69936,Perundurai,Erode,2440000,2720,5.07,Apartment
1764,1-5,1,2,1,74176,4,11.37893,77.75007,Anthiyur,Erode,2670000,1514,5.53,Apartment
2699,10+,2,4,2,84794,4,11.24498,77.70379,Sathyamangalam,Erode,2050000,760,10.78,Independent House
1942,5-10,2,4,1,101098,3,11.29223,77.6959,Chithode,Erode,2630000,1354,5.9,Apartment
3141,5-10,2,3,1,53094,5,11.37544,77.61972,Kavindapadi,Erode,2200000,700,11.3,Independent House
1335,5-10,3,4,1,84959,5,11.31761,77.6343,Chithode,Erode,2380000,1783,9.41,Independent House
5340,10+,4,7,4,110547,5,11.20132,77.70262,Modakurichi,Erode,3680000,689,15.61,Villa
1459,10+,4,5,2,41852,5,11.45817,77.79075,Anthiyur,Erode,1840000,1261,15.3,Apartment
2388,10+,3,5,2,56488,4,11.33015,77.79826,Kavindapadi,Erode,2760000,1156,8.92,Apartment
619,1-5,2,4,1,55485,2,11.38045,77.77183,Veerappampalayam,Erode,2700000,4362,7.4,Apartment
1472,0-1,3,4,2,89785,5,11.36794,77.80393,Anthiyur,Erode,2580000,1753,9.92,Apartment
2476,10+,2,4,2,71100,2,11.28899,77.6111,Perundurai,Erode,2030000,820,12.93,Apartment
1989,1-5,3,5,2,101697,5,11.25566,77.73609,Sathyamangalam,Erode,2520000,1267,9.71,Apartment
5920,10+,5,8,2,82159,4,11.35932,77.75111,Veerappampalayam,Erode,2920000,493,4.22,Villa
3743,5-10,4,7,4,55336,3,11.34006,77.73146,Veerappampalayam,Erode,4360000,1165,1.56,Villa
486,5-10,2,4,2,90907,4,11.31799,77.70715,Sathyamangalam,Erode,2370000,4877,2.78,Apartment
1848,10+,3,4,3,78862,3,11.37023,77.7724,Kavindapadi,Erode,2110000,1142,6.84,Apartment
2257,0-1,2,4,2,67052,3,11.44451,77.57641,Anthiyur,Erode,2400000,1063,19.18,Apartment
922,0-1,0,0,0,57449,0,11.23941,77.81289,Veerappampalayam,Erode,1030000,1117,15.38,Plot
1333,1-5,2,3,2,116170,2,11.45703,77.62743,Sathyamangalam,Erode,2070000,1553,16.19,Apartment
827,1-5,2,3,2,74224,4,11.38106,77.67858,Modakurichi,Erode,2390000,2890,6.13,Apartment
2573,1-5,2,5,1,50682,4,11.2666,77.68475,Modakurichi,Erode,2800000,1088,9.0,Independent House
1000,0-1,4,5,3,62399,5,11.39496,77.66692,Sathyamangalam,Erode,2150000,2150,8.13,Builder Floor
944,10+,4,7,4,60057,5,11.38605,77.66641,Modakurichi,Erode,1700000,1801,7.47,Builder Floor
2020,5-10,3,5,2,55063,5,11.40466,77.76041,Anthiyur,Erode,1880000,931,8.5,Apartment
2464,1-5,3,6,2,65907,3,11.24147,77.6942,Perundurai,Erode,2420000,982,11.35,Independent House
1925,5-10,3,5,3,70882,3,11.28428,77.7723,Sathyamangalam,Erode,2090000,1086,8.71,Apartment
1512,5-10,0,0,0,73381,0,11.32591,77.65271,Chithode,Erode,1100000,728,7.23,Plot
990,5-10,0,0,0,87910,0,11.28758,77.54148,Modakurichi,Erode,1040000,1051,20.06,Plot
1432,0-1,2,4,2,52710,2,11.16971,77.754,Chithode,Erode,1820000,1271,19.46,Apartment
1875,10+,2,3,2,61697,2,11.28357,77.69142,Perundurai,Erode,1960000,1045,6.98,Apartment
1842,5-10,3,5,2,72109,5,11.2749,77.65911,Sathyamangalam,Erode,2700000,1466,9.7,Apartment
1453,1-5,5,8,2,57903,3,11.29573,77.83805,Perundurai,Erode,2660000,1831,14.11,Builder Floor
3291,10+,0,0,0,83643,0,11.34344,77.84366,Perundurai,Erode,960000,292,13.79,Plot
3247,1-5,2,3,1,62091,5,11.26123,77.74588,Veerappampalayam,Erode,3040000,936,9.41,Independent House
2390,10+,3,5,2,78893,4,11.32789,77.74938,Sathyamangalam,Erode,2610000,1092,3.8,Apartment
1525,5-10,2,4,2,55943,3,11.34184,77.6931,Sathyamangalam,Erode,2690000,1764,2.63,Apartment
2145,0-1,2,4,1,77655,5,11.49175,77.74531,Sathyamangalam,Erode,2380000,1110,17.04,Apartment
1665,1-5,1,2,1,105089,5,11.49701,77.78411,Gobichettipalayam,Erode,2040000,1225,18.82,Apartment
5539,10+,4,6,3,79958,6,11.38628,77.67852,Perundurai,Erode,3870000,699,6.57,Villa
1556,0-1,4,5,2,51570,4,11.20643,77.82249,Gobichettipalayam,Erode,2230000,1433,18.86,Apartment
5662,1-5,3,6,3,86461,6,11.26289,77.89366,Modakurichi,Erode,3700000,653,21.11,Villa
1991,1-5,2,3,1,76712,3,11.23345,77.69694,Veerappampalayam,Erode,2490000,1251,12.16,Apartment
5681,5-10,3,6,2,80436,5,11.25393,77.71706,Bhavani,Erode,4020000,708,9.68,Villa
1631,10+,2,4,1,79154,5,11.44435,77.77007,Chithode,Erode,2000000,1226,12.86,Apartment
1776,5-10,4,5,2,93558,5,11.28353,77.68641,Gobichettipalayam,Erode,2390000,1346,7.22,Apartment
1553,1-5,2,3,1,77890,5,11.47404,77.63663,Bhavani,Erode,2330000,1500,17.2,Builder Floor
2680,10+,5,8,4,42045,3,11.43358,77.53676,Modakurichi,Erode,1680000,627,22.2,Independent House
1264,5-10,4,7,4,73834,4,11.39423,77.75431,Modakurichi,Erode,2130000,1685,7.17,Independent House
1949,10+,3,5,3,124236,5,11.39476,77.70537,Perundurai,Erode,2140000,1098,6.12,Apartment
3071,0-1,2,5,2,5000,4,11.35632,77.70923,Bhavani,Erode,4450000,1449,1.91,Independent House
1770,10+,2,3,2,65737,5,11.35041,77.7855,Gobichettipalayam,Erode,1870000,1056,7.52,Apartment
1126,1-5,3,4,3,81030,5,11.37455,77.74859,Modakurichi,Erode,2450000,2176,5.06,Apartment
2631,5-10,4,5,2,57032,4,11.34234,77.57308,Chithode,Erode,2490000,946,15.71,Independent House
2077,5-10,4,6,3,78009,2,11.21858,77.61687,Anthiyur,Erode,2030000,977,17.46,Apartment
1768,0-1,2,4,2,95696,3,11.39416,77.66361,Modakurichi,Erode,2270000,1284,8.31,Apartment
4424,5-10,3,6,2,90883,4,11.46339,77.87,Perundurai,Erode,3240000,732,21.51,Villa
2725,0-1,3,4,1,67405,5,11.19083,77.75067,Surampatti,Erode,2580000,947,17.09,Independent House
2206,1-5,0,0,0,46311,0,11.27869,77.69596,Chithode,Erode,1170000,530,7.31,Plot
2774,5-10,2,5,2,44697,3,11.3506,77.85076,Gobichettipalayam,Erode,2220000,800,14.6,Independent House
5357,5-10,3,6,2,83810,5,11.30875,77.75521,Perundurai,Erode,5340000,997,5.48,Villa
2043,5-10,3,5,1,94587,4,11.39675,77.5237,Veerappampalayam,Erode,1530000,749,21.99,Apartment
4887,1-5,5,7,2,55289,3,11.3038,77.74296,Perundurai,Erode,5170000,1058,5.0,Villa
450,5-10,2,3,2,85929,4,11.36647,77.67275,Gobichettipalayam,Erode,2170000,4822,5.61,Apartment
1841,1-5,3,5,1,74562,3,11.42318,77.694,Veerappampalayam,Erode,2920000,1586,9.48,Apartment
2225,10+,4,6,2,81062,4,11.21529,77.62543,Gobichettipalayam,Erode,2810000,1263,17.19,Villa
2049,1-5,4,6,3,82468,3,11.36505,77.86171,Perundurai,Erode,2720000,1327,15.98,Apartment
2705,10+,4,6,2,79470,5,11.33079,77.70246,Bhavani,Erode,2580000,954,1.97,Independent House
1084,5-10,2,3,2,90294,5,11.37471,77.69917,Chithode,Erode,2450000,2260,4.23,Apartment
2032,0-1,4,6,2,57354,5,11.31125,77.87397,Sathyamangalam,Erode,2150000,1058,17.41,Apartment
5151,0-1,4,6,4,39805,4,11.35582,77.7838,Gobichettipalayam,Erode,5860000,1138,7.45,Villa
5319,5-10,4,6,3,95588,3,11.36576,77.80691,Perundurai,Erode,4130000,776,10.16,Villa
2128,0-1,3,5,2,56321,5,11.33215,77.82249,Anthiyur,Erode,2870000,1349,11.52,Apartment
2507,5-10,5,8,3,53320,6,11.4993,77.60599,Bhavani,Erode,2650000,1057,21.37,Villa
1209,1-5,3,4,3,130772,5,11.31956,77.81474,Gobichettipalayam,Erode,2300000,1902,10.9,Apartment
2406,1-5,2,4,1,62609,5,11.32553,77.79567,Anthiyur,Erode,2120000,881,8.73,Apartment
3181,1-5,3,4,2,33928,2,11.38122,77.6362,Gobichettipalayam,Erode,3070000,965,9.9,Independent House
952,5-10,1,3,1,61030,4,11.43875,77.62016,Modakurichi,Erode,1710000,1796,15.17,Apartment
1305,10+,4,7,4,100500,2,11.36819,77.75363,Perundurai,Erode,2460000,1885,4.99,Independent House
1695,5-10,2,4,2,59602,2,11.26346,77.78527,Sathyamangalam,Erode,1820000,1074,11.38,Builder Floor
665,10+,2,3,1,109818,2,11.16731,77.80968,Kavindapadi,Erode,1280000,1925,21.79,Apartment
1291,1-5,1,3,1,128054,3,11.39362,77.66128,Bhavani,Erode,2670000,2068,8.45,Apartment
5687,10+,4,6,4,64834,4,11.28121,77.86604,Anthiyur,Erode,3270000,575,17.54,Villa
1864,5-10,1,2,1,121160,3,11.29504,77.77453,Gobichettipalayam,Erode,2770000,1486,8.07,Apartment
1224,5-10,2,3,1,71108,6,11.33923,77.82669,Surampatti,Erode,2310000,1887,11.94,Builder Floor
2010,5-10,2,3,2,82866,2,11.35929,77.82186,Veerappampalayam,Erode,2300000,1144,11.59,Apartment
1922,5-10,4,6,1,72388,4,11.33193,77.63706,Anthiyur,Erode,3080000,1602,8.8,Apartment
1728,5-10,3,6,1,80344,3,11.23271,77.70401,Surampatti,Erode,2680000,1551,12.13,Independent House
1550,1-5,1,2,1,78347,5,11.25263,77.76005,Kavindapadi,Erode,1400000,903,10.88,Apartment
1019,1-5,2,3,2,69030,5,11.35972,77.66819,Veerappampalayam,Erode,2670000,2620,5.73,Apartment
2176,0-1,0,0,0,67154,0,11.43997,77.82218,Sathyamangalam,Erode,1100000,506,15.88,Plot
2871,10+,0,0,0,64703,0,11.38837,77.79293,Bhavani,Erode,1190000,414,9.79,Plot
2266,5-10,3,4,3,81553,5,11.34991,77.70278,Perundurai,Erode,2300000,1015,1.86,Apartment
848,0-1,3,5,1,142045,5,11.30636,77.60105,Anthiyur,Erode,2890000,3408,13.24,Apartment
1195,1-5,2,3,2,87094,3,11.40241,77.7251,Modakurichi,Erode,2440000,2042,6.88,Apartment
941,0-1,3,4,1,76770,4,11.41579,77.63401,Sathyamangalam,Erode,2400000,2550,12.3,Builder Floor
1619,5-10,3,6,2,18887,3,11.30117,77.71764,Veerappampalayam,Erode,2140000,1322,4.43,Builder Floor
4117,1-5,5,7,3,89319,3,11.34271,77.81164,Surampatti,Erode,4720000,1146,10.3,Villa
672,1-5,2,4,2,84914,4,11.33416,77.72626,Veerappampalayam,Erode,2850000,4241,1.25,Apartment
1115,1-5,5,7,5,97943,5,11.40171,77.70756,Chithode,Erode,2740000,2457,6.83,Independent House
5294,5-10,3,6,4,91733,4,11.4312,77.64953,Bhavani,Erode,4260000,805,12.45,Villa
1075,5-10,4,5,2,40474,5,11.28243,77.53399,Sathyamangalam,Erode,1930000,1795,21.01,Apartment
1691,1-5,2,3,1,50602,4,11.3891,77.86615,Surampatti,Erode,2520000,1490,17.1,Apartment
923,1-5,3,4,3,60940,4,11.31539,77.67398,Surampatti,Erode,2420000,2622,5.51,Builder Floor
550,1-5,3,4,1,86301,3,11.28441,77.63632,Perundurai,Erode,2630000,4782,10.83,Apartment
1564,5-10,1,3,1,60392,3,11.23458,77.70246,Veerappampalayam,Erode,2370000,1515,11.94,Apartment
4708,5-10,3,6,2,34782,3,11.47408,77.59897,Chithode,Erode,3540000,752,19.62,Villa
1141,10+,2,3,1,104566,5,11.18061,77.7984,Chithode,Erode,1520000,1332,19.91,Apartment
2071,5-10,2,3,2,100201,3,11.28728,77.7204,Sathyamangalam,Erode,2230000,1077,5.98,Independent House
853,10+,3,5,1,74468,4,11.3018,77.70917,Bhavani,Erode,2240000,2626,4.45,Apartment
1752,0-1,5,6,4,85725,4,11.39471,77.74793,Bhavani,Erode,2170000,1239,6.85,Builder Floor
2560,1-5,4,7,4,60434,3,11.35421,77.88625,Veerappampalayam,Erode,4290000,1676,18.49,Villa
727,5-10,3,6,1,45522,5,11.32574,77.71093,Modakurichi,Erode,2530000,3480,1.83,Independent House
1886,10+,2,4,1,33966,6,11.43679,77.77282,Gobichettipalayam,Erode,1910000,1013,12.26,Independent House
2893,5-10,4,7,4,48935,4,11.34841,77.75195,Anthiyur,Erode,2750000,951,3.88,Independent House
3492,10+,3,4,2,91002,2,11.3083,77.73488,Veerappampalayam,Erode,2340000,670,4.12,Independent House
2023,10+,5,8,4,71834,3,11.3381,77.69429,Anthiyur,Erode,3730000,1844,2.52,Villa
605,5-10,2,3,1,61516,2,11.31751,77.64029,Surampatti,Erode,2120000,3504,8.78,Apartment
1631,5-10,3,5,1,98152,3,11.43404,77.78681,Modakurichi,Erode,2120000,1300,12.83,Apartment
1839,5-10,1,3,1,97846,4,11.38837,77.76704,Kavindapadi,Erode,2260000,1229,7.57,Apartment
694,0-1,3,4,1,37670,3,11.31659,77.7719,Modakurichi,Erode,2500000,3602,6.55,Apartment
955,1-5,1,2,1,19990,5,11.38816,77.76062,Modakurichi,Erode,2640000,2764,7.06,Apartment
4997,5-10,3,6,4,49565,6,11.20854,77.76751,Modakurichi,Erode,4270000,855,15.72,Villa
5143,0-1,4,7,2,57376,4,11.41665,77.70752,Perundurai,Erode,5790000,1126,8.48,Villa
1048,5-10,2,3,1,25690,5,11.39516,77.61973,Veerappampalayam,Erode,2130000,2032,12.21,Apartment
2980,1-5,0,0,0,73563,0,11.20802,77.66946,Anthiyur,Erode,1320000,443,15.68,Plot
3471,10+,0,0,0,66219,0,11.37086,77.67747,Sathyamangalam,Erode,920000,265,5.46,Plot
1237,10+,3,4,3,84842,3,11.29131,77.56393,Gobichettipalayam,Erode,1810000,1463,17.6,Independent House
1461,1-5,4,5,4,96383,4,11.30378,77.67229,Kavindapadi,Erode,2490000,1704,6.41,Apartment
773,1-5,2,3,1,52624,5,11.17557,77.62497,Surampatti,Erode,2460000,3182,20.97,Independent House
3632,1-5,0,0,0,37948,0,11.40301,77.83811,Surampatti,Erode,1010000,278,14.88,Plot
762,0-1,2,3,1,63826,2,11.37052,77.72492,Modakurichi,Erode,3130000,4108,3.39,Apartment
2098,5-10,1,3,1,109844,4,11.31754,77.68975,Gobichettipalayam,Erode,1950000,929,3.97,Apartment
2498,10+,4,6,1,45385,4,11.27192,77.58463,Perundurai,Erode,2160000,865,16.37,Apartment
1106,5-10,3,4,3,101234,5,11.35468,77.72789,Chithode,Erode,2680000,2423,1.92,Builder Floor
2123,5-10,0,0,0,100845,0,11.39447,77.62684,Perundurai,Erode,1020000,480,11.51,Plot
4579,10+,5,8,3,60626,3,11.37052,77.90654,Kavindapadi,Erode,3010000,657,20.9,Villa
684,10+,2,3,1,60590,4,11.27405,77.79432,Modakurichi,Erode,1820000,2661,11.23,Apartment
4606,5-10,3,6,2,70393,3,11.41756,77.70134,Veerappampalayam,Erode,3900000,847,8.69,Villa
831,1-5,1,3,1,87605,5,11.34845,77.70411,Chithode,Erode,2670000,3213,1.65,Apartment
1346,10+,2,3,2,57866,3,11.4845,77.70946,Anthiyur,Erode,1690000,1256,15.98,Builder Floor
940,10+,1,2,1,64965,3,11.31209,77.69781,Surampatti,Erode,2320000,2468,3.85,Apartment
595,5-10,2,4,1,65679,2,11.26302,77.81011,Kavindapadi,Erode,1540000,2588,13.33,Apartment
3199,1-5,2,3,1,104924,2,11.47341,77.67681,Modakurichi,Erode,2380000,744,15.37,Independent House
5194,1-5,4,7,2,74985,6,11.33743,77.70395,Gobichettipalayam,Erode,6380000,1228,1.5,Villa
1805,5-10,2,3,2,16227,5,11.34995,77.56804,Kavindapadi,Erode,2280000,1263,16.29,Independent House
1212,1-5,3,5,1,91293,4,11.32007,77.63579,Surampatti,Erode,2550000,2104,9.18,Apartment
1705,1-5,2,4,1,42801,4,11.36491,77.8121,Anthiyur,Erode,2270000,1331,10.68,Apartment
1660,0-1,2,4,2,80679,2,11.37802,77.71491,Gobichettipalayam,Erode,2390000,1440,4.12,Apartment
654,5-10,2,3,1,86997,3,11.37203,77.78285,Bhavani,Erode,2030000,3104,7.95,Independent House
2386,1-5,3,5,3,68736,2,11.41258,77.71442,Perundurai,Erode,2870000,1203,7.97,Apartment
1817,5-10,3,5,3,21591,3,13.02517,79.21757,Jolarpet,Vellore,2140000,1178,15.2,Apartment
1388,5-10,2,4,1,39216,3,12.85553,78.94776,Jolarpet,Vellore,1220000,879,21.14,Apartment
754,1-5,3,4,2,82615,4,12.77591,79.15738,Vaniyambadi,Vellore,2560000,3395,15.86,Independent House
1328,1-5,3,4,1,61024,6,12.87411,79.0801,Katpadi,Vellore,2330000,1755,7.38,Independent House
1836,5-10,3,6,2,94236,6,12.86508,79.11094,Arni Road,Vellore,2170000,1182,6.18,Independent House
2476,10+,2,3,2,71662,3,12.78117,79.12811,Sathuvachari,Vellore,2170000,876,15.06,Apartment
2250,5-10,0,0,0,40267,0,13.05238,79.19766,Vaniyambadi,Vellore,1000000,444,16.68,Plot
793,0-1,3,4,3,69790,5,13.08792,79.24767,Gandhinagar,Vellore,1590000,2005,22.78,Apartment
2269,1-5,5,7,3,68969,6,13.01526,79.16673,Sathuvachari,Vellore,4570000,2014,11.59,Villa
895,5-10,0,0,0,56276,0,12.7555,79.19462,Jolarpet,Vellore,1050000,1173,19.13,Plot
3586,10+,4,7,2,68350,3,12.76209,79.16706,Arni Road,Vellore,3080000,859,17.57,Villa
1928,10+,3,4,2,52473,2,12.82214,79.20065,Gudiyatham,Vellore,1460000,757,12.83,Apartment
941,5-10,0,0,0,39351,0,13.03357,79.16173,Vaniyambadi,Vellore,900000,956,13.4,Plot
1788,5-10,3,6,2,83506,3,12.88309,79.06262,Vaniyambadi,Vellore,2710000,1516,8.44,Independent House
1356,5-10,2,4,1,63168,4,13.07994,79.18111,Katpadi,Vellore,1890000,1394,18.92,Independent House
4415,0-1,3,5,4,75486,4,12.9683,79.13084,Gandhinagar,Vellore,4870000,1103,5.76,Villa
2281,0-1,3,5,1,63424,2,13.00655,79.15195,Sathuvachari,Vellore,2510000,1100,10.23,Apartment
1747,0-1,4,7,4,46264,3,12.97241,79.01239,Arni Road,Vellore,2380000,1362,14.42,Independent House
1349,1-5,1,3,1,59725,2,12.89751,79.10032,Ambur,Vellore,2460000,1824,4.08,Apartment
1940,1-5,3,6,1,86515,6,12.87053,79.12081,Katpadi,Vellore,2120000,1093,5.27,Builder Floor
2671,10+,4,7,3,71200,4,12.88782,79.08401,Katpadi,Vellore,3020000,1131,6.15,Villa
728,1-5,3,4,3,104361,5,12.82782,79.08219,Gandhinagar,Vellore,2090000,2871,11.27,Apartment
1018,10+,4,7,4,57413,6,12.8385,79.15468,Jolarpet,Vellore,1720000,1690,9.0,Builder Floor
2209,5-10,3,5,3,44519,3,12.93368,79.10266,Gudiyatham,Vellore,2530000,1145,3.76,Apartment
2004,10+,2,3,1,92689,5,12.89174,79.11701,Katpadi,Vellore,2370000,1183,3.22,Apartment
1881,5-10,4,7,3,57292,2,12.86329,79.19104,Virudhambakkam,Vellore,1550000,824,8.68,Builder Floor
1905,5-10,3,4,2,58691,4,12.88062,79.17475,Gudiyatham,Vellore,1900000,997,6.07,Apartment
1678,10+,3,4,3,52369,3,12.86279,79.11903,Gandhinagar,Vellore,1730000,1031,6.15,Apartment
2238,0-1,2,5,1,75166,3,12.85426,79.10686,Vaniyambadi,Vellore,2770000,1238,7.46,Independent House
577,1-5,4,6,2,59287,5,12.92267,79.33141,Gandhinagar,Vellore,1980000,3432,21.57,Apartment
2758,5-10,4,7,3,53789,2,12.89022,79.18511,Vaniyambadi,Vellore,3210000,1164,6.41,Independent House
1302,10+,2,4,2,36878,2,12.89884,79.09128,Gandhinagar,Vellore,2450000,1882,4.88,Apartment
1878,1-5,2,3,1,34910,2,12.99983,79.04396,Sathuvachari,Vellore,2270000,1209,13.34,Apartment
1899,0-1,2,3,2,85633,4,12.88937,78.96825,Vaniyambadi,Vellore,2410000,1269,18.06,Apartment
1754,10+,3,5,2,119271,4,12.92619,79.10254,Gudiyatham,Vellore,2080000,1186,3.42,Apartment
2305,10+,4,6,3,58805,5,12.95469,79.21501,Virudhambakkam,Vellore,1620000,703,9.9,Independent House
1254,10+,1,2,1,92982,4,12.91638,79.18514,Ambur,Vellore,2590000,2065,5.71,Apartment
2306,0-1,3,5,2,76668,2,12.99309,79.03455,Katpadi,Vellore,2420000,1049,13.61,Apartment
4405,1-5,4,7,4,88954,4,12.85971,79.21986,Arni Road,Vellore,4180000,949,11.38,Villa
1635,10+,2,5,2,77997,6,12.86735,79.02116,Jolarpet,Vellore,1640000,1003,13.25,Builder Floor
3856,1-5,3,5,3,77738,4,12.92867,79.16353,Gudiyatham,Vellore,3940000,1022,3.63,Villa
829,10+,1,2,1,72098,5,12.88886,79.04875,Gudiyatham,Vellore,1930000,2328,9.58,Apartment
2501,1-5,0,0,0,73237,0,12.89344,79.1998,Vaniyambadi,Vellore,1240000,496,7.73,Plot
1302,5-10,3,5,3,114618,3,12.92711,79.08846,Arni Road,Vellore,3160000,2427,4.92,Independent House
2883,1-5,5,7,4,88558,5,12.96334,79.30631,Gandhinagar,Vellore,3160000,1096,19.54,Villa
2403,5-10,2,3,2,78434,4,12.8491,79.08635,Vaniyambadi,Vellore,2780000,1157,9.01,Independent House
3230,1-5,5,8,4,76637,5,12.93726,79.134,Ambur,Vellore,4810000,1489,2.31,Villa
770,10+,4,6,4,73537,5,12.8759,79.19923,Ambur,Vellore,1440000,1870,8.53,Apartment
2080,10+,3,4,1,96926,4,12.83514,79.0755,Gudiyatham,Vellore,1670000,803,10.96,Independent House
1439,0-1,2,4,1,65527,2,12.92192,79.22153,Sathuvachari,Vellore,2190000,1522,9.67,Builder Floor
1585,10+,3,6,1,55636,4,12.94458,79.22942,Vaniyambadi,Vellore,2130000,1344,10.96,Builder Floor
3682,5-10,5,7,2,77928,3,13.0181,79.10065,Arni Road,Vellore,3860000,1048,11.81,Villa
2202,5-10,4,6,3,87882,4,12.78649,79.23593,Vaniyambadi,Vellore,1570000,713,18.3,Apartment
1332,10+,3,5,1,82351,3,12.93657,79.19834,Ambur,Vellore,2380000,1787,7.48,Independent House
2110,1-5,4,5,3,40328,6,12.91929,79.14501,Katpadi,Vellore,2730000,1294,1.39,Independent House
1588,10+,3,5,3,59238,2,12.81053,79.17355,Katpadi,Vellore,2250000,1417,12.6,Independent House
749,10+,2,3,1,39329,2,12.87952,78.99479,Katpadi,Vellore,1730000,2310,15.48,Apartment
1607,1-5,0,0,0,75734,0,12.90633,79.22407,Gudiyatham,Vellore,1110000,691,9.99,Plot
1335,5-10,2,3,2,110567,3,12.85105,79.10333,Gudiyatham,Vellore,2550000,1910,7.93,Apartment
1727,10+,2,4,2,69423,3,12.91253,79.07505,Virudhambakkam,Vellore,2000000,1158,6.24,Apartment
5298,1-5,3,6,3,66287,6,12.97474,78.99217,Katpadi,Vellore,3870000,730,16.53,Villa
2333,10+,3,5,2,102661,5,13.029,79.19098,Gandhinagar,Vellore,1930000,827,14.02,Apartment
2078,5-10,2,3,1,49897,5,13.01181,79.02922,Gandhinagar,Vellore,1570000,756,15.41,Apartment
809,5-10,3,5,1,64395,3,13.00601,79.3102,Sathuvachari,Vellore,1600000,1978,21.68,Builder Floor
2066,1-5,4,7,2,46586,5,12.94389,79.2191,Ambur,Vellore,2470000,1196,9.87,Independent House
2157,0-1,2,3,2,63431,5,12.97065,79.04601,Sathuvachari,Vellore,2960000,1372,11.14,Apartment
2512,0-1,3,4,1,100703,5,12.8323,78.96555,Arni Road,Vellore,2590000,1031,20.38,Independent House
2178,0-1,2,3,2,86717,5,12.84462,79.11084,Virudhambakkam,Vellore,2430000,1116,8.33,Apartment
1884,1-5,0,0,0,84010,0,12.9123,79.22477,Ambur,Vellore,1300000,690,10.01,Plot
1338,5-10,2,4,2,52860,5,12.96766,79.1849,Arni Road,Vellore,2160000,1614,8.04,Apartment
893,1-5,0,0,0,14689,0,13.04247,79.03691,Gandhinagar,Vellore,1230000,1377,17.42,Plot
1719,5-10,3,5,3,64144,2,12.96286,79.11136,Jolarpet,Vellore,2110000,1227,5.64,Builder Floor
872,0-1,2,4,2,105303,5,12.92188,79.20187,Ambur,Vellore,2260000,2592,7.54,Apartment
2090,10+,3,6,4,96575,3,13.09083,79.07636,Katpadi,Vellore,2640000,1263,20.32,Villa
1771,10+,2,5,1,54613,5,12.84793,79.2664,Gandhinagar,Vellore,1910000,1078,16.4,Independent House
1845,5-10,2,3,2,43315,2,12.84695,79.24507,Jolarpet,Vellore,1640000,889,14.45,Apartment
2870,5-10,3,6,1,67376,2,12.86405,79.13977,Virudhambakkam,Vellore,3310000,1153,5.89,Independent House
3095,10+,2,3,1,127893,6,12.84908,79.2635,Virudhambakkam,Vellore,2270000,733,16.06,Independent House
5863,5-10,4,6,2,69392,5,12.86808,79.17187,Sathuvachari,Vellore,4280000,730,6.87,Villa
1197,1-5,2,4,2,86713,2,12.83384,79.17987,Jolarpet,Vellore,2310000,1930,10.53,Apartment
871,1-5,3,6,3,50214,3,12.8951,79.17507,Sathuvachari,Vellore,2520000,2893,5.19,Independent House
1230,5-10,0,0,0,75240,0,12.96179,79.20985,Katpadi,Vellore,1040000,846,9.78,Plot
2168,0-1,1,3,1,64616,4,12.89477,79.07919,Virudhambakkam,Vellore,2610000,1204,6.26,Apartment
2113,10+,3,4,2,67154,4,12.92975,79.27249,Gudiyatham,Vellore,1500000,710,15.24,Apartment
1393,1-5,2,3,1,38483,2,12.89725,79.11669,Katpadi,Vellore,3110000,2233,2.74,Apartment
715,0-1,3,5,3,54341,6,12.95126,79.04507,Katpadi,Vellore,2140000,2993,10.23,Independent House
2182,5-10,4,5,2,76150,3,12.94172,79.14175,Virudhambakkam,Vellore,2650000,1214,2.98,Independent House
2308,1-5,2,4,1,62270,2,12.9802,79.14255,Gudiyatham,Vellore,3030000,1313,7.17,Apartment
1774,1-5,3,4,2,64976,4,12.91053,79.0943,Gandhinagar,Vellore,3380000,1905,4.19,Independent House
2469,5-10,2,4,2,81092,2,12.9883,79.01834,Virudhambakkam,Vellore,2020000,818,14.72,Apartment
2337,1-5,3,5,2,48447,6,12.85546,79.24863,Virudhambakkam,Vellore,2320000,993,14.3,Independent House
1560,1-5,4,6,4,60182,5,12.99337,79.12682,Jolarpet,Vellore,2630000,1686,8.57,Independent House
2480,5-10,3,5,3,71296,3,12.77329,79.23364,Virudhambakkam,Vellore,2130000,859,19.33,Apartment
1972,10+,0,0,0,104446,0,12.84482,79.15418,Gandhinagar,Vellore,930000,472,8.31,Plot
1479,1-5,2,3,1,54165,2,12.96125,79.11016,Jolarpet,Vellore,2750000,1859,5.53,Apartment
1455,5-10,1,2,1,78606,5,12.89526,79.16883,Gudiyatham,Vellore,2850000,1959,4.59,Apartment
1374,10+,3,5,1,48484,4,12.9415,78.9902,Vaniyambadi,Vellore,1600000,1164,15.67,Apartment
3000,5-10,3,6,4,65016,3,12.89073,79.14775,Arni Road,Vellore,4690000,1563,3.31,Villa
1190,5-10,2,4,1,110891,6,12.92435,79.21481,Gudiyatham,Vellore,2010000,1689,8.96,Builder Floor
3411,1-5,3,6,1,63840,4,12.8713,79.18283,Arni Road,Vellore,3210000,941,7.42,Independent House
1010,1-5,4,5,4,111434,3,12.90722,79.19038,Ambur,Vellore,2250000,2228,6.36,Builder Floor
1864,1-5,4,5,1,38181,5,12.92881,79.0772,Sathuvachari,Vellore,2440000,1309,6.15,Apartment
1827,10+,2,4,2,51480,5,12.94702,79.12381,Gudiyatham,Vellore,1900000,1040,3.52,Apartment
2059,0-1,2,4,1,50961,3,12.96856,79.13823,Gudiyatham,Vellore,3370000,1637,5.82,Apartment
1868,0-1,2,3,1,65609,6,12.9026,79.02723,Gandhinagar,Vellore,2860000,1531,11.51,Independent House
1068,10+,3,4,3,76650,4,12.83344,79.19457,Virudhambakkam,Vellore,1810000,1695,11.43,Apartment
2102,0-1,3,6,4,71005,3,13.06181,79.22392,Jolarpet,Vellore,3450000,1641,18.95,Villa
1042,10+,1,2,1,78855,3,13.01366,79.20097,Gudiyatham,Vellore,1980000,1900,13.11,Apartment
631,1-5,1,2,1,66306,5,12.98157,79.03299,Ambur,Vellore,2240000,3550,12.99,Apartment
4768,5-10,4,7,4,75181,5,12.89926,79.17754,Katpadi,Vellore,4110000,862,5.24,Villa
1629,1-5,0,0,0,76054,0,12.85209,79.11171,Gudiyatham,Vellore,1160000,712,7.51,Plot
2112,1-5,3,4,2,49632,3,13.01317,79.06062,Gudiyatham,Vellore,2420000,1146,13.27,Independent House
3071,1-5,0,0,0,56806,0,12.99917,78.99348,Katpadi,Vellore,1170000,381,17.65,Plot
1279,0-1,2,5,1,55328,3,12.93457,79.02438,Arni Road,Vellore,1900000,1486,11.89,Builder Floor
1873,5-10,5,6,1,89116,4,12.99755,79.07592,Katpadi,Vellore,1800000,961,10.9,Builder Floor
847,1-5,0,0,0,51394,0,12.82724,79.22124,Jolarpet,Vellore,990000,1169,13.82,Plot
3923,0-1,0,0,0,39714,0,13.0952,79.1075,Ambur,Vellore,970000,247,20.05,Plot
1844,0-1,3,5,3,32998,3,13.02851,79.08229,Ambur,Vellore,2610000,1415,13.59,Builder Floor
1894,5-10,2,4,2,76619,5,12.87974,79.20313,Virudhambakkam,Vellore,2180000,1151,8.68,Apartment
949,1-5,1,3,1,57705,5,12.99261,79.00692,Katpadi,Vellore,2100000,2213,16.03,Apartment
1993,5-10,3,6,3,65962,6,13.01347,79.17422,Jolarpet,Vellore,2130000,1069,11.69,Builder Floor
1999,0-1,1,2,1,41343,4,12.92713,79.0751,Arni Road,Vellore,2860000,1431,6.33,Apartment
1375,1-5,2,4,2,109503,2,13.02925,79.21574,Sathuvachari,Vellore,2490000,1811,15.44,Apartment
732,1-5,2,3,1,47942,5,12.86703,79.14905,Arni Road,Vellore,2770000,3784,5.79,Apartment
2428,1-5,1,2,1,50461,2,12.77349,79.12373,Gandhinagar,Vellore,1880000,774,15.93,Apartment
1022,5-10,2,4,2,68777,4,12.84591,79.17647,Gudiyatham,Vellore,1570000,1536,9.18,Builder Floor
1249,1-5,3,4,3,117567,5,12.90795,79.13661,Jolarpet,Vellore,3460000,2770,1.05,Independent House
1726,5-10,2,3,1,58258,2,12.87382,79.08228,Ambur,Vellore,1710000,991,7.22,Apartment
4902,1-5,3,6,2,69743,6,12.98283,79.10045,Sathuvachari,Vellore,4420000,902,8.15,Villa
1727,0-1,0,0,0,50382,0,12.84902,79.09489,Virudhambakkam,Vellore,1210000,701,8.54,Plot
1676,10+,0,0,0,82806,0,12.94318,79.12911,Ambur,Vellore,1080000,644,2.99,Plot
1405,0-1,2,3,2,98094,3,12.98137,79.20754,Jolarpet,Vellore,2290000,1630,10.87,Apartment
2838,10+,4,6,3,66920,3,13.04321,78.992,Ambur,Vellore,2740000,965,20.74,Villa
1602,5-10,0,0,0,66673,0,13.00059,79.06617,Sathuvachari,Vellore,1100000,687,11.79,Plot
1405,0-1,3,5,2,35284,3,12.81378,79.21956,Arni Road,Vellore,2320000,1651,14.82,Apartment
1123,0-1,2,4,1,63971,4,13.00791,79.10491,Virudhambakkam,Vellore,1980000,1763,10.59,Apartment
2072,0-1,2,3,2,115214,2,12.9252,79.04703,Virudhambakkam,Vellore,2510000,1211,9.31,Apartment
1891,5-10,4,6,2,50208,4,13.04265,79.06546,Gandhinagar,Vellore,1950000,1031,15.8,Apartment
629,5-10,2,3,1,81310,3,12.9061,79.13583,Arni Road,Vellore,2790000,4436,1.21,Independent House
839,1-5,2,3,1,55392,2,12.98465,79.10775,Jolarpet,Vellore,2610000,3111,8.04,Apartment
2087,1-5,2,4,2,69146,2,12.98404,79.2109,Gudiyatham,Vellore,2350000,1126,11.34,Apartment
2754,10+,0,0,0,96541,0,12.93359,79.23662,Virudhambakkam,Vellore,1030000,374,11.44,Plot
1939,10+,3,4,2,89532,6,12.85968,79.18395,Ambur,Vellore,2290000,1181,8.43,Independent House
1537,1-5,0,0,0,82505,0,12.91871,79.20664,Arni Road,Vellore,1050000,683,8.04,Plot
1747,1-5,2,4,2,112163,4,12.91889,79.10862,Gudiyatham,Vellore,3130000,1792,2.6,Apartment
1847,0-1,2,4,2,54738,5,12.93984,79.18239,Arni Road,Vellore,2560000,1386,6.0,Apartment
1860,5-10,0,0,0,41637,0,12.86422,79.12133,Arni Road,Vellore,1020000,548,5.94,Plot
3667,5-10,3,5,2,59405,5,12.96342,78.97301,Virudhambakkam,Vellore,3460000,944,18.05,Villa
5096,5-10,5,8,4,89835,5,12.82034,79.17885,Gandhinagar,Vellore,3930000,771,11.81,Villa
1522,1-5,1,2,1,39305,4,12.91521,79.10713,Sathuvachari,Vellore,2990000,1965,2.75,Apartment
4249,0-1,4,6,2,60100,3,12.93628,79.27404,Vaniyambadi,Vellore,3680000,866,15.5,Villa
2489,5-10,4,7,4,97442,3,13.02366,79.15801,Ambur,Vellore,3480000,1398,12.23,Villa
1186,10+,2,4,1,43966,3,12.94383,79.1092,Katpadi,Vellore,1820000,1535,3.95,Apartment
1333,10+,0,0,0,86486,0,12.86451,79.26418,Vaniyambadi,Vellore,850000,638,15.4,Plot
3583,0-1,0,0,0,86325,0,12.7632,79.12972,Katpadi,Vellore,1150000,321,17.05,Plot
1808,5-10,2,3,1,85474,4,12.8679,79.07085,Gandhinagar,Vellore,2450000,1355,8.59,Apartment
1361,1-5,0,0,0,59791,0,12.916,79.2137,Vaniyambadi,Vellore,1270000,933,8.8,Plot
2462,5-10,4,5,2,40244,3,8.73284,78.12999,Kovilpatti,Thoothukudi,2470000,1003,3.53,Apartment
1626,5-10,2,5,1,49623,5,8.80934,78.1597,Tuticorin Port Area,Thoothukudi,2270000,1396,5.72,Builder Floor
1091,10+,1,2,1,67963,2,8.83468,78.22167,Kayalpatnam,Thoothukudi,1670000,1531,12.35,Apartment
772,0-1,4,6,3,57704,6,8.76304,78.05399,Tuticorin Port Area,Thoothukudi,2730000,3536,8.88,Independent House
521,10+,1,3,1,80758,5,8.77797,78.17637,Kovilpatti,Thoothukudi,2370000,4549,4.82,Apartment
1180,1-5,4,5,4,116798,2,8.72846,78.23637,Palayamkottai Road,Thoothukudi,2220000,1881,11.85,Apartment
2654,10+,2,3,2,68546,2,8.81053,78.19982,Tiruchendur Road,Thoothukudi,2480000,934,8.81,Independent House
3908,10+,0,0,0,46347,0,8.70377,78.02396,Tuticorin Port Area,Thoothukudi,1020000,261,13.91,Plot
1423,0-1,3,4,3,60940,2,8.74112,78.03562,Palayamkottai Road,Thoothukudi,2420000,1701,11.2,Apartment
1488,1-5,3,6,3,42500,6,8.75423,78.0602,Tiruchendur Road,Thoothukudi,2240000,1505,8.27,Builder Floor
3333,1-5,0,0,0,74371,0,8.75211,78.22761,Palayamkottai Road,Thoothukudi,1170000,351,10.29,Plot
1821,5-10,4,6,4,101195,2,8.77571,78.08807,Kovilpatti,Thoothukudi,2570000,1411,5.29,Independent House
1141,10+,2,4,2,86285,5,8.73701,78.14937,Millerpuram,Thoothukudi,2000000,1753,3.42,Apartment
646,0-1,1,2,1,73167,4,8.71253,78.21688,Tuticorin Port Area,Thoothukudi,2190000,3390,10.7,Apartment
822,5-10,0,0,0,87766,0,8.71076,78.1065,Kovilpatti,Thoothukudi,1110000,1350,6.71,Plot
775,1-5,1,3,1,58719,2,8.8378,78.20754,Ettayapuram,Thoothukudi,2280000,2942,11.44,Apartment
504,10+,2,4,1,65611,2,8.81277,78.15457,Kayalpatnam,Thoothukudi,1870000,3710,5.82,Apartment
3409,1-5,4,6,2,52242,4,8.94897,78.09888,Palayamkottai Road,Thoothukudi,2340000,686,20.92,Independent House
887,10+,4,6,4,57969,3,8.82451,77.97009,Palayamkottai Road,Thoothukudi,1080000,1218,19.3,Apartment
1547,1-5,0,0,0,59221,0,8.82082,78.05935,Palayamkottai Road,Thoothukudi,1070000,692,10.41,Plot
2672,5-10,3,6,2,48559,6,8.77612,78.1093,Tiruchendur Road,Thoothukudi,4020000,1504,3.1,Villa
5068,1-5,4,6,4,91763,4,8.7968,78.1194,Ottapidaram,Thoothukudi,4360000,860,4.0,Villa
4899,10+,4,7,2,56781,3,8.86426,78.08497,Kayalpatnam,Thoothukudi,3180000,649,12.4,Villa
1108,1-5,3,6,3,54839,6,8.71083,78.06163,Tuticorin Port Area,Thoothukudi,2890000,2608,9.99,Independent House
1419,1-5,4,5,3,65939,4,8.83934,78.07934,Ottapidaram,Thoothukudi,2400000,1691,10.34,Apartment
1748,5-10,3,6,2,30126,6,8.80736,78.26929,Kovilpatti,Thoothukudi,2170000,1241,15.54,Independent House
5004,1-5,4,7,2,55052,3,8.76769,78.12255,Kovilpatti,Thoothukudi,4220000,843,1.4,Villa
3437,10+,4,5,1,62088,5,8.70192,78.04895,Tuticorin Port Area,Thoothukudi,1460000,425,11.7,Independent House
1982,5-10,1,2,1,53140,2,8.86421,78.00071,Kayalpatnam,Thoothukudi,1950000,984,18.46,Apartment
1845,10+,4,5,1,82557,5,8.81691,78.11649,Tuticorin Port Area,Thoothukudi,1640000,889,6.2,Builder Floor
2525,10+,0,0,0,51149,0,8.73546,78.08839,Tuticorin Port Area,Thoothukudi,1220000,483,6.02,Plot
3256,1-5,4,7,2,57147,4,8.81635,78.09363,Millerpuram,Thoothukudi,3900000,1198,7.35,Villa
641,5-10,3,5,2,73087,5,8.69727,78.24845,Kovilpatti,Thoothukudi,2110000,3292,14.54,Independent House
749,5-10,4,5,4,76879,4,8.68179,78.04048,Ottapidaram,Thoothukudi,1600000,2136,13.84,Independent House
2896,1-5,4,6,4,59667,6,8.62846,78.01941,Tiruchendur Road,Thoothukudi,2280000,787,19.72,Independent House
1004,0-1,2,3,2,67249,5,8.72832,78.14845,Kovilpatti,Thoothukudi,3470000,3456,4.26,Independent House
1414,10+,2,4,1,72292,5,8.83,78.15179,Ottapidaram,Thoothukudi,1600000,1132,7.55,Apartment
2423,10+,3,4,1,67117,3,8.81865,78.1783,Ottapidaram,Thoothukudi,1690000,697,7.71,Apartment
3103,0-1,3,6,1,72864,4,8.764,78.09805,Kovilpatti,Thoothukudi,3490000,1125,4.04,Independent House
1305,1-5,3,5,3,86724,5,8.76595,78.23309,Ottapidaram,Thoothukudi,2290000,1755,10.8,Independent House
708,1-5,1,2,1,68354,5,8.6424,78.16988,Ottapidaram,Thoothukudi,2340000,3305,14.08,Apartment
861,0-1,4,7,3,54256,3,8.79288,78.10212,Kayalpatnam,Thoothukudi,2650000,3078,4.8,Independent House
1232,0-1,4,5,4,82892,6,8.70682,78.18762,Ettayapuram,Thoothukudi,2300000,1867,8.63,Independent House
2595,5-10,4,5,2,43613,2,8.93527,78.20642,Ettayapuram,Thoothukudi,2030000,782,20.59,Independent House
2424,10+,5,7,4,51876,5,8.64324,78.10169,Ottapidaram,Thoothukudi,2010000,829,13.93,Independent House
1312,10+,1,2,1,98584,3,8.74989,78.15328,Millerpuram,Thoothukudi,2390000,1822,2.58,Apartment
1709,1-5,3,6,3,30150,3,8.89779,78.14212,Millerpuram,Thoothukudi,2040000,1194,14.88,Independent House
853,1-5,3,5,3,75796,6,8.73463,78.16621,Millerpuram,Thoothukudi,2820000,3306,4.77,Independent House
3359,5-10,0,0,0,55140,0,8.93847,78.10355,Ottapidaram,Thoothukudi,930000,277,19.68,Plot
881,10+,3,5,1,116959,4,8.76133,78.24869,Tuticorin Port Area,Thoothukudi,2260000,2565,12.52,Independent House
2666,10+,3,5,1,40754,2,8.80928,78.09798,Tuticorin Port Area,Thoothukudi,2250000,844,6.44,Independent House
1017,10+,5,6,5,59017,5,8.71004,78.12095,Tuticorin Port Area,Thoothukudi,2000000,1967,6.21,Independent House
2840,1-5,4,7,4,73229,4,8.63961,78.12938,Palayamkottai Road,Thoothukudi,3530000,1243,13.87,Villa
2202,1-5,4,5,1,80237,4,8.58854,78.08888,Tuticorin Port Area,Thoothukudi,1840000,836,20.17,Apartment
1724,1-5,1,2,1,47225,4,8.77336,78.15318,Tiruchendur Road,Thoothukudi,2580000,1497,2.26,Apartment
2497,10+,2,4,1,54058,4,8.81651,78.02674,Kovilpatti,Thoothukudi,1450000,581,13.22,Apartment
3839,1-5,3,6,2,55960,5,8.90196,78.24855,Palayamkottai Road,Thoothukudi,3010000,784,19.77,Villa
3205,1-5,3,6,2,67665,3,8.76717,78.07643,Kayalpatnam,Thoothukudi,2870000,895,6.42,Independent House
1274,1-5,2,5,2,65016,2,8.87832,78.17038,Kayalpatnam,Thoothukudi,2510000,1970,13.28,Independent House
1292,0-1,3,6,2,83823,3,8.71193,78.10276,Ettayapuram,Thoothukudi,2540000,1966,6.8,Builder Floor
1346,1-5,3,4,2,92624,3,8.78966,78.10851,Ettayapuram,Thoothukudi,2490000,1850,4.04,Builder Floor
581,1-5,1,2,1,67024,4,8.8434,77.94596,Ottapidaram,Thoothukudi,1790000,3081,22.54,Apartment
1615,10+,2,3,1,92146,5,9.01194,78.00925,Tuticorin Port Area,Thoothukudi,1160000,718,30.81,Apartment
1160,0-1,3,5,1,74351,4,8.81361,78.23259,Millerpuram,Thoothukudi,2500000,2155,12.07,Apartment
922,10+,3,5,1,48099,5,8.66445,77.99562,Tuticorin Port Area,Thoothukudi,1350000,1464,18.9,Apartment
708,1-5,3,4,3,74058,5,8.72633,78.02758,Tuticorin Port Area,Thoothukudi,2360000,3333,12.51,Apartment
1187,5-10,4,5,4,49774,6,8.653,77.95841,Kayalpatnam,Thoothukudi,950000,800,22.99,Builder Floor
2291,5-10,2,3,1,37015,3,8.83216,78.06546,Tuticorin Port Area,Thoothukudi,1980000,864,10.73,Apartment
2275,10+,1,2,1,73530,5,8.6184,78.04777,Tiruchendur Road,Thoothukudi,1500000,659,18.82,Apartment
1712,10+,3,5,3,45354,4,8.78875,78.25701,Tiruchendur Road,Thoothukudi,1320000,771,13.7,Apartment
1364,0-1,3,4,1,73363,5,8.88731,78.2077,Ottapidaram,Thoothukudi,2160000,1584,15.86,Apartment
2181,10+,3,4,2,77427,6,8.8006,78.28059,Kovilpatti,Thoothukudi,1850000,848,16.52,Independent House
1302,5-10,4,6,1,64118,2,8.71225,78.21727,Kayalpatnam,Thoothukudi,2250000,1728,10.75,Apartment
969,10+,4,7,2,81301,2,8.86849,78.15735,Ettayapuram,Thoothukudi,2100000,2167,11.86,Independent House
522,0-1,3,4,3,65851,4,8.65542,78.04178,Palayamkottai Road,Thoothukudi,2100000,4023,15.84,Apartment
1322,5-10,2,4,2,42841,6,8.70282,78.19458,Ottapidaram,Thoothukudi,1980000,1498,9.47,Builder Floor
4009,5-10,3,5,2,57218,5,8.75001,78.10665,Tiruchendur Road,Thoothukudi,4280000,1068,3.47,Villa
2251,1-5,2,4,1,38059,5,8.76444,78.20558,Ottapidaram,Thoothukudi,1990000,884,7.78,Apartment
5058,0-1,5,8,4,55420,4,8.62428,78.22475,Kayalpatnam,Thoothukudi,3970000,785,18.43,Villa
2791,5-10,3,6,1,57411,2,8.69315,77.96272,Kayalpatnam,Thoothukudi,2410000,863,20.5,Independent House
2231,10+,2,3,1,70667,3,8.57329,77.92998,Tiruchendur Road,Thoothukudi,1230000,551,30.94,Apartment
2435,0-1,4,5,3,53201,4,8.82532,78.18202,Ettayapuram,Thoothukudi,2410000,990,8.55,Apartment
2653,0-1,5,8,2,13779,6,8.79953,78.03431,Palayamkottai Road,Thoothukudi,3870000,1459,11.72,Villa
953,10+,4,5,1,78999,4,8.73505,78.10006,Ottapidaram,Thoothukudi,2380000,2497,5.01,Apartment
2229,5-10,0,0,0,83947,0,8.76727,78.26766,Kovilpatti,Thoothukudi,1030000,462,14.6,Plot
1872,10+,3,5,1,83985,3,8.81388,78.35425,Tiruchendur Road,Thoothukudi,1450000,775,24.74,Apartment
1186,5-10,2,5,1,63660,2,8.60819,78.13453,Tiruchendur Road,Thoothukudi,2040000,1720,17.35,Independent House
1010,5-10,4,6,4,39621,4,8.68346,78.3123,Kayalpatnam,Thoothukudi,1700000,1683,21.48,Apartment
2373,10+,3,4,2,68781,4,8.71506,78.00257,Millerpuram,Thoothukudi,1710000,721,15.53,Apartment
3400,0-1,2,3,2,88994,6,8.72736,78.07665,Kovilpatti,Thoothukudi,2530000,744,7.59,Independent House
2907,10+,3,4,1,66614,6,8.75954,78.23051,Ottapidaram,Thoothukudi,2040000,702,10.53,Independent House
2233,1-5,4,6,3,55762,2,8.86015,78.17598,Tuticorin Port Area,Thoothukudi,2730000,1223,11.59,Apartment
957,0-1,3,4,3,58948,2,8.82482,78.05562,Tiruchendur Road,Thoothukudi,2550000,2665,11.01,Apartment
1163,1-5,3,5,3,52020,5,8.68564,78.11196,Millerpuram,Thoothukudi,2480000,2132,9.09,Apartment
1153,10+,2,4,1,67817,2,8.81394,78.06408,Millerpuram,Thoothukudi,1760000,1526,9.54,Independent House
1899,5-10,3,4,3,60472,4,8.79081,78.03648,Ettayapuram,Thoothukudi,1510000,795,11.2,Builder Floor
3481,1-5,4,5,4,90311,4,8.83913,78.09008,Tuticorin Port Area,Thoothukudi,2000000,575,9.67,Independent House
2391,5-10,2,4,2,64072,2,8.81112,78.19489,Tuticorin Port Area,Thoothukudi,2510000,1050,8.42,Apartment
876,10+,2,3,1,42317,2,8.75439,78.06932,Kayalpatnam,Thoothukudi,2000000,2283,7.28,Apartment
3440,5-10,3,6,2,68457,5,8.77369,78.12076,Palayamkottai Road,Thoothukudi,2810000,817,1.87,Independent House
4439,5-10,3,6,3,82723,4,8.74195,78.03248,Palayamkottai Road,Thoothukudi,3320000,748,11.51,Villa
2662,0-1,2,4,1,33913,5,8.69038,78.01297,Tuticorin Port Area,Thoothukudi,2520000,947,15.71,Independent House
2317,5-10,3,5,1,54155,4,8.61596,78.10509,Palayamkottai Road,Thoothukudi,1900000,820,16.8,Independent House
693,5-10,1,2,1,106482,3,8.74967,78.17892,Tuticorin Port Area,Thoothukudi,1670000,2410,5.11,Apartment
1341,5-10,2,4,1,64130,2,8.88422,78.38609,Ottapidaram,Thoothukudi,1180000,880,30.67,Apartment
858,10+,1,3,1,50867,2,8.70195,78.0332,Millerpuram,Thoothukudi,1500000,1748,13.14,Apartment
3212,1-5,0,0,0,68923,0,8.83244,78.22503,Millerpuram,Thoothukudi,1170000,364,12.49,Plot
1833,5-10,3,4,1,73262,3,8.76235,78.27286,Millerpuram,Thoothukudi,1960000,1069,15.17,Apartment
4737,1-5,4,6,4,76757,4,8.82798,78.09963,Ettayapuram,Thoothukudi,4390000,927,8.08,Villa
5686,10+,3,5,4,68934,5,8.79356,78.15718,Millerpuram,Thoothukudi,3640000,640,4.09,Villa
3228,5-10,3,4,3,62331,4,8.84976,77.98687,Millerpuram,Thoothukudi,2000000,620,18.83,Independent House
1898,10+,4,5,4,55512,4,8.76943,78.01491,Kovilpatti,Thoothukudi,1950000,1027,13.19,Apartment
4955,5-10,5,7,3,66004,6,8.72463,78.14243,Palayamkottai Road,Thoothukudi,3960000,799,4.48,Villa
1300,10+,4,6,1,55708,6,8.80526,78.09069,Ettayapuram,Thoothukudi,1570000,1208,6.66,Builder Floor
3353,10+,0,0,0,71602,0,8.85446,78.07793,Kayalpatnam,Thoothukudi,970000,289,11.82,Plot
1862,5-10,3,5,3,22012,4,8.89786,78.07706,Palayamkottai Road,Thoothukudi,1780000,956,16.16,Independent House
4832,1-5,5,8,3,51402,5,8.76412,78.09994,Ottapidaram,Thoothukudi,4530000,938,3.83,Villa
2350,5-10,2,3,2,78734,2,8.62472,78.04714,Kayalpatnam,Thoothukudi,2010000,855,18.26,Apartment
470,5-10,3,5,3,66560,5,8.73389,78.17775,Kovilpatti,Thoothukudi,2450000,5213,5.8,Apartment
996,1-5,3,4,3,63816,5,8.91685,78.23088,Ottapidaram,Thoothukudi,1480000,1486,19.99,Builder Floor
2890,0-1,3,5,2,56782,6,8.7532,78.21119,Ottapidaram,Thoothukudi,2270000,785,8.48,Independent House
3166,1-5,0,0,0,55417,0,8.77674,78.18058,Tuticorin Port Area,Thoothukudi,1560000,493,5.22,Plot
2129,1-5,2,4,1,58769,3,8.65293,78.12272,Ettayapuram,Thoothukudi,2400000,1127,12.44,Apartment
1104,1-5,2,4,2,65790,6,8.70344,78.13078,Ettayapuram,Thoothukudi,2300000,2083,6.77,Independent House
2186,1-5,3,5,1,73317,4,8.79333,78.05487,Tiruchendur Road,Thoothukudi,3100000,1418,9.36,Independent House
2829,5-10,0,0,0,56672,0,8.82714,78.28258,Kayalpatnam,Thoothukudi,780000,276,17.68,Plot
2610,10+,4,7,3,45068,5,8.78665,78.08817,Palayamkottai Road,Thoothukudi,3260000,1249,5.7,Villa
5813,0-1,4,6,4,67472,4,8.83958,78.21675,Ottapidaram,Thoothukudi,3900000,671,12.3,Villa
1459,10+,2,4,1,99193,5,8.78995,78.07229,Ottapidaram,Thoothukudi,1640000,1124,7.44,Builder Floor
2904,1-5,4,6,3,53423,6,8.62652,78.05621,Ottapidaram,Thoothukudi,3220000,1109,17.58,Villa
1810,1-5,1,2,1,105967,2,8.74912,78.1019,Palayamkottai Road,Thoothukudi,2560000,1414,3.99,Apartment
694,5-10,2,4,2,31794,4,8.74571,78.21814,Kayalpatnam,Thoothukudi,1780000,2565,9.39,Apartment
1139,1-5,2,3,2,58219,3,8.82394,78.10586,Ettayapuram,Thoothukudi,2660000,2335,7.36,Apartment
1165,10+,2,3,1,68489,4,8.69945,78.06936,Tiruchendur Road,Thoothukudi,1580000,1356,10.18,Builder Floor
1002,5-10,1,2,1,61083,3,8.82472,78.08897,Tiruchendur Road,Thoothukudi,2160000,2156,8.41,Apartment
2532,10+,5,7,2,74512,4,8.71485,78.20254,Kovilpatti,Thoothukudi,3030000,1197,9.25,Villa
1169,5-10,1,3,1,72662,5,8.86103,78.1049,Ettayapuram,Thoothukudi,2110000,1805,11.26,Apartment
1058,5-10,4,6,2,62565,5,8.80684,78.03367,Tuticorin Port Area,Thoothukudi,2110000,1994,12.08,Apartment
2059,5-10,3,5,1,38300,4,8.64106,78.14385,Ottapidaram,Thoothukudi,1890000,918,13.73,Apartment
3333,1-5,3,4,2,98327,2,8.74217,78.10764,Tiruchendur Road,Thoothukudi,3250000,975,3.86,Independent House
2064,10+,3,4,1,82431,4,8.74211,78.04771,Ottapidaram,Thoothukudi,1530000,741,9.88,Apartment
1140,5-10,3,5,1,50504,3,8.60692,78.17027,Tiruchendur Road,Thoothukudi,1810000,1588,17.92,Independent House
1769,1-5,2,5,2,85911,4,8.82307,78.11425,Millerpuram,Thoothukudi,2720000,1538,6.92,Independent House
1764,1-5,3,5,3,56545,3,8.79763,78.06602,Kayalpatnam,Thoothukudi,1850000,1049,8.42,Apartment
2061,1-5,2,4,2,56547,5,8.8585,77.98405,Ettayapuram,Thoothukudi,1980000,961,19.6,Apartment
796,1-5,3,5,1,33757,3,8.74943,78.1563,Tuticorin Port Area,Thoothukudi,2570000,3229,2.88,Apartment
5459,5-10,4,6,2,66353,4,8.84579,78.17356,Kayalpatnam,Thoothukudi,3510000,643,10.02,Villa
635,1-5,3,4,2,51316,3,8.98279,78.00954,Kayalpatnam,Thoothukudi,1600000,2520,27.93,Independent House
2441,0-1,3,4,1,39376,5,8.75074,78.15898,Kovilpatti,Thoothukudi,2900000,1188,3.05,Apartment
695,5-10,1,3,1,86554,5,8.79063,78.14731,Ottapidaram,Thoothukudi,2650000,3813,3.24,Apartment
2638,10+,3,4,2,65484,2,8.79124,78.12931,Tuticorin Port Area,Thoothukudi,2690000,1020,3.07,Independent House
1749,1-5,4,7,1,68298,3,8.75622,78.26097,Kovilpatti,Thoothukudi,2080000,1189,13.89,Builder Floor
2154,1-5,2,3,1,82904,4,10.3747,78.00117,Kodaikanal Road,Dindigul,2190000,1017,3.72,Apartment
825,1-5,3,5,1,81499,6,10.50111,77.92715,Chinnalapatti,Dindigul,2200000,2667,16.1,Independent House
1268,0-1,3,4,2,49931,2,10.15512,77.80614,Chinnalapatti,Dindigul,1310000,1033,29.17,Apartment
742,1-5,1,2,1,85414,3,10.29882,77.94371,Palani,Dindigul,2320000,3127,7.61,Apartment
696,5-10,2,4,2,76086,3,10.29372,78.00419,Batlagundu,Dindigul,1810000,2601,8.53,Apartment
554,0-1,2,4,1,56889,2,10.28543,78.11744,Palani,Dindigul,2220000,4007,18.31,Apartment
2421,5-10,2,4,1,65829,2,10.37521,77.90882,Palani,Dindigul,2470000,1020,6.79,Apartment
616,5-10,4,5,4,55235,3,10.41132,78.05822,Palani,Dindigul,1770000,2873,11.12,Apartment
871,1-5,0,0,0,69135,0,10.30066,77.96156,Shanarpatti,Dindigul,1020000,1171,6.92,Plot
2756,5-10,4,6,3,71936,2,10.27367,77.96574,Batlagundu,Dindigul,2350000,853,9.87,Independent House
2564,0-1,3,5,4,37190,3,10.37006,77.91611,Oddanchatram,Dindigul,4480000,1747,5.9,Villa
1808,10+,2,4,2,73543,3,10.37723,77.96416,Vedasandur,Dindigul,2400000,1327,1.75,Apartment
2355,10+,0,0,0,46076,0,10.39925,77.84296,Vedasandur,Dindigul,740000,314,14.43,Plot
1044,10+,3,6,2,102399,5,10.25422,78.01215,Batlagundu,Dindigul,1720000,1648,12.9,Independent House
1794,5-10,2,3,2,28942,2,10.51029,77.95633,Palani,Dindigul,1890000,1054,16.51,Apartment
2138,5-10,1,2,1,86931,4,10.60483,77.91303,Vedasandur,Dindigul,1450000,678,27.66,Apartment
1414,10+,3,4,2,63955,3,10.36822,78.10636,Kodaikanal Road,Dindigul,1330000,941,14.98,Builder Floor
1658,1-5,3,4,1,26919,5,10.43412,78.02876,Chinnalapatti,Dindigul,3000000,1809,10.28,Independent House
915,0-1,3,4,3,33822,2,10.19007,77.95599,Palani,Dindigul,1990000,2175,19.22,Apartment
1235,10+,1,3,1,80754,5,10.29642,77.7881,Natham,Dindigul,1400000,1134,21.16,Apartment
1776,10+,2,4,2,73157,3,10.39936,78.0856,Kodaikanal Road,Dindigul,1650000,929,13.35,Apartment
1677,10+,0,0,0,33539,0,10.43466,77.89454,Vedasandur,Dindigul,680000,405,11.48,Plot
3273,10+,2,5,2,99944,2,10.35903,77.8723,Batlagundu,Dindigul,1930000,590,10.64,Independent House
3048,5-10,0,0,0,114954,0,10.41638,77.94865,Oddanchatram,Dindigul,1070000,351,6.42,Plot
1556,10+,0,0,0,83597,0,10.25461,77.95663,Kodaikanal Road,Dindigul,740000,476,12.07,Plot
3303,0-1,4,6,3,65480,6,10.36179,78.04498,Batlagundu,Dindigul,3910000,1184,8.26,Villa
823,10+,3,5,2,45325,5,10.23518,77.85344,Palani,Dindigul,1630000,1981,19.01,Apartment
789,0-1,3,4,3,47720,6,10.34222,78.03838,Batlagundu,Dindigul,3030000,3840,7.86,Independent House
1334,1-5,4,5,2,94160,2,10.21027,77.78979,Vedasandur,Dindigul,1700000,1274,25.94,Builder Floor
2342,5-10,3,5,1,67341,5,10.40631,77.99215,Shanarpatti,Dindigul,2220000,948,5.48,Apartment
588,5-10,2,4,2,72713,3,10.43422,77.92463,Vedasandur,Dindigul,2340000,3980,9.37,Apartment
2083,10+,0,0,0,46430,0,10.33642,78.02674,Oddanchatram,Dindigul,1120000,538,6.9,Plot
1055,1-5,3,5,1,83401,4,10.56373,77.91476,Kodaikanal Road,Dindigul,1390000,1318,23.17,Apartment
1906,1-5,5,8,3,43524,6,10.435,77.99692,Vedasandur,Dindigul,2720000,1427,8.61,Independent House
1797,1-5,1,2,1,32742,5,10.45661,77.95589,Natham,Dindigul,2250000,1252,10.58,Apartment
1819,1-5,3,4,3,60252,3,10.31137,77.94299,Palani,Dindigul,2510000,1380,6.37,Apartment
1897,1-5,3,4,3,51024,4,10.42522,77.82974,Natham,Dindigul,1470000,775,16.81,Builder Floor
841,10+,0,0,0,36698,0,10.37721,77.91054,Shanarpatti,Dindigul,820000,975,6.66,Plot
2500,1-5,0,0,0,42727,0,10.42412,77.96883,Batlagundu,Dindigul,1420000,568,6.86,Plot
2169,1-5,3,4,2,42717,5,10.4224,77.9191,Batlagundu,Dindigul,2280000,1051,8.65,Independent House
491,5-10,2,3,1,86066,5,10.34053,78.09357,Vedasandur,Dindigul,2070000,4216,13.79,Apartment
2140,1-5,2,3,2,49437,4,10.49977,77.95466,Shanarpatti,Dindigul,2400000,1121,15.36,Apartment
1037,5-10,3,4,3,103075,6,10.26509,77.94175,Chinnalapatti,Dindigul,1610000,1553,11.24,Independent House
1334,5-10,4,7,1,53257,2,10.39068,77.99814,Shanarpatti,Dindigul,2020000,1514,4.44,Builder Floor
5321,5-10,5,7,4,50784,3,10.29533,78.06084,Kodaikanal Road,Dindigul,3020000,568,12.47,Villa
3743,1-5,0,0,0,49466,0,10.30546,77.9941,Palani,Dindigul,1350000,361,6.88,Plot
1987,5-10,2,4,2,63690,2,10.23662,77.97741,Natham,Dindigul,1530000,770,14.01,Apartment
3929,0-1,0,0,0,41077,0,10.34652,77.82317,Vedasandur,Dindigul,1070000,272,16.1,Plot
2166,1-5,3,5,1,62501,2,10.36626,78.11333,Oddanchatram,Dindigul,1830000,845,15.74,Apartment
2424,10+,2,3,1,31047,2,10.39579,77.94202,Palani,Dindigul,1900000,784,4.78,Apartment
1740,5-10,3,6,2,48520,4,10.3392,77.85254,Natham,Dindigul,1500000,862,13.05,Builder Floor
688,1-5,1,2,1,37069,5,10.27768,77.9715,Oddanchatram,Dindigul,2080000,3023,9.42,Apartment
712,1-5,3,4,2,64571,4,10.43342,77.953,Chinnalapatti,Dindigul,2310000,3244,8.1,Apartment
2271,0-1,1,3,1,64633,5,10.28581,77.88312,Natham,Dindigul,2500000,1101,12.72,Apartment
539,0-1,3,4,1,55036,3,10.27677,78.06504,Vedasandur,Dindigul,2030000,3766,14.14,Apartment
3361,10+,4,6,3,51006,6,10.32605,78.06966,Vedasandur,Dindigul,2590000,771,11.68,Villa
2217,1-5,3,4,3,41823,4,10.37184,77.94761,Oddanchatram,Dindigul,3120000,1407,2.61,Independent House
3096,5-10,0,0,0,74834,0,10.41023,78.00592,Kodaikanal Road,Dindigul,1250000,404,6.64,Plot
1119,5-10,1,3,1,89912,5,10.34215,77.87321,Oddanchatram,Dindigul,1860000,1662,10.77,Apartment
1500,0-1,4,5,1,52238,3,10.35139,77.90687,Natham,Dindigul,2280000,1520,6.96,Independent House
2587,5-10,4,5,3,53098,2,10.29471,78.06865,Vedasandur,Dindigul,2480000,959,13.2,Independent House
5040,5-10,4,7,4,61056,5,10.34313,77.94714,Oddanchatram,Dindigul,4320000,857,3.25,Villa
5288,1-5,3,5,4,78455,5,10.38125,78.05387,Chinnalapatti,Dindigul,4130000,781,9.46,Villa
1135,5-10,3,4,2,99837,3,10.29767,78.01931,Batlagundu,Dindigul,2260000,1991,9.03,Independent House
2165,10+,2,4,1,47969,5,10.43082,78.0762,Chinnalapatti,Dindigul,1250000,577,13.93,Apartment
855,5-10,2,3,2,41758,3,10.39285,78.00613,Shanarpatti,Dindigul,2630000,3076,5.25,Apartment
3628,1-5,0,0,0,46424,0,10.28426,78.09335,Chinnalapatti,Dindigul,1040000,287,16.1,Plot
1725,10+,2,4,1,92264,2,10.35037,78.11151,Palani,Dindigul,1990000,1154,15.59,Independent House
848,0-1,3,6,3,47111,4,10.37819,78.00508,Oddanchatram,Dindigul,2930000,3455,4.27,Independent House
1473,1-5,2,4,2,49522,2,10.33538,77.90565,Batlagundu,Dindigul,2320000,1575,7.6,Apartment
3008,1-5,3,4,3,80929,3,10.43384,77.95041,Oddanchatram,Dindigul,2590000,861,8.21,Independent House
729,1-5,3,4,2,71596,2,10.35966,77.96291,Batlagundu,Dindigul,2840000,3896,0.78,Independent House
5842,5-10,5,7,2,25789,4,10.38769,78.09467,Natham,Dindigul,3130000,536,13.98,Villa
2398,5-10,2,3,2,51038,5,10.55907,77.97319,Batlagundu,Dindigul,1970000,822,21.87,Apartment
1583,5-10,2,4,2,25308,5,10.23891,77.96409,Chinnalapatti,Dindigul,1710000,1080,13.74,Apartment
1201,1-5,3,6,1,38005,5,10.4645,77.90428,Kodaikanal Road,Dindigul,2160000,1799,13.41,Independent House
3233,0-1,0,0,0,39699,0,10.40956,78.03015,Batlagundu,Dindigul,1410000,436,8.46,Plot
634,1-5,2,4,1,41175,5,10.51984,77.87398,Vedasandur,Dindigul,2180000,3438,20.39,Independent House
1927,1-5,2,4,2,42474,3,10.40664,77.91804,Vedasandur,Dindigul,2710000,1406,7.48,Apartment
1445,5-10,1,3,1,60385,4,10.34279,77.88133,Shanarpatti,Dindigul,2120000,1467,9.89,Apartment
2562,5-10,5,6,2,63079,5,10.32668,77.95079,Kodaikanal Road,Dindigul,2930000,1144,4.47,Independent House
2723,0-1,4,6,4,66437,6,10.30479,77.97516,Vedasandur,Dindigul,2740000,1006,6.44,Independent House
578,0-1,3,5,2,49401,2,10.3735,78.11481,Kodaikanal Road,Dindigul,2050000,3547,15.94,Apartment
920,10+,4,5,1,66862,2,10.31334,77.98355,Chinnalapatti,Dindigul,1920000,2087,5.67,Independent House
2350,0-1,3,4,1,64265,3,10.3813,77.99612,Kodaikanal Road,Dindigul,3280000,1396,3.59,Independent House
1082,1-5,4,7,2,34569,3,10.32356,77.97989,Batlagundu,Dindigul,2560000,2366,4.47,Independent House
1270,1-5,2,4,2,52993,5,10.34401,77.83892,Kodaikanal Road,Dindigul,1940000,1528,14.43,Builder Floor
3115,1-5,3,5,3,66668,6,10.46875,78.08754,Natham,Dindigul,1800000,578,17.51,Independent House
636,5-10,2,4,1,60978,4,10.31806,77.99622,Chinnalapatti,Dindigul,2240000,3522,5.73,Apartment
668,5-10,1,3,1,34357,3,10.31634,77.93208,Kodaikanal Road,Dindigul,2150000,3219,6.56,Apartment
1141,1-5,2,4,2,46076,2,10.28962,78.02994,Batlagundu,Dindigul,2190000,1919,10.45,Apartment
1411,5-10,2,3,1,73076,2,10.37235,77.95479,Natham,Dindigul,2310000,1637,1.95,Apartment
1117,10+,4,7,4,68070,2,10.35588,77.93538,Shanarpatti,Dindigul,2170000,1943,3.8,Independent House
1889,10+,2,4,1,40237,4,10.31558,78.10702,Batlagundu,Dindigul,1600000,847,15.92,Apartment
3136,0-1,3,6,3,44601,5,10.34643,78.10622,Oddanchatram,Dindigul,2780000,886,15.06,Independent House
1765,5-10,2,3,2,41737,6,10.32981,77.95441,Palani,Dindigul,1730000,980,3.98,Builder Floor
1047,1-5,2,4,1,73385,2,10.40072,77.8932,Vedasandur,Dindigul,2260000,2159,9.37,Independent House
2131,5-10,3,6,3,91627,4,10.38722,77.95959,Chinnalapatti,Dindigul,2580000,1211,2.97,Independent House
669,5-10,3,5,3,26885,4,10.23908,77.91868,Shanarpatti,Dindigul,1900000,2840,14.8,Apartment
840,5-10,3,4,1,60387,2,10.34315,78.03336,Chinnalapatti,Dindigul,2030000,2417,7.31,Apartment
4337,5-10,5,7,2,50380,6,10.37168,78.02187,Chinnalapatti,Dindigul,3940000,908,5.82,Villa
782,10+,2,4,2,64089,4,10.3124,77.96692,Shanarpatti,Dindigul,2350000,3005,5.57,Apartment
1740,5-10,2,3,1,34433,3,10.37587,77.92571,Shanarpatti,Dindigul,2230000,1282,5.02,Apartment
1974,1-5,0,0,0,80202,0,10.23493,78.01675,Oddanchatram,Dindigul,1070000,542,15.09,Plot
2775,0-1,2,3,1,97942,5,10.23862,77.87275,Shanarpatti,Dindigul,2780000,1002,17.36,Independent House
4353,0-1,4,7,3,64042,6,10.38439,77.98586,Palani,Dindigul,4900000,1126,3.03,Villa
2360,1-5,3,4,1,74016,3,10.48926,78.05396,Natham,Dindigul,2220000,941,16.86,Apartment
902,0-1,3,4,3,82209,5,10.42529,78.1133,Shanarpatti,Dindigul,2010000,2228,17.21,Apartment
3462,5-10,0,0,0,72834,0,10.43432,78.16126,Kodaikanal Road,Dindigul,720000,208,22.45,Plot
542,5-10,2,3,2,68735,2,10.22187,78.0519,Natham,Dindigul,1670000,3081,18.04,Apartment
1360,1-5,2,3,2,92237,4,10.40551,78.03283,Shanarpatti,Dindigul,2090000,1537,8.42,Builder Floor
2255,1-5,1,2,1,54383,3,10.45299,77.89012,Oddanchatram,Dindigul,2180000,967,13.3,Apartment
1029,10+,0,0,0,75339,0,10.27151,77.95387,Natham,Dindigul,800000,777,10.25,Plot
1064,10+,3,5,1,64849,5,10.47632,78.00539,Natham,Dindigul,1890000,1776,13.26,Apartment
1108,0-1,1,2,1,52231,5,10.38072,77.92027,Chinnalapatti,Dindigul,2580000,2329,5.76,Apartment
4127,1-5,4,6,2,52439,6,10.38692,77.94872,Palani,Dindigul,4300000,1042,3.55,Villa
1657,5-10,5,7,5,74313,6,10.31971,78.03107,Natham,Dindigul,2530000,1527,8.24,Independent House
2321,1-5,2,3,1,29742,2,10.43828,77.91805,Shanarpatti,Dindigul,2720000,1172,10.14,Apartment
2636,1-5,3,6,1,49298,3,10.45827,78.04799,Chinnalapatti,Dindigul,2150000,816,13.69,Independent House
3694,1-5,0,0,0,93566,0,10.4349,77.94455,Kodaikanal Road,Dindigul,1190000,322,8.51,Plot
3198,10+,3,5,1,62434,6,10.40888,78.13767,Oddanchatram,Dindigul,2170000,679,19.11,Independent House
2024,0-1,1,2,1,88335,5,10.36885,78.00066,Shanarpatti,Dindigul,2990000,1477,3.48,Apartment
2930,10+,4,6,4,66437,6,10.26545,77.90742,Natham,Dindigul,2200000,751,12.74,Independent House
1177,10+,2,4,2,64614,5,10.37239,78.00214,Shanarpatti,Dindigul,2000000,1699,3.74,Apartment
1805,5-10,3,5,2,99161,3,10.44468,78.05502,Palani,Dindigul,1680000,931,13.08,Apartment
5182,5-10,5,8,2,93311,5,10.35447,77.8692,Natham,Dindigul,3220000,621,11.01,Villa
2006,1-5,3,5,3,52194,4,10.50009,77.90616,Palani,Dindigul,2600000,1296,16.8,Apartment
3643,10+,3,5,4,41225,4,10.33194,78.02906,Kodaikanal Road,Dindigul,3270000,898,7.34,Villa
3520,1-5,0,0,0,48742,0,10.52748,77.88753,Natham,Dindigul,990000,281,20.43,Plot
2390,5-10,5,7,4,64416,4,10.23869,77.86293,Chinnalapatti,Dindigul,2000000,837,18.03,Independent House
2027,0-1,4,5,3,81528,2,10.39913,78.01439,Shanarpatti,Dindigul,2820000,1391,6.39,Independent House
1019,0-1,2,4,1,103779,5,10.34468,77.96339,Batlagundu,Dindigul,2780000,2728,2.08,Apartment
3710,5-10,0,0,0,74483,0,10.37678,78.06912,Kodaikanal Road,Dindigul,890000,240,11.01,Plot
2494,0-1,2,4,1,45162,2,10.41495,77.94969,Palani,Dindigul,2960000,1187,6.23,Apartment
2165,5-10,1,3,1,52666,2,10.29945,77.95162,Oddanchatram,Dindigul,1950000,901,7.27,Apartment
3020,10+,3,6,2,54246,6,10.35779,77.98352,Kodaikanal Road,Dindigul,3280000,1086,1.62,Villa
4336,1-5,5,8,3,62982,4,10.34916,77.9862,Oddanchatram,Dindigul,4760000,1098,2.35,Villa
2117,10+,4,7,3,71677,6,10.31536,78.00663,Oddanchatram,Dindigul,2010000,949,6.62,Villa
1185,10+,4,6,3,68728,3,10.38266,77.98976,Natham,Dindigul,2120000,1789,3.16,Independent House
822,10+,4,7,4,64790,4,10.31407,77.89027,Chinnalapatti,Dindigul,2010000,2445,10.2,Independent House
3373,5-10,4,6,2,67726,4,10.29588,78.00382,Vedasandur,Dindigul,2580000,765,8.29,Independent House
4145,5-10,5,7,4,50379,5,10.49095,77.92588,Vedasandur,Dindigul,2960000,714,15.07,Villa
3910,5-10,3,6,4,74712,3,10.35929,77.95669,Shanarpatti,Dindigul,4000000,1023,1.44,Villa
1473,1-5,3,5,3,62649,5,10.49067,77.97536,Kodaikanal Road,Dindigul,1800000,1222,14.28,Apartment
2603,1-5,3,6,3,53334,5,10.23628,77.94498,Chinnalapatti,Dindigul,2410000,926,14.28,Independent House
889,5-10,3,6,2,46750,5,10.28043,77.90741,Oddanchatram,Dindigul,1570000,1766,11.37,Builder Floor
1060,1-5,3,4,1,77473,5,10.30645,77.87367,Shanarpatti,Dindigul,1840000,1736,12.19,Apartment
1553,5-10,3,5,2,80079,2,11.12329,78.17168,Paramathi,Namakkal,2230000,1436,10.64,Apartment
783,1-5,3,4,3,44145,2,11.15632,78.18988,Sendamangalam,Namakkal,1930000,2465,7.38,Apartment
1754,10+,1,3,1,73748,2,11.07576,77.98303,Tiruchengode,Namakkal,1330000,758,25.65,Apartment
1953,1-5,3,6,1,75134,3,11.32178,78.21276,Kollihills Road,Namakkal,2280000,1167,12.46,Independent House
2142,5-10,2,3,2,29724,2,11.2428,78.25296,Rasipuram,Namakkal,1390000,649,9.7,Apartment
1798,1-5,2,4,2,65040,5,11.30459,78.12799,Paramathi,Namakkal,2470000,1374,10.45,Apartment
805,5-10,0,0,0,74309,0,11.14401,78.10263,Tiruchengode,Namakkal,850000,1056,10.92,Plot
1948,1-5,4,6,4,40537,3,11.24043,78.28451,Paramathi,Namakkal,2160000,1109,13.0,Builder Floor
3451,5-10,2,4,2,72478,3,11.2227,78.09057,Tiruchengode,Namakkal,2450000,710,8.39,Independent House
1172,1-5,2,5,2,51554,2,11.22831,78.02376,Mohanur,Namakkal,1820000,1553,15.7,Independent House
1044,10+,2,3,2,33278,3,11.19934,78.13892,Kumarapalayam,Namakkal,1910000,1830,3.79,Apartment
1363,10+,3,5,2,89833,5,11.13824,78.17987,Sendamangalam,Namakkal,1690000,1240,9.07,Apartment
597,5-10,1,2,1,56962,2,11.21223,78.03294,Rasipuram,Namakkal,2020000,3384,14.68,Apartment
2485,0-1,2,4,2,58735,3,11.33584,78.09407,Tiruchengode,Namakkal,1980000,797,15.27,Apartment
2181,5-10,1,3,1,80292,2,11.27011,78.06732,Paramathi,Namakkal,1820000,834,12.31,Apartment
1543,0-1,1,2,1,56723,2,11.27036,78.19859,Tiruchengode,Namakkal,2390000,1549,6.66,Apartment
459,10+,3,4,1,43422,2,11.17617,78.06861,Kollihills Road,Namakkal,1830000,3987,11.78,Apartment
2046,5-10,2,3,1,47740,2,11.34045,78.22581,Tiruchengode,Namakkal,1740000,850,14.94,Apartment
707,0-1,3,4,2,59795,3,11.10033,78.09244,Kumarapalayam,Namakkal,1740000,2461,15.51,Apartment
2710,5-10,3,4,2,76786,6,11.25489,78.21933,Kumarapalayam,Namakkal,2190000,808,6.93,Independent House
2708,5-10,2,5,2,61665,5,11.41691,78.17338,Tiruchengode,Namakkal,1840000,679,22.03,Independent House
1242,10+,4,5,3,44764,5,11.1775,78.12802,Tiruchengode,Namakkal,1630000,1312,6.3,Independent House
2269,5-10,2,3,1,76275,3,11.20089,78.11848,Tiruchengode,Namakkal,2100000,926,5.7,Apartment
1363,5-10,4,6,2,63250,4,11.22726,78.15578,Sendamangalam,Namakkal,1680000,1233,1.57,Apartment
964,1-5,0,0,0,29455,0,11.19146,78.18773,Kumarapalayam,Namakkal,1080000,1120,3.77,Plot
1272,0-1,1,3,1,78691,4,11.26777,78.35883,Rasipuram,Namakkal,1430000,1124,21.57,Apartment
3850,0-1,0,0,0,60637,0,11.15343,78.24332,Tiruchengode,Namakkal,1160000,301,11.03,Plot
1021,1-5,3,5,2,71876,2,11.13975,78.16996,Sendamangalam,Namakkal,2030000,1988,8.81,Apartment
1206,10+,3,5,1,80485,4,11.20603,78.14135,Rasipuram,Namakkal,1510000,1252,3.18,Apartment
2235,10+,1,3,1,64268,2,11.16683,78.07502,Kollihills Road,Namakkal,1400000,626,11.62,Apartment
2022,1-5,2,3,1,51148,5,11.2956,78.17968,Kollihills Road,Namakkal,1980000,979,8.63,Apartment
1390,5-10,4,7,1,56525,3,11.30928,78.2103,Kollihills Road,Namakkal,1440000,1036,11.09,Builder Floor
2061,0-1,4,7,1,32044,4,11.04806,78.13938,Paramathi,Namakkal,1830000,888,19.24,Independent House
1394,10+,4,5,2,42335,3,11.11715,78.18874,Paramathi,Namakkal,1840000,1320,11.55,Independent House
2278,0-1,2,4,2,83778,2,11.3716,78.22291,Sendamangalam,Namakkal,1760000,773,18.03,Apartment
1173,1-5,2,3,2,63874,4,11.30206,78.19065,Mohanur,Namakkal,2570000,2191,9.59,Apartment
2536,1-5,4,7,2,88098,2,11.21558,78.14167,Sendamangalam,Namakkal,2440000,962,2.83,Independent House
1282,10+,3,4,3,73483,2,11.18736,78.13834,Paramathi,Namakkal,1840000,1435,4.73,Apartment
1457,10+,1,3,1,56859,5,11.18691,78.10623,Kumarapalayam,Namakkal,1750000,1201,7.56,Apartment
1527,10+,0,0,0,68181,0,11.29501,78.01452,Rasipuram,Namakkal,610000,399,18.7,Plot
3131,10+,4,7,2,61283,3,11.21796,78.16448,Mohanur,Namakkal,3290000,1051,0.34,Villa
1819,0-1,2,4,1,64379,5,11.30811,78.28016,Mohanur,Namakkal,1960000,1078,15.8,Apartment
1026,10+,3,5,2,39040,6,11.20952,78.0054,Rasipuram,Namakkal,1430000,1394,17.7,Builder Floor
1025,1-5,4,6,3,68671,3,11.16624,78.23255,Kollihills Road,Namakkal,2230000,2176,9.21,Apartment
627,1-5,2,4,1,74998,5,11.1934,78.07288,Mohanur,Namakkal,1520000,2424,10.69,Apartment
1677,10+,3,5,2,25769,5,11.31387,78.07829,Tiruchengode,Namakkal,1580000,942,14.35,Apartment
4492,0-1,3,5,4,48011,6,11.14118,78.1348,Rasipuram,Namakkal,3150000,701,9.35,Villa
1804,5-10,0,0,0,67125,0,11.27343,78.13588,Mohanur,Namakkal,950000,527,6.97,Plot
2103,1-5,2,3,2,46844,6,11.06382,78.21511,Sendamangalam,Namakkal,1860000,884,18.01,Independent House
2527,1-5,3,5,1,31929,5,11.27888,78.11091,Tiruchengode,Namakkal,3130000,1239,9.08,Independent House
729,5-10,2,3,2,66090,3,11.15339,78.08622,Kollihills Road,Namakkal,1800000,2469,11.47,Apartment
908,10+,3,4,2,38244,2,11.2842,78.22145,Kumarapalayam,Namakkal,1110000,1222,9.35,Apartment
2668,10+,4,5,3,69175,4,11.22497,78.09997,Paramathi,Namakkal,2030000,761,7.39,Independent House
1598,5-10,2,4,1,66331,4,11.26723,78.34035,Kollihills Road,Namakkal,1750000,1095,19.61,Independent House
1240,0-1,2,3,1,93436,5,11.29591,78.20841,Mohanur,Namakkal,2280000,1839,9.66,Independent House
2204,10+,3,5,2,81966,5,11.03269,78.20361,Kollihills Road,Namakkal,1430000,649,21.08,Apartment
4792,1-5,5,7,4,55915,3,11.27749,78.21318,Kollihills Road,Namakkal,3730000,778,8.21,Villa
974,5-10,2,4,1,75596,3,11.25314,78.0363,Sendamangalam,Namakkal,1820000,1869,14.8,Apartment
1416,1-5,3,5,2,49101,5,11.23159,78.09681,Tiruchengode,Namakkal,1980000,1398,7.83,Builder Floor
791,5-10,1,2,1,51110,2,11.18051,78.27978,Sendamangalam,Namakkal,1530000,1934,12.98,Apartment
965,1-5,4,6,4,75107,2,11.33675,78.03897,Paramathi,Namakkal,1470000,1523,19.18,Apartment
2201,0-1,2,3,1,73317,2,11.31627,78.04562,Rasipuram,Namakkal,1930000,877,17.13,Apartment
2467,1-5,4,6,1,55796,4,11.0532,78.13847,Tiruchengode,Namakkal,2470000,1001,18.69,Apartment
1589,5-10,2,3,1,61197,4,11.28201,78.2561,Mohanur,Namakkal,1890000,1189,11.95,Apartment
2464,5-10,2,4,2,26542,4,11.21748,78.23883,Paramathi,Namakkal,2390000,970,7.79,Independent House
1680,1-5,3,5,1,34634,4,11.31096,78.17397,Paramathi,Namakkal,2170000,1292,10.26,Apartment
1325,5-10,3,6,3,93901,2,11.13807,78.22189,Paramathi,Namakkal,1470000,1109,10.78,Builder Floor
2486,5-10,3,6,3,66727,3,11.15856,78.15726,Kumarapalayam,Namakkal,2240000,901,6.8,Independent House
1340,5-10,2,4,1,77097,4,11.25355,78.12855,Mohanur,Namakkal,1600000,1194,5.73,Apartment
1143,1-5,3,5,2,59488,5,11.26831,78.07091,Mohanur,Namakkal,1740000,1522,11.87,Builder Floor
2573,1-5,2,4,2,58064,6,11.11963,78.21232,Rasipuram,Namakkal,2950000,1147,12.08,Independent House
1015,0-1,1,2,1,53675,3,11.08933,78.06546,Tiruchengode,Namakkal,2050000,2020,18.2,Apartment
2088,5-10,3,5,3,59750,5,11.19882,78.27923,Mohanur,Namakkal,2330000,1116,12.4,Apartment
3458,1-5,3,6,3,30005,3,11.27145,78.28686,Sendamangalam,Namakkal,2770000,801,14.28,Independent House
863,5-10,5,6,5,71993,4,11.21217,78.17307,Kollihills Road,Namakkal,2260000,2619,0.97,Independent House
1411,0-1,2,3,2,84543,6,11.20633,78.17344,Paramathi,Namakkal,3280000,2325,1.55,Independent House
1692,0-1,2,5,1,56658,5,11.19851,78.12437,Kollihills Road,Namakkal,2280000,1348,5.21,Builder Floor
2319,5-10,0,0,0,36866,0,11.35664,78.14548,Tiruchengode,Namakkal,830000,358,15.5,Plot
1888,5-10,3,6,2,80444,5,11.22305,78.13076,Mohanur,Namakkal,1670000,885,4.02,Independent House
1356,5-10,2,4,2,58228,5,11.06433,78.14493,Mohanur,Namakkal,2040000,1504,17.36,Apartment
2075,1-5,4,6,3,29915,4,11.21525,78.13275,Mohanur,Namakkal,2690000,1296,3.8,Independent House
1368,1-5,2,3,1,70099,3,11.21949,78.18374,Tiruchengode,Namakkal,2360000,1725,1.78,Apartment
2981,5-10,3,4,3,67558,3,11.21128,78.06358,Sendamangalam,Namakkal,1970000,661,11.36,Independent House
2485,1-5,2,3,2,46777,4,11.08744,78.13823,Mohanur,Namakkal,2310000,930,14.96,Apartment
1444,5-10,3,6,3,82878,4,11.21847,78.26079,Tiruchengode,Namakkal,1780000,1233,10.19,Builder Floor
1034,5-10,2,5,2,26906,5,11.2844,78.28121,Kumarapalayam,Namakkal,1650000,1596,14.39,Independent House
3665,1-5,3,5,4,75823,4,11.28343,78.15885,Sendamangalam,Namakkal,3540000,966,7.24,Villa
1744,1-5,2,4,1,68750,5,11.22548,78.08823,Rasipuram,Namakkal,1650000,946,8.67,Apartment
544,1-5,3,4,1,75817,5,11.24392,78.1592,Mohanur,Namakkal,2500000,4596,2.92,Apartment
2997,10+,3,6,3,36639,4,11.1475,78.17791,Kumarapalayam,Namakkal,2600000,868,8.02,Villa
470,10+,3,5,3,76610,4,11.13161,78.28457,Kumarapalayam,Namakkal,1340000,2851,16.05,Apartment
2136,1-5,3,5,2,57432,5,11.20204,78.22896,Kumarapalayam,Namakkal,2820000,1320,6.97,Apartment
1067,0-1,4,5,4,68226,5,11.33583,78.09109,Mohanur,Namakkal,1940000,1818,15.44,Apartment
2649,1-5,4,7,4,37553,6,11.2503,78.14215,Sendamangalam,Namakkal,2240000,846,4.45,Independent House
3169,1-5,5,6,4,70641,6,11.37154,78.18815,Rasipuram,Namakkal,2250000,710,17.12,Independent House
814,10+,2,3,1,69255,2,11.21912,78.15627,Rasipuram,Namakkal,2080000,2555,1.21,Builder Floor
587,5-10,2,3,2,52485,5,11.20733,78.18281,Kumarapalayam,Namakkal,2420000,4123,2.12,Apartment
3898,5-10,0,0,0,68328,0,11.30284,78.00327,Tiruchengode,Namakkal,890000,228,20.19,Plot
1744,10+,3,6,2,47229,5,11.21132,78.03484,Paramathi,Namakkal,1590000,912,14.48,Independent House
1148,0-1,5,8,5,46132,3,11.22946,78.25216,Kumarapalayam,Namakkal,2750000,2395,9.32,Independent House
961,0-1,4,7,3,61900,2,11.24494,78.20952,Tiruchengode,Namakkal,2530000,2633,5.43,Independent House
530,0-1,3,5,2,50486,2,11.07706,78.11203,Kollihills Road,Namakkal,1650000,3113,16.89,Apartment
1475,0-1,3,5,1,67951,4,11.17079,78.03116,Sendamangalam,Namakkal,1680000,1139,15.79,Apartment
1075,10+,0,0,0,58375,0,11.33642,78.09788,Mohanur,Namakkal,710000,660,15.11,Plot
1112,1-5,0,0,0,44763,0,11.04038,78.27332,Mohanur,Namakkal,810000,728,22.97,Plot
2431,1-5,3,5,2,58540,2,11.18005,78.24205,Kumarapalayam,Namakkal,2200000,905,9.22,Apartment
2120,1-5,2,3,2,52876,5,11.27661,78.34555,Paramathi,Namakkal,1780000,840,20.46,Apartment
1595,1-5,3,6,1,78333,5,11.34975,78.14412,Kollihills Road,Namakkal,2120000,1329,14.77,Independent House
2331,5-10,3,5,2,58605,3,11.22754,78.12188,Kollihills Road,Namakkal,2040000,875,5.06,Apartment
484,1-5,2,4,1,61807,2,11.32008,78.14171,Kumarapalayam,Namakkal,2150000,4442,11.59,Apartment
1954,10+,4,6,1,63566,2,11.05731,78.07619,Kollihills Road,Namakkal,1540000,788,20.54,Apartment
2402,10+,1,3,1,76102,3,11.18527,78.24733,Sendamangalam,Namakkal,1900000,791,9.49,Apartment
600,0-1,4,6,1,55594,4,11.26999,78.16079,Paramathi,Namakkal,2290000,3817,5.73,Independent House
1500,10+,2,4,2,64800,5,11.13658,78.22495,Kollihills Road,Namakkal,1410000,940,11.1,Apartment
1212,1-5,2,3,1,62369,5,11.29879,78.28966,Kumarapalayam,Namakkal,2030000,1675,16.02,Apartment
3225,5-10,3,5,3,51090,4,11.31206,78.13589,Sendamangalam,Namakkal,2950000,915,10.91,Villa
2320,10+,1,3,1,76227,2,11.2598,78.07101,Mohanur,Namakkal,1550000,668,11.45,Apartment
2748,5-10,5,8,1,55385,3,11.1733,77.99855,Tiruchengode,Namakkal,1740000,633,19.1,Independent House
2366,5-10,1,2,1,53946,5,11.24997,78.16345,Tiruchengode,Namakkal,2150000,909,3.48,Apartment
697,0-1,4,5,3,75413,4,11.0261,78.24709,Paramathi,Namakkal,1480000,2123,23.13,Apartment
1647,1-5,1,2,1,62706,4,11.37049,78.0917,Mohanur,Namakkal,1580000,959,18.77,Apartment
2664,0-1,2,4,1,84737,2,11.04128,78.16489,Sendamangalam,Namakkal,1960000,736,19.75,Independent House
1212,1-5,0,0,0,66195,0,11.30752,78.20808,Kollihills Road,Namakkal,830000,685,10.81,Plot
1477,1-5,3,4,1,77978,2,11.31858,78.20738,Mohanur,Namakkal,2420000,1638,11.91,Apartment
1288,5-10,4,6,3,50009,6,11.27561,78.09843,Paramathi,Namakkal,1970000,1530,9.82,Independent House
845,1-5,1,2,1,58102,3,11.25486,78.1703,Sendamangalam,Namakkal,2270000,2686,4.01,Apartment
2326,10+,1,2,1,81460,2,11.20786,78.11188,Kumarapalayam,Namakkal,1910000,821,6.18,Apartment
596,10+,3,5,3,72157,4,11.26621,78.09155,Rasipuram,Namakkal,1550000,2601,9.8,Apartment
2903,1-5,4,7,3,63192,4,11.14515,78.24247,Rasipuram,Namakkal,2520000,868,11.59,Independent House
2778,10+,4,7,2,94132,4,11.15648,78.13086,Tiruchengode,Namakkal,1790000,644,8.0,Independent House
1113,0-1,4,6,3,38067,4,11.28585,78.01256,Tiruchengode,Namakkal,1530000,1375,18.45,Apartment
4646,1-5,4,7,4,52273,4,11.37101,78.16645,Tiruchengode,Namakkal,3030000,652,16.91,Villa
4146,5-10,5,8,3,59846,3,11.17822,78.18106,Kollihills Road,Namakkal,3510000,847,4.76,Villa
2126,10+,1,3,1,49275,5,11.27926,78.04686,Sendamangalam,Namakkal,1530000,720,14.76,Apartment
1588,1-5,3,5,1,68635,3,11.39967,78.13209,Mohanur,Namakkal,2330000,1467,20.47,Independent House
1211,10+,2,5,1,56857,5,11.26145,78.23609,Sendamangalam,Namakkal,1310000,1082,8.86,Builder Floor
2048,1-5,0,0,0,78475,0,11.12025,78.16359,Mohanur,Namakkal,1140000,557,10.98,Plot
603,1-5,4,5,1,50964,4,11.19446,78.22495,Kumarapalayam,Namakkal,1950000,3234,6.84,Independent House
915,5-10,2,3,1,41653,3,10.89902,79.28916,Pattukottai,Thanjavur,1770000,1934,20.7,Apartment
2320,10+,3,5,1,52753,6,10.72366,79.16497,Papanasam,Thanjavur,2490000,1073,7.64,Independent House
892,1-5,3,4,1,66742,2,10.77236,79.03649,Thiruvaiyaru,Thanjavur,2590000,2904,11.19,Apartment
787,0-1,2,4,2,57167,2,10.58447,79.18309,Kumbakonam,Thanjavur,2040000,2592,23.06,Apartment
2359,1-5,1,3,1,62186,4,10.78045,79.14684,Sethubavachatram,Thanjavur,2480000,1051,1.23,Apartment
3352,0-1,3,4,1,65302,5,10.88933,79.1162,Peravurani,Thanjavur,2540000,758,11.62,Independent House
675,10+,3,4,3,43353,2,10.7399,79.25037,Papanasam,Thanjavur,1650000,2444,13.37,Apartment
1061,1-5,3,4,3,65774,3,10.68049,79.12022,Thiruvaiyaru,Thanjavur,1970000,1857,12.0,Apartment
607,1-5,2,3,2,53600,5,10.62831,79.17519,Papanasam,Thanjavur,1840000,3031,18.11,Apartment
2463,1-5,3,4,3,57264,4,10.91319,79.09736,Peravurani,Thanjavur,2510000,1019,14.71,Independent House
2710,10+,3,4,3,68006,3,10.55912,79.13178,Peravurani,Thanjavur,1470000,542,25.35,Independent House
1114,10+,2,4,2,46121,4,10.71751,79.11935,Peravurani,Thanjavur,1590000,1427,7.99,Apartment
1287,10+,1,3,1,55078,3,10.77091,79.244,Sethubavachatram,Thanjavur,1590000,1235,11.74,Apartment
1161,5-10,5,6,3,45594,4,10.6865,79.18418,Budalur,Thanjavur,2150000,1852,12.27,Independent House
1184,0-1,4,5,4,61171,2,10.6797,79.11457,Kumbakonam,Thanjavur,2430000,2052,12.2,Builder Floor
1999,1-5,3,6,2,46551,5,10.77314,79.13716,Kumbakonam,Thanjavur,1890000,945,1.54,Builder Floor
1024,5-10,1,2,1,48943,4,10.6841,79.0289,Pattukottai,Thanjavur,1810000,1768,16.51,Apartment
3342,1-5,5,7,2,56336,2,10.76645,79.10581,Thiruvaiyaru,Thanjavur,3340000,999,4.18,Independent House
2127,1-5,2,4,2,43230,3,10.86807,79.15907,Pattukottai,Thanjavur,2690000,1265,9.31,Independent House
1887,5-10,2,3,2,82773,5,10.88769,79.13848,Kumbakonam,Thanjavur,2350000,1245,11.2,Apartment
4538,5-10,5,7,2,38440,4,10.71733,79.17074,Thiruvaiyaru,Thanjavur,3310000,729,8.54,Villa
2031,1-5,0,0,0,59282,0,10.85224,79.15122,Budalur,Thanjavur,1110000,547,7.4,Plot
2877,10+,3,4,1,77634,6,10.78717,79.18879,Pattukottai,Thanjavur,2390000,831,5.57,Independent House
2896,10+,4,6,1,53049,5,10.81226,78.94422,Budalur,Thanjavur,1630000,563,21.33,Independent House
1158,10+,4,5,1,93860,4,10.7749,79.03067,Kumbakonam,Thanjavur,1580000,1364,11.78,Independent House
1963,1-5,0,0,0,68301,0,10.75008,79.21056,Peravurani,Thanjavur,900000,458,8.95,Plot
1115,10+,1,3,1,55333,2,10.80763,79.16768,Peravurani,Thanjavur,2260000,2027,3.99,Apartment
3214,1-5,3,5,3,71374,5,10.91798,79.13248,Pattukottai,Thanjavur,2190000,681,14.58,Independent House
5748,1-5,3,6,4,69499,3,10.62925,79.06066,Peravurani,Thanjavur,3530000,614,19.46,Villa
1413,5-10,2,4,2,68166,6,10.87999,79.02636,Sethubavachatram,Thanjavur,2160000,1529,15.97,Independent House
4789,5-10,5,8,3,46049,6,10.77299,79.1445,Sethubavachatram,Thanjavur,3550000,741,1.72,Villa
2349,0-1,2,3,2,42783,3,10.81714,79.1931,Sethubavachatram,Thanjavur,2400000,1022,6.91,Apartment
2994,5-10,5,7,2,58220,6,10.80368,78.95887,Papanasam,Thanjavur,1630000,544,19.63,Independent House
1833,1-5,4,7,2,29658,2,10.85813,79.23314,Sethubavachatram,Thanjavur,2140000,1167,13.08,Independent House
2041,1-5,3,4,2,60816,2,10.81248,79.05008,Peravurani,Thanjavur,2470000,1210,9.99,Independent House
1759,0-1,4,6,1,54178,3,10.5798,79.08383,Thiruvaiyaru,Thanjavur,2300000,1308,23.78,Independent House
1941,5-10,2,4,2,104528,2,10.65867,79.10791,Peravurani,Thanjavur,2260000,1164,14.64,Apartment
2392,1-5,4,6,2,47052,3,10.78936,79.19616,Papanasam,Thanjavur,2460000,1028,6.38,Independent House
715,5-10,4,5,4,56651,3,10.84963,79.08993,Kumbakonam,Thanjavur,2130000,2979,8.71,Independent House
1965,5-10,3,5,2,55931,4,10.91355,79.23477,Budalur,Thanjavur,1340000,682,17.61,Builder Floor
1612,10+,3,4,2,73826,3,10.90897,79.13738,Thiruvaiyaru,Thanjavur,1570000,974,13.56,Independent House
4197,5-10,5,8,3,33918,3,10.78799,79.07357,Budalur,Thanjavur,4120000,982,7.02,Villa
2491,5-10,3,6,1,64873,2,10.75265,79.05195,Orathanadu,Thanjavur,1960000,787,10.13,Independent House
533,10+,2,3,1,41725,3,10.80407,79.09062,Budalur,Thanjavur,1850000,3471,5.49,Apartment
1045,5-10,3,4,2,35376,3,10.76506,79.1573,Kumbakonam,Thanjavur,2170000,2077,3.24,Apartment
2172,10+,0,0,0,58532,0,10.82473,79.09292,Pattukottai,Thanjavur,810000,373,6.45,Plot
505,1-5,2,3,1,48988,5,10.83315,79.24893,Sethubavachatram,Thanjavur,2060000,4079,13.18,Apartment
584,5-10,2,4,1,87585,5,10.90314,78.97162,Papanasam,Thanjavur,1250000,2140,22.27,Apartment
1157,10+,4,5,1,59349,5,10.80993,79.1938,Kumbakonam,Thanjavur,1490000,1288,6.63,Builder Floor
3305,10+,4,6,2,81013,4,10.70068,79.24707,Kumbakonam,Thanjavur,3000000,908,15.32,Villa
1650,0-1,3,4,1,52718,3,10.92605,79.16809,Peravurani,Thanjavur,2410000,1461,15.81,Apartment
1359,10+,1,3,1,47110,2,10.87447,79.20499,Sethubavachatram,Thanjavur,1470000,1082,12.18,Apartment
1545,5-10,3,5,1,55313,3,10.83528,79.03026,Peravurani,Thanjavur,1510000,977,12.91,Apartment
1168,10+,2,3,1,73403,4,10.81483,79.14832,Pattukottai,Thanjavur,1740000,1490,3.3,Apartment
2219,5-10,2,4,2,63684,5,10.93767,79.0944,Papanasam,Thanjavur,2020000,910,17.41,Apartment
5281,1-5,5,8,2,49057,4,10.79205,79.23608,Orathanadu,Thanjavur,3720000,704,10.75,Villa
2202,1-5,2,3,1,60953,5,10.75889,79.17233,Thiruvaiyaru,Thanjavur,2390000,1085,4.9,Apartment
2521,1-5,4,6,1,79189,5,10.83027,79.08224,Papanasam,Thanjavur,2880000,1142,7.74,Independent House
470,10+,2,4,2,42200,3,10.67399,79.16204,Thiruvaiyaru,Thanjavur,1510000,3213,12.84,Apartment
1510,1-5,4,6,4,76621,5,10.76641,79.05687,Sethubavachatram,Thanjavur,2310000,1530,9.13,Apartment
2647,5-10,4,5,1,30807,2,10.91887,79.19824,Thiruvaiyaru,Thanjavur,2410000,910,16.08,Independent House
480,10+,3,5,1,62639,3,10.79827,79.10415,Kumbakonam,Thanjavur,1680000,3500,3.88,Apartment
1535,1-5,2,4,1,66764,4,10.82168,79.19119,Papanasam,Thanjavur,1730000,1127,6.99,Apartment
861,0-1,5,6,2,72008,6,10.7659,79.18244,Orathanadu,Thanjavur,3130000,3635,5.41,Independent House
5696,10+,3,5,4,69996,3,10.77224,79.19203,Sethubavachatram,Thanjavur,3700000,650,6.15,Villa
768,5-10,2,3,2,71103,4,10.91445,79.05475,Sethubavachatram,Thanjavur,1900000,2474,16.83,Apartment
557,1-5,3,5,1,47286,5,10.86152,79.20377,Sethubavachatram,Thanjavur,2050000,3680,10.98,Apartment
4019,1-5,4,7,2,40270,3,10.84814,79.08758,Kumbakonam,Thanjavur,3970000,988,8.74,Villa
3282,5-10,3,5,2,50397,4,10.88482,79.01199,Peravurani,Thanjavur,2250000,686,17.52,Independent House
1103,1-5,2,3,2,62050,5,10.90998,79.02543,Orathanadu,Thanjavur,2030000,1840,18.37,Apartment
945,10+,4,7,3,9382,4,10.75828,79.09316,Thiruvaiyaru,Thanjavur,1820000,1926,5.83,Builder Floor
2373,0-1,2,3,1,69083,4,10.86387,79.15113,Budalur,Thanjavur,2550000,1075,8.67,Apartment
3336,10+,4,6,3,46533,3,10.86065,79.20209,Thiruvaiyaru,Thanjavur,3270000,980,10.79,Villa
2159,0-1,2,4,1,44974,5,10.80849,79.17823,Budalur,Thanjavur,2410000,1116,5.02,Apartment
1382,1-5,2,3,2,94313,2,10.88643,79.0247,Budalur,Thanjavur,1430000,1035,16.58,Apartment
2092,0-1,1,3,1,48838,2,10.72415,79.13927,Orathanadu,Thanjavur,2460000,1176,6.99,Apartment
2844,1-5,3,6,3,11938,5,10.76163,79.05281,Budalur,Thanjavur,2960000,1041,9.7,Independent House
616,5-10,2,3,1,48267,5,10.68134,79.10997,Budalur,Thanjavur,1860000,3019,12.14,Apartment
1063,0-1,2,3,2,69936,3,10.81236,79.10373,Peravurani,Thanjavur,2470000,2324,4.67,Apartment
1533,1-5,2,3,1,62827,6,10.73309,79.08343,Peravurani,Thanjavur,2410000,1572,8.44,Independent House
592,0-1,2,3,2,58623,2,10.91227,79.18747,Pattukottai,Thanjavur,2350000,3970,14.95,Apartment
2198,5-10,3,5,3,61857,4,10.82954,79.13925,Kumbakonam,Thanjavur,1730000,787,4.73,Apartment
2260,0-1,2,3,2,73628,3,10.77863,79.0832,Peravurani,Thanjavur,2750000,1217,6.04,Apartment
1628,0-1,3,4,3,58177,3,10.80949,79.05863,Thiruvaiyaru,Thanjavur,2110000,1296,9.0,Builder Floor
904,1-5,3,6,2,41107,2,10.75731,79.22653,Budalur,Thanjavur,2330000,2577,10.24,Independent House
5376,1-5,3,5,3,31395,5,10.81404,79.04276,Papanasam,Thanjavur,5300000,986,10.81,Villa
1261,10+,1,3,1,61065,4,10.77297,79.10433,Budalur,Thanjavur,2240000,1776,3.97,Apartment
3462,0-1,3,4,3,24517,2,10.75108,79.07241,Thiruvaiyaru,Thanjavur,2760000,797,8.18,Independent House
1352,10+,5,8,4,73679,6,10.78332,79.1867,Orathanadu,Thanjavur,1590000,1176,5.36,Builder Floor
1995,10+,2,3,1,33470,2,10.80577,79.18589,Kumbakonam,Thanjavur,1820000,912,5.65,Apartment
1543,10+,0,0,0,67969,0,10.79186,79.0764,Orathanadu,Thanjavur,850000,551,6.73,Plot
1139,1-5,2,3,2,49265,5,10.7314,79.08122,Orathanadu,Thanjavur,2030000,1782,8.74,Apartment
1829,1-5,4,6,4,37770,5,10.72637,79.03361,Papanasam,Thanjavur,2520000,1378,13.23,Apartment
1719,10+,2,3,1,42924,3,10.75663,79.1955,Kumbakonam,Thanjavur,2080000,1210,7.15,Apartment
5372,10+,5,7,2,79902,5,10.81418,79.17919,Thiruvaiyaru,Thanjavur,3400000,633,5.44,Villa
2139,5-10,0,0,0,63115,0,10.79773,79.16526,Budalur,Thanjavur,1050000,491,3.23,Plot
2225,0-1,4,6,1,78839,5,10.77457,79.16635,Thiruvaiyaru,Thanjavur,2620000,1178,3.41,Apartment
1616,5-10,0,0,0,59016,0,10.78656,79.03233,Thiruvaiyaru,Thanjavur,950000,588,11.52,Plot
1518,5-10,3,5,2,66439,4,10.91481,79.16833,Sethubavachatram,Thanjavur,1810000,1192,14.6,Apartment
1751,1-5,2,4,2,55742,3,10.81239,79.22946,Orathanadu,Thanjavur,2270000,1296,10.4,Apartment
5097,1-5,3,5,3,76039,4,10.83284,79.23125,Papanasam,Thanjavur,4220000,828,11.41,Villa
1155,1-5,2,5,2,54138,3,10.83176,79.25213,Pattukottai,Thanjavur,1690000,1463,13.44,Builder Floor
5458,1-5,5,7,4,48747,5,10.73954,79.16027,Peravurani,Thanjavur,4370000,801,5.82,Villa
2886,1-5,0,0,0,40457,0,10.84663,79.2198,Pattukottai,Thanjavur,1200000,416,11.14,Plot
1047,5-10,2,3,1,50102,3,10.81556,79.02872,Orathanadu,Thanjavur,2000000,1910,12.33,Apartment
2622,5-10,4,6,4,61423,3,10.87753,79.01857,Papanasam,Thanjavur,2570000,980,16.46,Villa
825,10+,2,3,1,52507,3,10.72452,79.06778,Budalur,Thanjavur,1500000,1818,10.33,Apartment
723,1-5,2,4,1,98777,2,10.76153,79.19598,Pattukottai,Thanjavur,1940000,2683,6.96,Apartment
1654,1-5,2,4,2,82623,3,10.8341,79.11985,Sethubavachatram,Thanjavur,2010000,1215,5.59,Apartment
1347,10+,2,4,2,62759,5,10.83563,79.04231,Pattukottai,Thanjavur,1620000,1203,11.75,Apartment
892,5-10,3,4,2,41660,5,10.77222,79.18091,Papanasam,Thanjavur,2840000,3184,4.99,Apartment
2213,5-10,4,5,2,54453,2,10.84707,78.98031,Papanasam,Thanjavur,1900000,859,18.45,Independent House
1714,5-10,1,2,1,53514,4,10.80348,79.27733,Budalur,Thanjavur,2050000,1196,15.35,Apartment
1862,1-5,3,4,2,99535,5,10.73274,79.01431,Orathanadu,Thanjavur,1870000,1004,14.78,Builder Floor
1429,1-5,4,5,3,78467,3,10.73844,79.18386,Sethubavachatram,Thanjavur,2400000,1679,7.38,Builder Floor
5835,5-10,3,5,4,77446,4,10.86587,79.02477,Kumbakonam,Thanjavur,2330000,399,15.14,Villa
2570,0-1,0,0,0,40443,0,10.84943,79.05576,Papanasam,Thanjavur,1340000,521,11.33,Plot
1143,10+,4,5,3,54009,5,10.83995,79.2173,Sethubavachatram,Thanjavur,1860000,1627,10.49,Independent House
748,10+,1,2,1,56858,2,10.96406,79.13052,Pattukottai,Thanjavur,1470000,1965,19.7,Apartment
1350,10+,2,3,2,62257,3,10.73104,79.10281,Thiruvaiyaru,Thanjavur,1810000,1341,7.3,Apartment
472,10+,2,3,1,60878,2,10.75973,79.2155,Peravurani,Thanjavur,1960000,4153,9.01,Apartment
2156,1-5,3,5,3,38115,3,10.79483,79.2745,Kumbakonam,Thanjavur,1820000,844,14.96,Apartment
2793,1-5,3,5,4,56817,3,10.65446,79.18849,Sethubavachatram,Thanjavur,3070000,1099,15.74,Villa
2866,5-10,0,0,0,54498,0,10.83679,79.05638,Kumbakonam,Thanjavur,900000,314,10.48,Plot
539,1-5,3,4,1,41298,2,10.66394,79.04823,Papanasam,Thanjavur,2100000,3896,16.82,Apartment
930,5-10,1,2,1,44805,2,10.81109,79.09994,Peravurani,Thanjavur,1950000,2097,4.93,Apartment
5605,1-5,5,8,2,54530,5,10.82264,79.13381,Sethubavachatram,Thanjavur,4840000,864,3.99,Villa
1240,1-5,2,4,1,42292,3,10.89095,79.25069,Budalur,Thanjavur,2060000,1661,16.9,Apartment
2045,1-5,3,4,1,54368,2,10.9713,79.18093,Papanasam,Thanjavur,1650000,807,21.03,Apartment
3297,1-5,0,0,0,38684,0,10.73709,79.07204,Pattukottai,Thanjavur,1400000,425,9.08,Plot
748,0-1,3,4,3,63644,3,10.91538,79.15369,Budalur,Thanjavur,2130000,2848,14.38,Apartment
880,1-5,1,3,1,58278,4,10.67288,79.13598,Peravurani,Thanjavur,1860000,2114,12.69,Apartment
1164,10+,3,5,2,124596,4,10.64593,79.05698,Peravurani,Thanjavur,1670000,1435,18.0,Apartment
3196,1-5,2,3,1,93717,3,10.8867,79.11795,Kumbakonam,Thanjavur,2760000,864,11.3,Independent House
1408,5-10,3,5,1,59309,3,10.90834,79.19043,Papanasam,Thanjavur,1660000,1179,14.67,Apartment
3466,5-10,0,0,0,50509,0,10.86092,79.18145,Kumbakonam,Thanjavur,1130000,326,9.5,Plot
1773,5-10,4,5,1,69754,3,10.80322,78.94409,Peravurani,Thanjavur,1390000,784,21.24,Builder Floor
772,0-1,3,5,2,52885,3,10.91401,79.09175,Orathanadu,Thanjavur,1640000,2124,14.99,Apartment
4113,1-5,3,5,2,89963,5,10.8813,79.17681,Papanasam,Thanjavur,4510000,1097,11.32,Villa
773,1-5,3,4,2,29490,3,10.81812,79.19076,Budalur,Thanjavur,2080000,2691,6.74,Apartment
1797,1-5,3,4,2,69022,3,10.82299,79.07144,Peravurani,Thanjavur,2690000,1497,8.28,Apartment
3354,0-1,2,3,1,60298,5,10.83905,79.21651,Kumbakonam,Thanjavur,2820000,841,10.36,Independent House
1860,10+,2,3,2,62373,6,10.72135,78.99484,Kumbakonam,Thanjavur,1770000,952,17.24,Independent House
1189,0-1,2,3,1,79872,5,10.73129,79.20808,Orathanadu,Thanjavur,2450000,2061,9.86,Apartment
1809,1-5,2,4,2,49016,4,10.68543,79.06106,Papanasam,Thanjavur,2050000,1133,14.07,Apartment
684,5-10,4,6,2,87598,3,10.78377,79.13528,Papanasam,Thanjavur,2350000,3436,0.45,Apartment
3066,5-10,2,5,1,65421,2,10.82485,79.26697,Pattukottai,Thanjavur,2140000,698,14.72,Independent House
1073,5-10,2,3,2,101898,5,12.825,79.77394,Cheyyar,Kancheepuram,3080000,2870,8.62,Apartment
4923,0-1,4,6,4,99270,3,12.82389,79.78607,Sriperumbudur,Kancheepuram,5350000,1087,9.92,Villa
1322,5-10,4,6,1,116516,4,12.81604,79.61091,Kancheepuram Town,Kancheepuram,2680000,2027,9.09,Apartment
2699,5-10,3,4,3,119495,5,12.9298,79.69689,Uthiramerur,Kancheepuram,2880000,1067,12.38,Independent House
1804,1-5,0,0,0,104075,0,12.86359,79.6553,Madurantakam,Kancheepuram,1970000,1092,6.59,Plot
1387,1-5,3,4,1,82825,4,12.82891,79.72225,Cheyyar,Kancheepuram,4310000,3107,3.2,Apartment
2440,10+,4,6,4,74301,5,12.8526,79.74715,Uthiramerur,Kancheepuram,5350000,2193,6.83,Villa
826,1-5,2,3,2,143032,4,12.79554,79.67329,Chengalpattu,Kancheepuram,3240000,3923,3.45,Apartment
1578,1-5,2,5,1,127547,5,12.80174,79.76726,Cheyyar,Kancheepuram,3900000,2471,8.09,Independent House
1365,1-5,3,4,2,66115,4,12.90951,79.76142,Uthiramerur,Kancheepuram,3430000,2513,12.44,Independent House
1887,0-1,3,4,2,98494,6,12.94768,79.64022,Kancheepuram Town,Kancheepuram,4350000,2305,15.53,Independent House
3074,0-1,0,0,0,76812,0,12.89871,79.56318,Sriperumbudur,Kancheepuram,1650000,537,16.82,Plot
3226,5-10,3,6,1,41906,4,12.81434,79.66837,Cheyyar,Kancheepuram,4210000,1305,2.89,Independent House
920,1-5,1,3,1,58334,3,12.83072,79.82285,Uthiramerur,Kancheepuram,3470000,3772,13.96,Apartment
2121,0-1,0,0,0,96421,0,12.83222,79.61748,Uthiramerur,Kancheepuram,2140000,1009,8.51,Plot
1459,5-10,2,3,1,169621,2,12.68014,79.72166,Walajabad,Kancheepuram,2640000,1809,15.66,Apartment
1119,1-5,1,3,1,110395,2,12.73352,79.8561,Chengalpattu,Kancheepuram,2860000,2556,19.89,Apartment
1342,0-1,0,0,0,93972,0,12.96185,79.73578,Sriperumbudur,Kancheepuram,1250000,931,16.55,Plot
1139,10+,1,2,1,90900,4,12.7093,79.85048,Chengalpattu,Kancheepuram,1630000,1431,20.8,Apartment
1535,5-10,3,6,1,164990,5,12.839,79.70946,Cheyyar,Kancheepuram,3100000,2020,2.79,Builder Floor
888,5-10,0,0,0,47253,0,12.78532,79.72012,Walajabad,Kancheepuram,1570000,1768,4.61,Plot
3755,5-10,0,0,0,160448,0,12.91795,79.75176,Chengalpattu,Kancheepuram,1680000,447,12.67,Plot
2408,10+,1,3,1,74743,5,12.76786,79.764,Uthiramerur,Kancheepuram,2740000,1138,9.39,Apartment
1850,10+,0,0,0,115259,0,12.7318,79.63209,Chengalpattu,Kancheepuram,1380000,746,11.79,Plot
3346,5-10,4,7,3,117695,3,12.7856,79.58893,Chengalpattu,Kancheepuram,5650000,1689,12.04,Villa
2214,5-10,3,5,1,69756,2,12.66819,79.70886,Uthiramerur,Kancheepuram,3140000,1418,16.78,Independent House
2465,1-5,3,6,2,119806,5,12.81514,79.69332,Thiruporur,Kancheepuram,4430000,1797,0.4,Independent House
1208,5-10,3,5,2,38523,3,12.73527,79.6314,Madurantakam,Kancheepuram,4120000,3411,11.52,Independent House
1218,0-1,2,3,2,118116,5,13.00767,79.63034,Kancheepuram Town,Kancheepuram,3580000,2939,22.16,Apartment
1920,10+,4,6,2,85219,3,12.73234,79.67467,Madurantakam,Kancheepuram,2730000,1422,9.82,Independent House
3459,5-10,0,0,0,105320,0,12.80491,79.53591,Chengalpattu,Kancheepuram,1330000,385,17.28,Plot
1502,5-10,1,3,1,109397,2,12.88105,79.60584,Kancheepuram Town,Kancheepuram,2710000,1804,11.88,Apartment
1111,0-1,2,4,1,53249,4,13.04502,79.65703,Walajabad,Kancheepuram,2820000,2538,25.52,Apartment
1579,5-10,3,4,3,127622,6,12.85927,79.70636,Madurantakam,Kancheepuram,3980000,2521,4.71,Independent House
2057,10+,2,4,2,101541,3,12.93736,79.64783,Thiruporur,Kancheepuram,2520000,1225,14.16,Apartment
2258,10+,5,7,3,73786,6,12.93378,79.75024,Uthiramerur,Kancheepuram,4020000,1780,14.16,Villa
1874,5-10,2,4,2,75497,4,12.90401,79.8193,Sriperumbudur,Kancheepuram,2250000,1201,16.52,Apartment
838,1-5,3,5,1,124555,4,12.76706,79.76036,Chengalpattu,Kancheepuram,2780000,3317,9.13,Apartment
1496,10+,2,3,2,70485,4,12.85423,79.86293,Kancheepuram Town,Kancheepuram,2040000,1364,18.67,Apartment
1337,0-1,2,3,2,57774,3,12.85334,79.70527,Uthiramerur,Kancheepuram,3500000,2618,4.04,Apartment
721,1-5,2,3,1,89847,2,12.7466,79.63631,Uthiramerur,Kancheepuram,2650000,3675,10.2,Apartment
919,5-10,2,3,2,83208,3,12.75678,79.53248,Cheyyar,Kancheepuram,2230000,2427,18.88,Builder Floor
652,5-10,4,6,3,136527,5,12.77772,79.67459,Thiruporur,Kancheepuram,3600000,5521,5.03,Apartment
758,10+,3,5,1,119272,2,12.85472,79.72817,Walajabad,Kancheepuram,2290000,3021,5.42,Apartment
544,10+,1,2,1,99590,2,12.81661,79.7949,Thiruporur,Kancheepuram,2400000,4412,10.87,Apartment
1007,10+,2,4,2,63270,4,12.77774,79.63848,Thiruporur,Kancheepuram,2790000,2771,7.6,Apartment
2714,5-10,5,6,4,68006,3,12.85148,79.72483,Sriperumbudur,Kancheepuram,3750000,1382,4.91,Independent House
844,1-5,4,6,3,24533,2,12.97765,79.58298,Madurantakam,Kancheepuram,2530000,2998,21.44,Independent House
1638,10+,2,3,2,92287,2,12.78874,79.58109,Walajabad,Kancheepuram,2810000,1716,12.76,Builder Floor
1393,0-1,4,5,1,63254,5,12.79281,79.731,Chengalpattu,Kancheepuram,3770000,2706,4.86,Independent House
2916,1-5,0,0,0,92514,0,12.69756,79.87124,Uthiramerur,Kancheepuram,1260000,432,23.4,Plot
1020,10+,3,4,2,102021,4,12.79901,79.81042,Madurantakam,Kancheepuram,2790000,2735,12.73,Independent House
1150,1-5,2,4,1,162031,5,12.6227,79.68686,Walajabad,Kancheepuram,2490000,2165,21.79,Builder Floor
2108,1-5,1,3,1,31336,5,12.84046,79.74224,Thiruporur,Kancheepuram,3760000,1784,5.7,Apartment
784,5-10,3,5,3,106783,5,13.04629,79.72698,Cheyyar,Kancheepuram,2340000,2985,25.57,Independent House
1505,10+,0,0,0,113656,0,12.75259,79.90532,Madurantakam,Kancheepuram,1090000,724,23.99,Plot
1570,0-1,3,4,3,153465,5,13.02008,79.6917,Uthiramerur,Kancheepuram,2410000,1535,22.42,Apartment
1010,1-5,2,3,2,112284,4,12.92519,79.68366,Thiruporur,Kancheepuram,3740000,3703,11.92,Apartment
1777,5-10,4,6,3,164425,3,12.96212,79.6036,Kancheepuram Town,Kancheepuram,2500000,1407,18.78,Apartment
2906,0-1,0,0,0,122190,0,12.82527,79.79572,Thiruporur,Kancheepuram,1620000,557,10.98,Plot
5420,5-10,3,6,2,112688,4,12.87866,79.72759,Sriperumbudur,Kancheepuram,7230000,1334,7.58,Villa
4923,5-10,4,7,3,56268,5,12.84728,79.69726,Walajabad,Kancheepuram,5560000,1129,3.21,Villa
5854,1-5,5,8,4,147019,6,12.68192,79.91412,Kancheepuram Town,Kancheepuram,4380000,748,28.23,Villa
1987,0-1,1,2,1,133880,2,12.71654,79.85391,Madurantakam,Kancheepuram,2890000,1454,20.66,Apartment
1032,1-5,1,3,1,83436,5,12.85803,79.7764,Thiruporur,Kancheepuram,3470000,3362,9.89,Apartment
1159,5-10,4,7,2,157131,6,12.83139,79.63437,Madurantakam,Kancheepuram,4620000,3986,6.7,Independent House
2717,1-5,3,4,2,85386,2,12.84856,79.7299,Kancheepuram Town,Kancheepuram,4470000,1645,5.07,Independent House
1446,5-10,3,5,3,56716,5,12.75643,79.7775,Chengalpattu,Kancheepuram,2140000,1480,11.32,Builder Floor
708,5-10,2,3,1,122142,3,12.8413,79.52491,Sriperumbudur,Kancheepuram,1870000,2641,18.58,Apartment
2159,10+,3,4,3,60945,3,12.73324,79.67868,Thiruporur,Kancheepuram,2900000,1343,9.64,Apartment
1600,1-5,4,7,3,111110,5,12.9578,79.66984,Chengalpattu,Kancheepuram,2590000,1619,15.72,Builder Floor
1761,0-1,2,4,2,120837,4,12.84506,79.70088,Uthiramerur,Kancheepuram,3530000,2005,3.03,Builder Floor
2322,0-1,3,6,4,91984,5,12.91912,79.63721,Thiruporur,Kancheepuram,5800000,2498,12.81,Villa
628,5-10,3,5,3,59643,3,12.84035,79.58789,Sriperumbudur,Kancheepuram,3440000,5478,11.83,Apartment
4515,5-10,4,6,2,98864,5,12.91678,79.54648,Thiruporur,Kancheepuram,3800000,842,19.43,Villa
820,10+,4,6,4,72102,5,12.82476,79.73235,Thiruporur,Kancheepuram,2500000,3049,4.14,Apartment
1538,0-1,3,6,1,113780,2,12.68635,79.73207,Uthiramerur,Kancheepuram,2870000,1866,15.24,Builder Floor
1469,1-5,2,3,2,106623,3,12.70815,79.57357,Madurantakam,Kancheepuram,2980000,2029,17.98,Builder Floor
744,10+,2,4,1,25796,2,12.73747,79.85024,Thiruporur,Kancheepuram,1940000,2608,19.12,Apartment
2487,5-10,2,4,1,110578,5,12.73008,79.72291,Chengalpattu,Kancheepuram,3360000,1351,10.3,Apartment
930,1-5,3,5,3,43957,2,12.70031,79.61916,Thiruporur,Kancheepuram,3430000,3688,15.49,Apartment
3166,0-1,5,8,4,102707,6,12.84397,79.57966,Uthiramerur,Kancheepuram,6980000,2205,12.79,Villa
4390,0-1,5,8,3,85384,6,12.79066,79.75876,Sriperumbudur,Kancheepuram,6730000,1533,7.6,Villa
941,1-5,2,3,2,106771,3,12.67087,79.76038,Cheyyar,Kancheepuram,2700000,2869,17.89,Apartment
2181,1-5,2,3,1,45806,5,12.78172,79.67548,Sriperumbudur,Kancheepuram,3430000,1573,4.59,Apartment
1888,0-1,4,7,3,26896,5,12.84166,79.76933,Uthiramerur,Kancheepuram,4490000,2378,8.49,Independent House
2270,1-5,2,4,1,91869,4,12.92631,79.67416,Kancheepuram Town,Kancheepuram,2890000,1273,12.19,Apartment
3151,1-5,2,5,2,111630,5,12.66214,79.73014,Cheyyar,Kancheepuram,3900000,1238,17.81,Independent House
2272,0-1,2,3,2,111761,2,12.80445,79.83973,Sriperumbudur,Kancheepuram,3600000,1585,15.8,Apartment
1621,5-10,2,4,2,54746,2,12.83119,79.64586,Uthiramerur,Kancheepuram,3200000,1974,5.48,Apartment
1828,0-1,4,5,1,62627,5,12.79752,79.60406,Chengalpattu,Kancheepuram,4110000,2248,10.1,Independent House
1079,1-5,2,4,2,148314,2,12.71414,79.79537,Sriperumbudur,Kancheepuram,3350000,3105,15.93,Apartment
2100,1-5,5,8,2,100580,3,12.88685,79.61811,Walajabad,Kancheepuram,5560000,2648,11.26,Villa
3113,5-10,5,8,4,121037,3,12.79937,79.74734,Cheyyar,Kancheepuram,3250000,1044,6.09,Independent House
1018,5-10,0,0,0,118872,0,12.95297,79.81613,Uthiramerur,Kancheepuram,1340000,1316,19.92,Plot
2188,1-5,1,2,1,164598,2,12.75915,79.53281,Uthiramerur,Kancheepuram,3410000,1559,18.75,Apartment
557,10+,2,4,2,116270,4,12.87749,79.6477,Uthiramerur,Kancheepuram,2800000,5027,8.31,Apartment
1029,10+,2,5,2,131647,4,12.79779,79.68878,Thiruporur,Kancheepuram,3540000,3440,2.39,Builder Floor
1017,10+,4,6,2,111495,3,12.89747,79.67951,Walajabad,Kancheepuram,2980000,2930,8.93,Apartment
1455,1-5,3,5,3,88288,6,12.86503,79.81686,Chengalpattu,Kancheepuram,2430000,1670,14.22,Builder Floor
1150,1-5,3,4,1,118048,3,12.85376,79.69707,Walajabad,Kancheepuram,3190000,2774,3.93,Apartment
1900,1-5,2,3,1,110628,2,12.76366,79.80131,Madurantakam,Kancheepuram,4390000,2311,13.07,Independent House
1412,5-10,2,3,1,64632,4,12.70942,79.6725,Madurantakam,Kancheepuram,3170000,2245,12.37,Apartment
2745,1-5,2,5,2,107138,5,12.80796,79.69463,Walajabad,Kancheepuram,5820000,2120,1.17,Independent House
1403,1-5,3,5,3,121464,3,12.78416,79.76736,Uthiramerur,Kancheepuram,3480000,2480,8.76,Apartment
2145,5-10,2,4,2,106165,3,12.79045,79.73696,Sriperumbudur,Kancheepuram,3900000,1818,5.54,Apartment
2076,0-1,0,0,0,115836,0,12.89845,79.65842,Sriperumbudur,Kancheepuram,1660000,800,9.72,Plot
1455,5-10,3,4,2,115942,3,12.74928,79.76453,Sriperumbudur,Kancheepuram,2940000,2021,10.8,Apartment
2041,1-5,0,0,0,126477,0,12.85338,79.76982,Thiruporur,Kancheepuram,1880000,921,9.02,Plot
721,1-5,3,5,3,70183,4,12.75343,79.55818,Kancheepuram Town,Kancheepuram,2420000,3356,16.48,Apartment
1417,5-10,4,5,3,128718,5,12.85024,79.67921,Sriperumbudur,Kancheepuram,2600000,1835,3.91,Apartment
2247,5-10,2,4,2,52500,2,12.8201,79.69241,Walajabad,Kancheepuram,3610000,1607,0.31,Apartment
1356,10+,2,4,2,100731,5,12.72006,79.72784,Kancheepuram Town,Kancheepuram,2450000,1807,11.52,Apartment
895,1-5,3,4,3,110757,2,12.74158,79.72526,Cheyyar,Kancheepuram,2840000,3173,9.17,Independent House
1041,5-10,2,4,1,147352,2,12.77788,79.60776,Thiruporur,Kancheepuram,2910000,2795,10.45,Apartment
565,5-10,1,3,1,56180,5,12.77365,79.68647,Madurantakam,Kancheepuram,3180000,5628,5.07,Apartment
2105,1-5,4,7,3,162955,6,12.85202,79.76618,Sriperumbudur,Kancheepuram,4890000,2323,8.6,Villa
1481,1-5,1,2,1,73455,3,12.94117,79.75671,Cheyyar,Kancheepuram,3500000,2363,15.21,Apartment
1812,5-10,0,0,0,103934,0,12.7587,79.70802,Kancheepuram Town,Kancheepuram,1570000,866,6.8,Plot
2676,0-1,3,4,3,121525,4,12.87699,79.68404,Madurantakam,Kancheepuram,3960000,1480,6.61,Independent House
3568,5-10,5,8,4,17045,5,12.88509,79.58589,Kancheepuram Town,Kancheepuram,4480000,1256,13.93,Villa
787,5-10,3,6,1,74275,4,12.75626,79.76269,Kancheepuram Town,Kancheepuram,3340000,4244,10.11,Independent House
2122,5-10,2,3,1,112919,2,12.91391,79.72786,Kancheepuram Town,Kancheepuram,3410000,1607,11.2,Apartment
986,5-10,1,3,1,96433,3,12.74263,79.83681,Thiruporur,Kancheepuram,1910000,1937,17.57,Apartment
1780,10+,3,5,1,40521,4,12.88562,79.66272,Thiruporur,Kancheepuram,3190000,1792,8.23,Apartment
2006,1-5,2,3,2,51189,3,12.87882,79.80868,Sriperumbudur,Kancheepuram,3800000,1894,14.06,Apartment
1207,5-10,2,4,2,113356,2,12.66161,79.55977,Sriperumbudur,Kancheepuram,2560000,2121,22.77,Apartment
1778,5-10,2,4,1,132488,4,12.87541,79.65582,Madurantakam,Kancheepuram,3590000,2019,7.6,Apartment
1508,5-10,1,2,1,98987,3,12.98342,79.69589,Walajabad,Kancheepuram,2870000,1903,18.34,Apartment
1461,5-10,3,5,1,108975,2,12.81138,79.65007,Chengalpattu,Kancheepuram,3620000,2478,4.9,Apartment
1363,10+,3,4,3,129890,2,12.91816,79.77265,Cheyyar,Kancheepuram,2600000,1908,13.94,Builder Floor
2118,5-10,2,3,1,126574,4,12.89809,79.64686,Kancheepuram Town,Kancheepuram,3200000,1511,10.26,Apartment
1623,10+,2,4,2,132104,5,12.93069,79.93012,Kancheepuram Town,Kancheepuram,1950000,1201,28.41,Apartment
1802,10+,1,2,1,94617,2,12.97621,79.82803,Sriperumbudur,Kancheepuram,2230000,1238,22.72,Apartment
2955,0-1,3,4,2,100411,6,12.72757,79.71109,Kancheepuram Town,Kancheepuram,4160000,1408,10.27,Independent House
1833,1-5,3,6,2,150003,3,12.75501,79.72008,Chengalpattu,Kancheepuram,3030000,1653,7.58,Independent House
2639,1-5,3,5,1,83257,4,12.81518,79.6732,Madurantakam,Kancheepuram,3820000,1448,2.36,Independent House
2151,0-1,2,4,2,102604,5,12.81194,79.61466,Sriperumbudur,Kancheepuram,3080000,1432,8.71,Apartment
2238,10+,5,8,4,63997,6,12.81251,79.52221,Cheyyar,Kancheepuram,3820000,1707,18.71,Villa
856,10+,3,5,2,50345,5,12.84251,79.77735,Cheyyar,Kancheepuram,2490000,2909,9.35,Apartment
2531,1-5,5,8,4,71514,3,12.85542,79.75087,Cheyyar,Kancheepuram,5200000,2055,7.34,Villa
3884,5-10,3,5,2,103201,5,12.82602,79.74014,Sriperumbudur,Kancheepuram,5930000,1527,5.0,Villa
1985,10+,3,4,3,114150,6,12.75017,79.74955,Kancheepuram Town,Kancheepuram,2850000,1436,9.65,Independent House
5587,10+,4,7,3,121686,4,12.74552,79.8499,Sriperumbudur,Kancheepuram,4120000,737,18.68,Villa
2056,1-5,2,3,1,106483,5,12.7089,79.62228,Kancheepuram Town,Kancheepuram,2260000,1099,14.5,Apartment
5143,10+,3,6,4,91242,6,12.86144,79.74619,Kancheepuram Town,Kancheepuram,4810000,935,7.35,Villa
2956,10+,3,4,3,70350,5,12.81147,79.75084,Uthiramerur,Kancheepuram,2900000,981,6.14,Independent House
2345,0-1,3,4,3,156615,5,12.93199,79.55858,Uthiramerur,Kancheepuram,3560000,1518,19.42,Apartment
1916,10+,0,0,0,82562,0,12.77699,79.77821,Walajabad,Kancheepuram,1460000,762,10.16,Plot
4448,10+,4,7,3,138865,5,12.75112,79.61351,Sriperumbudur,Kancheepuram,5280000,1187,11.56,Villa
2557,1-5,4,6,4,63333,4,12.97161,79.87611,Walajabad,Kancheepuram,2700000,1056,26.01,Independent House
2288,1-5,3,5,2,136113,4,12.96326,79.83292,Chengalpattu,Kancheepuram,3060000,1337,21.99,Apartment
3448,0-1,0,0,0,128403,0,12.89501,79.72437,Thiruporur,Kancheepuram,1800000,522,9.1,Plot
1802,1-5,0,0,0,120231,0,12.80414,79.7607,Thiruporur,Kancheepuram,1840000,1021,7.33,Plot
682,10+,1,3,1,94329,4,12.80987,79.69589,Madurantakam,Kancheepuram,2980000,4370,0.97,Apartment
1710,10+,0,0,0,104673,0,12.84552,79.64294,Chengalpattu,Kancheepuram,1170000,684,6.37,Plot
1121,5-10,2,4,2,66884,6,12.86017,79.79247,Kancheepuram Town,Kancheepuram,2490000,2221,11.57,Builder Floor
1633,5-10,2,4,2,103600,4,12.69779,79.71502,Cheyyar,Kancheepuram,2860000,1751,13.6,Apartment
1355,5-10,2,5,2,134548,2,12.71444,79.76006,Chengalpattu,Kancheepuram,3290000,2428,13.57,Independent House
3929,0-1,3,5,3,100687,3,12.80929,79.70077,Cheyyar,Kancheepuram,8360000,2128,1.22,Villa
2373,5-10,4,6,1,108584,5,12.79464,79.74555,Kancheepuram Town,Kancheepuram,3030000,1277,6.12,Apartment
5141,5-10,3,6,2,104684,4,12.89762,79.66363,Kancheepuram Town,Kancheepuram,5880000,1144,9.42,Villa
2191,5-10,5,8,4,84865,5,12.78769,79.8206,Uthiramerur,Kancheepuram,3460000,1579,14.07,Independent House
1354,1-5,0,0,0,84138,0,12.9011,79.72183,Cheyyar,Kancheepuram,1860000,1374,9.64,Plot
916,5-10,3,4,3,97919,2,12.8932,79.65333,Uthiramerur,Kancheepuram,3310000,3614,9.44,Apartment
932,1-5,2,5,2,94093,5,12.83931,79.7891,Chengalpattu,Kancheepuram,2780000,2983,10.49,Builder Floor
2699,5-10,3,5,3,99499,2,12.86685,79.81807,Uthiramerur,Kancheepuram,2710000,1004,14.42,Independent House
1478,10+,4,5,1,94992,5,12.80739,79.66683,Thiruporur,Kancheepuram,4030000,2727,3.26,Independent House
3491,5-10,5,7,3,136384,5,12.85599,79.55274,Uthiramerur,Kancheepuram,4960000,1421,15.95,Villa
891,10+,1,3,1,112400,2,12.83429,79.71101,Kancheepuram Town,Kancheepuram,3230000,3625,2.49,Apartment
3573,10+,4,7,2,107685,3,12.74826,79.65588,Uthiramerur,Kancheepuram,4540000,1271,8.87,Villa
2353,1-5,4,6,4,83024,5,12.89525,79.60959,Madurantakam,Kancheepuram,3050000,1296,12.57,Apartment
2272,0-1,2,4,2,70881,2,12.86295,79.44877,Cheyyar,Kancheepuram,2490000,1096,27.12,Apartment
598,1-5,1,3,1,74394,4,12.74437,79.674,Kancheepuram Town,Kancheepuram,4040000,6756,8.54,Apartment
1715,1-5,2,3,2,86216,4,12.74525,79.56242,Kancheepuram Town,Kancheepuram,3000000,1749,16.5,Apartment
467,1-5,2,4,2,106162,5,12.76937,79.65997,Madurantakam,Kancheepuram,3480000,7452,6.64,Apartment
3899,5-10,0,0,0,82040,0,12.7189,79.69496,Kancheepuram Town,Kancheepuram,1440000,369,11.08,Plot
1798,1-5,2,4,2,87973,3,12.83509,79.67055,Chengalpattu,Kancheepuram,3370000,1874,3.2,Apartment
1574,1-5,2,4,2,103887,4,12.79409,79.79205,Walajabad,Kancheepuram,3490000,2217,10.9,Apartment
3428,0-1,4,7,4,141159,5,12.71208,79.79578,Sriperumbudur,Kancheepuram,6040000,1762,16.13,Villa
1893,10+,4,7,2,96619,4,12.80674,79.74294,Kancheepuram Town,Kancheepuram,2760000,1458,5.39,Builder Floor
1636,0-1,3,4,2,111239,3,12.72467,79.75506,Kancheepuram Town,Kancheepuram,3970000,2427,12.32,Independent House
1177,10+,3,4,3,72212,3,12.80363,79.65839,Thiruporur,Kancheepuram,3180000,2702,4.27,Apartment
2875,0-1,3,5,1,78123,5,12.82067,79.67854,Kancheepuram Town,Kancheepuram,4810000,1673,1.77,Independent House
1048,5-10,2,3,2,139041,4,12.71975,79.56883,Walajabad,Kancheepuram,2590000,2471,17.52,Apartment
1882,0-1,3,6,2,102163,2,12.84559,79.60783,Cheyyar,Kancheepuram,4410000,2343,9.89,Independent House
2182,5-10,5,6,5,82582,5,12.69942,79.64611,Sriperumbudur,Kancheepuram,3170000,1453,14.25,Independent House
968,10+,4,6,4,118857,2,12.72782,79.78083,Kancheepuram Town,Kancheepuram,2450000,2531,13.74,Apartment
1234,1-5,3,5,3,120996,4,12.71729,79.77294,Cheyyar,Kancheepuram,2340000,1896,14.09,Builder Floor
620,0-1,1,3,1,38329,2,12.82812,79.69141,Uthiramerur,Kancheepuram,4120000,6645,1.13,Apartment
2971,10+,0,0,0,133593,0,12.79165,79.79331,Thiruporur,Kancheepuram,1180000,397,11.1,Plot
2265,5-10,3,5,2,96855,4,12.85088,79.69989,Sriperumbudur,Kancheepuram,3590000,1585,3.64,Apartment
3650,0-1,3,5,3,103983,5,12.78899,79.70769,Cheyyar,Kancheepuram,6580000,1803,3.57,Villa
1565,1-5,3,4,1,89129,6,12.90362,79.6615,Madurantakam,Kancheepuram,4530000,2895,10.13,Independent House
1601,10+,5,7,4,110790,6,12.81351,79.86926,Kancheepuram Town,Kancheepuram,2300000,1437,18.93,Builder Floor
2346,5-10,5,8,4,136426,4,12.64695,79.49016,Thiruporur,Kancheepuram,2530000,1078,29.26,Independent House
1165,1-5,1,2,1,135186,3,12.72706,79.70893,Uthiramerur,Kancheepuram,3070000,2635,10.28,Apartment
2947,5-10,4,5,2,78856,6,13.03472,79.58836,Kancheepuram Town,Kancheepuram,2740000,930,26.66,Independent House
5004,1-5,5,8,3,103553,3,12.75301,79.55311,Chengalpattu,Kancheepuram,6130000,1225,16.99,Villa
2962,10+,4,7,3,117074,3,12.7863,79.73031,Thiruporur,Kancheepuram,4450000,1502,5.27,Villa
2387,10+,0,0,0,68240,0,12.77455,79.76876,Walajabad,Kancheepuram,1130000,473,9.4,Plot
1107,10+,2,3,1,108396,2,12.90453,79.59847,Walajabad,Kancheepuram,2450000,2213,14.15,Independent House
4527,1-5,4,7,2,109190,4,12.97085,79.64763,Kancheepuram Town,Kancheepuram,6010000,1328,17.69,Villa
5617,1-5,5,7,3,128485,6,12.99826,79.5898,Chengalpattu,Kancheepuram,5290000,942,23.0,Villa
1795,1-5,3,5,2,120755,3,12.76306,79.68864,Kancheepuram Town,Kancheepuram,3530000,1967,6.2,Independent House
4187,5-10,5,7,4,61631,6,12.74816,79.6289,Sriperumbudur,Kancheepuram,5940000,1419,10.59,Villa
2529,5-10,0,0,0,104388,0,12.84403,79.83561,Walajabad,Kancheepuram,1400000,554,15.54,Plot
2384,5-10,2,3,2,76773,2,12.73604,79.94769,Cheyyar,Kancheepuram,2030000,852,28.93,Apartment
1627,0-1,2,4,1,55247,2,12.87201,79.8426,Uthiramerur,Kancheepuram,2300000,1414,17.1,Apartment
667,10+,2,4,1,94236,5,12.96726,79.62851,Sriperumbudur,Kancheepuram,2490000,3733,18.03,Apartment
1886,1-5,3,5,2,83038,2,12.82182,79.65502,Uthiramerur,Kancheepuram,4640000,2460,4.32,Independent House
5665,1-5,4,7,2,136547,4,12.79419,79.67139,Kancheepuram Town,Kancheepuram,7040000,1243,3.7,Villa
1046,0-1,0,0,0,75907,0,12.79802,79.65617,Uthiramerur,Kancheepuram,1840000,1759,4.76,Plot
2622,10+,2,3,1,130674,3,12.70706,79.64336,Walajabad,Kancheepuram,2760000,1053,13.58,Independent House
3865,10+,4,7,2,108831,6,12.88123,79.68987,Cheyyar,Kancheepuram,5050000,1307,6.99,Villa
2446,5-10,2,4,2,121039,4,12.72559,79.62973,Cheyyar,Kancheepuram,2860000,1169,12.5,Apartment
1047,5-10,3,4,2,136602,6,12.83008,79.77162,Sriperumbudur,Kancheepuram,3180000,3037,8.44,Builder Floor
1119,10+,3,5,2,74830,6,12.87375,79.78186,Sriperumbudur,Kancheepuram,2800000,2502,11.27,Independent House
2125,5-10,4,5,2,153803,4,12.94222,79.7229,Madurantakam,Kancheepuram,3170000,1492,14.09,Independent House
869,1-5,5,6,5,84956,4,12.72676,79.65955,Madurantakam,Kancheepuram,3530000,4062,10.89,Independent House
1797,5-10,4,5,4,109341,2,12.77868,79.73904,Sriperumbudur,Kancheepuram,3430000,1909,6.54,Builder Floor
2716,10+,0,0,0,98503,0,12.87714,79.86351,Madurantakam,Kancheepuram,1180000,434,19.43,Plot
689,5-10,3,4,1,89507,5,12.76479,79.6376,Chengalpattu,Kancheepuram,3790000,5501,8.6,Independent House
2292,5-10,5,7,4,125456,4,12.9099,79.73738,Madurantakam,Kancheepuram,5350000,2334,11.17,Villa
2317,10+,1,3,1,93217,4,12.79177,79.70691,Sriperumbudur,Kancheepuram,3300000,1424,3.25,Apartment
1222,5-10,5,6,3,78089,5,12.75668,79.66718,Kancheepuram Town,Kancheepuram,3450000,2823,7.49,Independent House
3394,5-10,3,6,4,121970,6,12.81143,79.81473,Walajabad,Kancheepuram,5140000,1514,13.04,Villa
913,0-1,3,5,3,92869,3,12.86155,79.70184,Thiruporur,Kancheepuram,3500000,3834,4.85,Apartment
1955,5-10,1,2,1,73725,3,12.8871,79.83923,Sriperumbudur,Kancheepuram,3550000,1816,17.43,Apartment
2791,5-10,4,6,2,149940,3,12.80994,79.79731,Thiruporur,Kancheepuram,2610000,935,11.17,Independent House
3519,5-10,0,0,0,73232,0,12.79191,79.57272,Cheyyar,Kancheepuram,1400000,398,13.55,Plot
577,1-5,3,5,2,79796,4,12.64987,80.00959,Singaperumal Koil,Chengalpattu,3600000,6239,5.96,Apartment
1075,0-1,2,3,1,99761,5,12.73863,79.81125,Tambaram,Chengalpattu,3280000,3051,18.62,Builder Floor
1629,5-10,1,2,1,110289,5,12.58361,79.89259,Perungalathur,Chengalpattu,2470000,1516,15.12,Apartment
2524,0-1,5,7,5,161906,5,12.6912,79.93803,Padappai,Chengalpattu,4510000,1787,4.14,Independent House
1404,10+,2,3,2,162989,2,12.71997,79.95964,Tambaram,Chengalpattu,3200000,2279,3.55,Apartment
1358,1-5,2,4,2,123358,3,12.75985,80.03283,Guduvanchery,Chengalpattu,3220000,2371,9.69,Apartment
3848,5-10,5,8,4,90945,6,12.81348,80.02172,Vandalur,Chengalpattu,4820000,1253,14.34,Villa
3659,10+,5,8,4,109243,3,12.74383,79.96595,Urapakkam,Chengalpattu,6670000,1823,5.83,Villa
2145,10+,3,4,1,100227,4,12.6567,79.92971,Vandalur,Chengalpattu,3250000,1515,6.42,Apartment
1813,5-10,3,5,1,76746,2,12.6248,79.97405,Urapakkam,Chengalpattu,3530000,1947,7.52,Apartment
1526,1-5,4,7,4,73041,2,12.69488,80.10212,Padappai,Chengalpattu,4060000,2661,13.66,Independent House
2630,5-10,3,6,2,81658,6,12.69784,80.03659,Tambaram,Chengalpattu,4350000,1654,6.58,Independent House
2159,10+,4,6,2,127259,3,12.61547,79.9115,Singaperumal Koil,Chengalpattu,3980000,1843,11.07,Villa
631,1-5,1,3,1,46861,3,12.59677,80.02596,Vandalur,Chengalpattu,4120000,6529,11.93,Apartment
2394,1-5,3,5,1,126548,3,12.72584,79.87167,Padappai,Chengalpattu,4270000,1784,11.93,Apartment
508,0-1,4,6,1,64360,5,12.59425,79.96481,Padappai,Chengalpattu,3480000,6850,10.98,Apartment
1302,5-10,5,8,3,116022,6,12.68029,80.00428,Singaperumal Koil,Chengalpattu,3640000,2796,3.33,Builder Floor
3646,1-5,0,0,0,135594,0,12.73,80.01029,Guduvanchery,Chengalpattu,2400000,658,5.58,Plot
3255,10+,0,0,0,171166,0,12.70753,79.93075,Urapakkam,Chengalpattu,2190000,673,5.21,Plot
1256,5-10,3,5,2,62479,4,12.78369,79.97152,Perungalathur,Chengalpattu,3520000,2803,10.16,Apartment
1251,1-5,2,4,2,116433,3,12.89905,80.04262,Vandalur,Chengalpattu,2990000,2390,24.08,Independent House
860,10+,3,5,2,113237,4,12.656,80.03179,Guduvanchery,Chengalpattu,3560000,4140,7.26,Apartment
1407,0-1,2,3,2,119681,4,12.75503,79.8882,Vandalur,Chengalpattu,5170000,3674,11.82,Apartment
2808,10+,2,3,1,104844,3,12.61615,79.84452,Perungalathur,Chengalpattu,3340000,1189,16.61,Independent House
1396,5-10,3,4,2,72530,4,12.72635,80.02611,Padappai,Chengalpattu,3660000,2622,6.6,Apartment
2279,10+,1,2,1,100664,2,12.79905,80.05913,Maraimalai Nagar,Chengalpattu,2540000,1115,14.88,Apartment
2060,5-10,3,5,3,107412,2,12.69308,80.08347,Perungalathur,Chengalpattu,3660000,1777,11.64,Apartment
1686,5-10,1,3,1,127167,5,12.75219,79.9722,Guduvanchery,Chengalpattu,3770000,2236,6.66,Apartment
1376,1-5,0,0,0,126184,0,12.53451,80.02574,Padappai,Chengalpattu,1350000,981,18.36,Plot
2453,10+,2,4,1,134132,4,12.49806,79.96339,Vandalur,Chengalpattu,2320000,946,21.65,Apartment
1970,1-5,3,5,2,115660,3,12.72128,80.00141,Guduvanchery,Chengalpattu,3830000,1944,4.22,Apartment
1965,0-1,4,7,4,61866,3,12.64112,79.85314,Singaperumal Koil,Chengalpattu,4220000,2148,14.52,Independent House
2408,1-5,3,4,3,61138,2,12.58756,79.86901,Singaperumal Koil,Chengalpattu,3620000,1503,16.47,Apartment
753,5-10,2,4,2,62439,4,12.73574,80.09977,Singaperumal Koil,Chengalpattu,3240000,4303,14.24,Apartment
3496,10+,4,5,2,92007,6,12.63944,79.95375,Urapakkam,Chengalpattu,4370000,1250,6.37,Independent House
4139,0-1,3,6,4,107487,3,12.75357,80.00553,Singaperumal Koil,Chengalpattu,7420000,1793,7.51,Villa
756,5-10,1,2,1,145856,2,12.6952,79.98028,Padappai,Chengalpattu,4590000,6071,0.54,Apartment
1660,5-10,2,4,2,117571,2,12.61879,80.02167,Guduvanchery,Chengalpattu,4230000,2548,9.56,Apartment
1926,10+,3,6,2,104207,2,12.7115,79.95772,Maraimalai Nagar,Chengalpattu,2850000,1480,2.92,Independent House
1342,0-1,1,2,1,118014,3,12.6994,79.95838,Maraimalai Nagar,Chengalpattu,4550000,3390,2.08,Apartment
2414,1-5,3,5,3,170028,2,12.49265,79.97702,Urapakkam,Chengalpattu,3830000,1587,22.21,Independent House
1631,0-1,2,4,1,98883,3,12.72287,80.03204,Urapakkam,Chengalpattu,4470000,2741,6.94,Independent House
1742,0-1,4,7,4,135881,4,12.59076,80.00323,Urapakkam,Chengalpattu,3100000,1780,11.68,Builder Floor
1135,5-10,3,4,1,138261,2,12.64,80.14624,Guduvanchery,Chengalpattu,2740000,2414,19.35,Apartment
1348,1-5,3,5,1,135104,2,12.75723,79.9623,Vandalur,Chengalpattu,3980000,2953,7.36,Apartment
632,5-10,2,3,1,147181,5,12.62609,79.87201,Maraimalai Nagar,Chengalpattu,2530000,4003,13.5,Apartment
1467,10+,3,5,3,128273,4,12.81388,80.1302,Tambaram,Chengalpattu,2120000,1445,21.48,Independent House
2829,1-5,0,0,0,53044,0,12.6691,80.02597,Perungalathur,Chengalpattu,1700000,601,5.99,Plot
1157,1-5,1,2,1,66039,2,12.60833,80.0616,Padappai,Chengalpattu,3240000,2800,13.16,Apartment
1814,1-5,4,5,1,23967,4,12.89938,80.08275,Perungalathur,Chengalpattu,2350000,1295,25.75,Apartment
1780,5-10,4,6,2,163007,5,12.72731,79.9676,Urapakkam,Chengalpattu,3400000,1910,3.99,Apartment
1298,5-10,2,4,2,124098,5,12.58622,79.84203,Perungalathur,Chengalpattu,3310000,2550,18.74,Apartment
2433,5-10,1,2,1,79631,5,12.70407,80.04066,Tambaram,Chengalpattu,2860000,1176,7.11,Apartment
3440,1-5,3,5,2,157109,5,12.70467,79.887,Tambaram,Chengalpattu,3760000,1093,9.77,Independent House
2464,5-10,2,4,2,182978,2,12.77892,79.87093,Vandalur,Chengalpattu,2650000,1075,14.93,Apartment
3243,1-5,5,7,3,111389,3,12.74233,80.0587,Urapakkam,Chengalpattu,7650000,2359,10.53,Villa
3107,1-5,4,7,2,111082,5,12.64807,80.06862,Maraimalai Nagar,Chengalpattu,4400000,1416,11.17,Independent House
2037,10+,2,3,2,215440,3,12.77331,80.03404,Padappai,Chengalpattu,2890000,1419,10.97,Apartment
1746,0-1,3,6,3,134872,3,12.62939,79.95281,Tambaram,Chengalpattu,4630000,2652,7.45,Independent House
3462,1-5,0,0,0,102978,0,12.74667,79.87745,Singaperumal Koil,Chengalpattu,2020000,583,12.29,Plot
3716,1-5,0,0,0,145831,0,12.75023,80.00267,Perungalathur,Chengalpattu,2480000,667,7.04,Plot
3123,10+,4,6,4,99050,3,12.68823,79.86897,Urapakkam,Chengalpattu,2810000,900,11.64,Independent House
1245,5-10,2,3,2,117132,5,12.78382,79.94882,Padappai,Chengalpattu,2690000,2161,10.59,Builder Floor
3588,1-5,0,0,0,67038,0,12.74254,80.02403,Padappai,Chengalpattu,2430000,677,7.62,Plot
659,10+,2,5,2,134233,3,12.62931,79.97815,Urapakkam,Chengalpattu,3550000,5387,7.02,Independent House
2014,1-5,2,3,1,79552,5,12.58298,79.83654,Perungalathur,Chengalpattu,3290000,1634,19.43,Apartment
1320,10+,2,3,2,142721,5,12.6618,79.90116,Tambaram,Chengalpattu,2660000,2015,8.82,Apartment
1409,0-1,3,5,1,179993,2,12.68747,79.96494,Perungalathur,Chengalpattu,4830000,3428,1.34,Apartment
597,10+,1,2,1,123000,3,12.78333,79.78571,Padappai,Chengalpattu,2000000,3350,23.0,Apartment
653,5-10,2,4,2,47386,4,12.66489,80.02454,Vandalur,Chengalpattu,3720000,5697,6.07,Apartment
5984,1-5,4,7,4,150129,3,12.59747,79.85288,Tambaram,Chengalpattu,5890000,984,17.04,Villa
894,5-10,3,5,3,146640,4,12.80316,80.02568,Vandalur,Chengalpattu,3170000,3546,13.43,Apartment
2910,5-10,4,7,2,69277,6,12.72522,79.88973,Tambaram,Chengalpattu,3150000,1082,10.06,Independent House
941,5-10,3,5,3,153293,2,12.7551,79.91662,Padappai,Chengalpattu,3660000,3889,9.51,Apartment
938,5-10,2,3,2,135864,5,12.57633,79.90046,Padappai,Chengalpattu,3570000,3806,15.3,Independent House
1060,5-10,4,5,3,118052,5,12.78115,79.95859,Singaperumal Koil,Chengalpattu,3140000,2962,10.05,Apartment
1881,10+,1,2,1,128880,4,12.77442,80.0199,Maraimalai Nagar,Chengalpattu,2800000,1489,10.28,Apartment
5859,1-5,5,7,2,82968,4,12.60851,79.89069,Vandalur,Chengalpattu,5870000,1002,13.16,Villa
3166,10+,2,3,1,139900,5,12.66618,79.93341,Urapakkam,Chengalpattu,4110000,1298,5.48,Independent House
1904,10+,2,4,2,107740,5,12.71779,79.97147,Guduvanchery,Chengalpattu,3710000,1949,2.87,Apartment
796,10+,2,4,2,109825,4,12.61397,80.03323,Maraimalai Nagar,Chengalpattu,3010000,3781,10.69,Apartment
3127,1-5,0,0,0,164377,0,12.76395,79.93283,Urapakkam,Chengalpattu,1990000,636,9.24,Plot
1588,10+,2,3,1,66565,4,12.64773,79.86487,Maraimalai Nagar,Chengalpattu,2790000,1757,13.06,Apartment
1510,5-10,0,0,0,89576,0,12.71367,80.13226,Tambaram,Chengalpattu,1660000,1099,17.09,Plot
1058,1-5,3,6,3,30132,2,12.59801,80.04564,Maraimalai Nagar,Chengalpattu,2990000,2826,12.92,Builder Floor
2275,5-10,2,4,1,63982,3,12.6835,80.00789,Maraimalai Nagar,Chengalpattu,3870000,1701,3.58,Apartment
4140,0-1,5,8,4,85125,6,12.69429,79.97923,Vandalur,Chengalpattu,10020000,2420,0.39,Villa
2314,1-5,2,4,1,44038,3,12.69714,80.10619,Urapakkam,Chengalpattu,3590000,1551,14.11,Apartment
956,5-10,3,4,2,126935,3,12.58496,80.05051,Guduvanchery,Chengalpattu,3050000,3190,14.41,Apartment
997,5-10,2,4,1,129942,2,12.642,80.08588,Tambaram,Chengalpattu,2660000,2668,13.15,Apartment
1732,10+,3,4,1,118355,2,12.69337,80.07758,Maraimalai Nagar,Chengalpattu,2920000,1686,11.0,Builder Floor
2196,10+,2,4,1,51711,5,12.63972,80.03945,Vandalur,Chengalpattu,3440000,1566,9.02,Apartment
3336,5-10,3,6,1,102006,4,12.68497,79.89618,Perungalathur,Chengalpattu,4710000,1412,8.72,Independent House
1533,1-5,2,4,1,113073,2,12.55273,80.03559,Maraimalai Nagar,Chengalpattu,3980000,2596,16.81,Apartment
1443,5-10,4,5,3,137459,5,12.49382,80.02668,Urapakkam,Chengalpattu,2630000,1823,22.75,Apartment
3461,5-10,2,5,1,133926,5,12.59849,80.10207,Perungalathur,Chengalpattu,3550000,1026,17.19,Independent House
3374,10+,3,6,2,129681,5,12.65571,79.92531,Urapakkam,Chengalpattu,3770000,1117,6.86,Independent House
2394,5-10,4,5,2,110737,2,12.7463,80.05592,Urapakkam,Chengalpattu,3470000,1449,10.52,Apartment
2023,10+,2,3,1,121289,4,12.71866,79.99493,Guduvanchery,Chengalpattu,3530000,1745,3.56,Independent House
1891,0-1,2,3,2,141657,2,12.83345,80.0144,Perungalathur,Chengalpattu,3710000,1962,16.22,Apartment
684,1-5,2,3,1,62367,2,12.55408,79.87229,Guduvanchery,Chengalpattu,3340000,4883,19.07,Independent House
1249,5-10,2,5,2,92789,2,12.6431,80.01311,Singaperumal Koil,Chengalpattu,2900000,2322,6.79,Builder Floor
1367,1-5,0,0,0,89667,0,12.74524,80.0543,Vandalur,Chengalpattu,2120000,1551,10.31,Plot
4250,1-5,5,8,3,54281,3,12.66407,80.00068,Maraimalai Nagar,Chengalpattu,7410000,1744,4.12,Villa
2094,5-10,4,5,4,107997,3,12.82925,79.92297,Padappai,Chengalpattu,3410000,1628,16.28,Independent House
2237,1-5,1,3,1,118272,4,12.66562,79.91112,Perungalathur,Chengalpattu,2910000,1301,7.66,Apartment
1281,0-1,1,3,1,114987,3,12.64186,79.9155,Guduvanchery,Chengalpattu,3120000,2436,8.66,Apartment
749,10+,2,3,1,108831,2,12.61218,80.0231,Vandalur,Chengalpattu,2690000,3591,10.27,Apartment
1602,1-5,3,5,3,168348,3,12.65329,80.03367,Vandalur,Chengalpattu,3590000,2241,7.6,Apartment
2476,1-5,1,2,1,108571,4,12.66324,80.00513,Maraimalai Nagar,Chengalpattu,4110000,1660,4.51,Apartment
4458,5-10,5,7,2,141148,5,12.54778,79.90728,Maraimalai Nagar,Chengalpattu,6120000,1373,17.73,Villa
3176,0-1,0,0,0,131082,0,12.66478,79.92343,Tambaram,Chengalpattu,2200000,693,6.5,Plot
5319,5-10,4,7,3,108683,5,12.7424,79.94196,Tambaram,Chengalpattu,7180000,1350,6.69,Villa
997,10+,4,5,3,76258,4,12.73885,79.93255,Padappai,Chengalpattu,2970000,2979,7.01,Independent House
2113,5-10,4,5,4,123126,4,12.80101,79.98421,Perungalathur,Chengalpattu,4920000,2328,12.11,Independent House
1954,5-10,1,2,1,91846,5,12.71018,80.00715,Perungalathur,Chengalpattu,4090000,2093,3.9,Apartment
1427,5-10,3,5,2,80257,2,12.75175,80.00627,Maraimalai Nagar,Chengalpattu,3980000,2789,7.36,Apartment
1114,1-5,3,6,1,119396,6,12.77615,80.0407,Padappai,Chengalpattu,3880000,3483,11.65,Independent House
1198,1-5,2,3,2,189352,3,12.62442,79.95806,Padappai,Chengalpattu,4190000,3497,7.81,Apartment
837,5-10,3,5,1,92466,4,12.57563,80.0577,Maraimalai Nagar,Chengalpattu,3160000,3775,15.71,Apartment
1933,1-5,2,4,2,110216,4,12.71829,80.02186,Maraimalai Nagar,Chengalpattu,4960000,2566,5.73,Apartment
1662,10+,3,5,1,111474,2,12.67655,79.93589,Vandalur,Chengalpattu,2650000,1594,4.71,Builder Floor
2447,1-5,0,0,0,98226,0,12.82311,79.89455,Tambaram,Chengalpattu,1620000,662,17.02,Plot
910,0-1,2,3,2,135469,6,12.60466,79.97494,Tambaram,Chengalpattu,3470000,3813,9.76,Builder Floor
1560,5-10,2,3,1,25152,5,12.67496,79.83188,Padappai,Chengalpattu,2210000,1417,15.78,Apartment
2318,1-5,2,4,2,96653,2,12.67267,80.04664,Tambaram,Chengalpattu,4240000,1829,7.95,Apartment
1782,5-10,2,4,2,103898,5,12.72864,79.88553,Tambaram,Chengalpattu,3230000,1813,10.63,Apartment
2532,5-10,5,7,4,144627,6,12.62561,79.93426,Urapakkam,Chengalpattu,4400000,1738,8.71,Independent House
1053,5-10,3,6,2,116635,5,12.60678,79.934,Tambaram,Chengalpattu,3040000,2887,10.56,Builder Floor
1429,0-1,4,5,4,143901,2,12.66771,79.95415,Urapakkam,Chengalpattu,4710000,3296,3.64,Apartment
2248,0-1,3,5,1,151255,5,12.70065,79.99491,Singaperumal Koil,Chengalpattu,3990000,1775,2.23,Apartment
2698,1-5,5,8,4,152607,3,12.71876,80.05574,Padappai,Chengalpattu,6990000,2591,9.11,Villa
3132,5-10,2,3,1,116422,5,12.77473,79.83112,Singaperumal Koil,Chengalpattu,3230000,1031,18.2,Independent House
1313,10+,3,6,1,114157,5,12.73354,80.03007,Padappai,Chengalpattu,3550000,2704,7.42,Independent House
2523,10+,4,7,3,128079,4,12.61981,79.97122,Maraimalai Nagar,Chengalpattu,4030000,1597,8.09,Independent House
1153,1-5,2,4,2,164264,3,12.7793,80.01236,Padappai,Chengalpattu,2830000,2454,10.43,Apartment
2089,5-10,2,4,2,102830,5,12.79022,79.84996,Vandalur,Chengalpattu,3340000,1599,17.49,Apartment
1877,5-10,1,3,1,96665,4,12.77737,80.05846,Guduvanchery,Chengalpattu,3150000,1678,12.99,Apartment
558,10+,1,3,1,132096,3,12.66604,79.92426,Guduvanchery,Chengalpattu,2890000,5179,6.35,Apartment
995,1-5,2,3,2,72892,2,12.76452,79.97692,Padappai,Chengalpattu,4600000,4623,8.02,Apartment
2712,10+,2,4,2,129288,2,12.70064,80.101,Vandalur,Chengalpattu,3460000,1276,13.57,Independent House
1642,1-5,2,3,2,122307,4,12.8355,79.89227,Urapakkam,Chengalpattu,3370000,2052,18.33,Apartment
1422,0-1,2,3,2,95854,5,12.85373,79.93748,Vandalur,Chengalpattu,3690000,2595,18.42,Apartment
1322,1-5,3,6,3,97304,5,12.70931,79.85039,Guduvanchery,Chengalpattu,2640000,1997,13.78,Builder Floor
1848,5-10,3,4,3,127026,5,12.58818,79.83429,Guduvanchery,Chengalpattu,3290000,1780,19.27,Apartment
2273,1-5,2,5,2,122611,5,12.76754,80.08819,Maraimalai Nagar,Chengalpattu,5030000,2213,14.74,Independent House
557,10+,2,4,2,156744,5,12.63355,80.17316,Tambaram,Chengalpattu,2600000,4668,22.35,Apartment
862,1-5,1,3,1,100138,4,12.61426,79.97537,Padappai,Chengalpattu,3790000,4397,8.69,Apartment
1129,1-5,0,0,0,72451,0,12.60562,79.77651,Tambaram,Chengalpattu,1490000,1320,23.72,Plot
1145,10+,0,0,0,63317,0,12.68019,79.97138,Perungalathur,Chengalpattu,2210000,1930,1.45,Plot
3369,10+,3,4,3,118962,5,12.68612,79.99466,Singaperumal Koil,Chengalpattu,4660000,1383,2.12,Independent House
505,5-10,3,4,1,105760,4,12.74612,79.92191,Padappai,Chengalpattu,2930000,5802,8.39,Apartment
2563,5-10,3,5,1,118828,3,12.86698,79.99242,Guduvanchery,Chengalpattu,3030000,1182,19.49,Independent House
1132,5-10,2,4,1,122399,4,12.63906,79.95413,Vandalur,Chengalpattu,3240000,2862,6.4,Apartment
1600,5-10,2,4,2,156017,3,12.73661,80.06845,Guduvanchery,Chengalpattu,3280000,2050,11.15,Apartment
1702,1-5,3,6,3,144774,6,12.68418,79.90449,Padappai,Chengalpattu,4210000,2474,7.83,Independent House
2421,1-5,3,4,1,109438,5,12.76672,79.95944,Padappai,Chengalpattu,4190000,1731,8.46,Apartment
1219,5-10,4,7,2,126506,5,12.69732,80.10487,Maraimalai Nagar,Chengalpattu,3800000,3117,13.97,Independent House
996,0-1,2,3,2,57811,2,12.69403,79.93068,Urapakkam,Chengalpattu,3590000,3604,4.94,Apartment
1331,1-5,3,4,3,120973,6,12.80399,80.09646,Guduvanchery,Chengalpattu,2710000,2036,18.0,Builder Floor
1707,1-5,1,2,1,128984,3,12.71292,80.01904,Padappai,Chengalpattu,4570000,2677,5.18,Apartment
907,0-1,3,4,1,88939,5,12.80599,80.05815,Perungalathur,Chengalpattu,3440000,3793,15.44,Apartment
2400,1-5,1,3,1,101505,5,12.7422,80.13684,Padappai,Chengalpattu,4140000,1725,18.28,Apartment
2393,1-5,4,5,1,159994,3,12.82122,79.84483,Singaperumal Koil,Chengalpattu,3250000,1358,20.2,Independent House
1856,5-10,4,7,1,78304,4,12.71205,80.02023,Perungalathur,Chengalpattu,4030000,2171,5.25,Independent House
1613,1-5,4,7,4,122526,5,12.6814,79.88868,Urapakkam,Chengalpattu,4380000,2715,9.57,Independent House
3584,5-10,0,0,0,114478,0,12.63443,79.99067,Singaperumal Koil,Chengalpattu,2240000,625,6.63,Plot
805,1-5,1,3,1,93675,5,12.75523,80.05075,Urapakkam,Chengalpattu,3460000,4298,10.69,Apartment
547,5-10,2,4,1,15685,5,12.62528,79.97264,Vandalur,Chengalpattu,3800000,6947,7.47,Apartment
1820,1-5,3,5,1,164729,4,12.81408,80.0221,Vandalur,Chengalpattu,3070000,1687,14.42,Apartment
2711,5-10,0,0,0,103941,0,12.61314,79.99367,Tambaram,Chengalpattu,1920000,708,9.01,Plot
1387,10+,3,4,1,102193,4,12.80854,80.09737,Guduvanchery,Chengalpattu,3150000,2271,18.42,Apartment
2233,10+,3,5,3,130032,4,12.73318,80.03511,Urapakkam,Chengalpattu,4000000,1791,7.84,Apartment
4403,1-5,3,6,2,129231,5,12.68357,79.85582,Urapakkam,Chengalpattu,7990000,1815,13.1,Villa
3902,5-10,0,0,0,102599,0,12.60475,80.04312,Urapakkam,Chengalpattu,1700000,436,12.15,Plot
1890,5-10,2,3,1,122963,4,12.70559,80.09191,Padappai,Chengalpattu,3010000,1593,12.64,Apartment
716,5-10,2,4,2,106544,5,12.7714,80.01151,Urapakkam,Chengalpattu,3390000,4735,9.58,Apartment
794,1-5,3,4,2,146332,2,12.63358,79.89398,Singaperumal Koil,Chengalpattu,2900000,3652,11.06,Apartment
3166,5-10,3,6,3,112444,4,12.73581,80.06629,Maraimalai Nagar,Chengalpattu,5490000,1734,10.9,Villa
4856,5-10,3,6,2,78119,6,12.60711,79.76336,Perungalathur,Chengalpattu,4530000,933,24.96,Villa
2282,1-5,3,4,2,128991,2,12.74404,79.93638,Padappai,Chengalpattu,5630000,2467,7.19,Independent House
3022,1-5,2,4,2,89489,3,12.71896,79.99504,Tambaram,Chengalpattu,4770000,1578,3.59,Independent House
714,10+,2,4,2,107155,2,12.71913,79.92398,Perungalathur,Chengalpattu,3420000,4790,6.4,Apartment
2860,5-10,4,7,3,84093,5,12.80439,79.90597,Tambaram,Chengalpattu,4030000,1409,14.6,Independent House
1392,10+,2,4,2,165951,4,12.67515,79.96896,Vandalur,Chengalpattu,4410000,3168,2.07,Apartment
4078,10+,4,7,4,131789,4,12.70609,79.99678,Maraimalai Nagar,Chengalpattu,5380000,1319,2.7,Villa
2799,0-1,0,0,0,107799,0,12.5012,80.04047,Vandalur,Chengalpattu,1820000,650,22.38,Plot
822,10+,4,7,1,133652,3,12.60665,80.0548,Tambaram,Chengalpattu,2640000,3212,12.79,Builder Floor
1462,0-1,1,3,1,186245,5,12.72483,80.01933,Vandalur,Chengalpattu,3710000,2538,5.91,Apartment
2000,10+,0,0,0,50708,0,12.65358,79.98944,Perungalathur,Chengalpattu,1730000,865,4.55,Plot
1637,1-5,2,3,2,108705,6,12.61988,79.97676,Maraimalai Nagar,Chengalpattu,3130000,1912,8.06,Builder Floor
1215,1-5,2,3,1,123900,5,12.74753,79.96312,Guduvanchery,Chengalpattu,4030000,3317,6.29,Apartment
1089,10+,3,6,3,101552,5,12.64565,79.97994,Padappai,Chengalpattu,3060000,2810,5.21,Builder Floor
2213,10+,0,0,0,183423,0,12.55794,80.04925,Perungalathur,Chengalpattu,1460000,660,16.92,Plot
787,0-1,2,4,2,127458,2,12.75494,79.83168,Maraimalai Nagar,Chengalpattu,3550000,4511,17.15,Apartment
1951,1-5,2,5,1,131817,2,12.71229,80.13828,Singaperumal Koil,Chengalpattu,3770000,1932,17.72,Independent House
867,5-10,3,5,1,110681,5,12.66136,79.98269,Guduvanchery,Chengalpattu,3100000,3576,3.52,Builder Floor
1577,5-10,4,7,4,99227,5,12.79933,79.83806,Singaperumal Koil,Chengalpattu,3290000,2086,19.13,Independent House
2190,0-1,0,0,0,110238,0,12.65212,79.87066,Maraimalai Nagar,Chengalpattu,2170000,991,12.29,Plot
1035,5-10,4,7,4,54376,6,12.61881,79.92844,Padappai,Chengalpattu,4280000,4135,9.69,Independent House
1470,0-1,2,4,1,50985,3,12.74569,80.06611,Urapakkam,Chengalpattu,3550000,2415,11.41,Apartment
1459,10+,4,5,2,116379,3,12.60574,79.95092,Tambaram,Chengalpattu,3030000,2077,10.02,Independent House
1261,0-1,3,4,3,94891,2,12.73069,79.84786,Vandalur,Chengalpattu,3750000,2974,14.56,Apartment
2797,0-1,2,4,2,131612,6,12.8285,79.85077,Perungalathur,Chengalpattu,4040000,1444,20.35,Independent House
1286,0-1,2,4,2,132264,3,12.60577,79.9896,Maraimalai Nagar,Chengalpattu,3510000,2729,9.74,Apartment
659,0-1,2,4,2,116524,3,12.53304,79.9778,Guduvanchery,Chengalpattu,3610000,5478,17.72,Apartment
2792,10+,4,7,3,102027,4,12.65353,79.82872,Urapakkam,Chengalpattu,2900000,1039,16.57,Independent House
3193,10+,0,0,0,113145,0,12.63166,80.00011,Perungalathur,Chengalpattu,1860000,583,7.23,Plot
3200,1-5,3,6,3,133608,4,12.49934,80.01185,Perungalathur,Chengalpattu,5380000,1681,21.81,Villa
1227,1-5,1,3,1,62230,2,12.76683,79.917,Tambaram,Chengalpattu,2920000,2380,10.47,Apartment
1138,1-5,1,2,1,91833,2,12.64065,79.79413,Urapakkam,Chengalpattu,3240000,2847,20.57,Apartment
731,1-5,2,4,2,100849,3,12.84259,79.84799,Perungalathur,Chengalpattu,2960000,4049,21.73,Apartment
1394,5-10,0,0,0,122298,0,12.74774,79.97864,Guduvanchery,Chengalpattu,1930000,1385,6.16,Plot
4618,0-1,4,7,2,115529,6,12.52792,80.02527,Maraimalai Nagar,Chengalpattu,4570000,990,19.05,Villa
1437,1-5,2,3,2,127070,5,12.6114,80.07115,Guduvanchery,Chengalpattu,3870000,2693,13.68,Apartment
3319,10+,3,6,2,114040,3,12.57431,79.94755,Perungalathur,Chengalpattu,3320000,1000,13.49,Independent House
1003,5-10,3,5,1,139931,4,12.83817,80.0108,Tambaram,Chengalpattu,2790000,2782,16.64,Apartment
1742,10+,4,7,2,67161,3,12.60716,80.02931,Guduvanchery,Chengalpattu,2850000,1636,11.09,Independent House
1819,0-1,1,3,1,103792,2,12.77791,79.95498,Tambaram,Chengalpattu,3500000,1924,9.78,Apartment
2537,1-5,4,7,2,172274,4,12.57374,79.96764,Urapakkam,Chengalpattu,4190000,1652,13.23,Independent House
2978,5-10,2,5,1,93644,4,12.75972,80.05523,Perungalathur,Chengalpattu,4820000,1619,11.38,Independent House
2448,1-5,3,6,3,166901,6,12.63896,79.95303,Perungalathur,Chengalpattu,4390000,1793,6.45,Independent House
1690,10+,3,4,1,153679,5,12.70454,79.98835,Vandalur,Chengalpattu,3690000,2183,1.89,Apartment
1921,10+,4,6,3,124037,3,12.53671,79.97562,Padappai,Chengalpattu,1990000,1036,17.31,Builder Floor
2020,10+,3,4,1,113508,2,12.60691,79.8671,Vandalur,Chengalpattu,2800000,1386,15.18,Apartment
3315,5-10,5,8,4,112727,6,12.7608,80.14904,Padappai,Chengalpattu,3890000,1173,20.23,Villa
5530,5-10,4,6,2,145534,4,12.65107,79.96065,Guduvanchery,Chengalpattu,5900000,1067,4.9,Villa
1408,1-5,1,2,1,126094,4,12.74213,79.91548,Tambaram,Chengalpattu,3600000,2557,8.6,Apartment
1179,5-10,2,3,2,143804,5,12.6236,80.12249,Vandalur,Chengalpattu,3540000,3003,17.62,Apartment
1912,1-5,2,5,2,155198,2,12.68593,79.99261,Singaperumal Koil,Chengalpattu,5820000,3044,1.92,Independent House
1752,5-10,4,6,4,87256,4,12.73569,80.01852,Maraimalai Nagar,Chengalpattu,3310000,1889,6.65,Apartment
3393,10+,2,3,2,160976,2,12.6362,79.75758,Perungalathur,Chengalpattu,2690000,793,24.53,Independent House
1702,0-1,4,6,2,101432,3,12.6125,79.86804,Tambaram,Chengalpattu,3590000,2109,14.72,Apartment
3995,1-5,5,8,4,134095,4,12.61692,80.06239,Padappai,Chengalpattu,7140000,1787,12.57,Villa
1840,0-1,3,5,2,155223,6,12.69144,79.89116,Urapakkam,Chengalpattu,5410000,2940,9.23,Independent House
879,10+,0,0,0,116581,0,12.85177,79.87773,Perungalathur,Chengalpattu,1190000,1354,20.69,Plot
4129,10+,3,5,3,65998,4,12.7209,79.90493,Perungalathur,Chengalpattu,6710000,1625,8.36,Villa
748,1-5,5,8,4,107547,6,12.64742,79.94827,Tambaram,Chengalpattu,4870000,6511,5.85,Independent House
1116,10+,3,5,3,145880,5,12.65603,79.90582,Maraimalai Nagar,Chengalpattu,3300000,2957,8.64,Independent House
1217,1-5,3,5,1,58914,5,12.67781,79.87602,Tambaram,Chengalpattu,3780000,3106,10.99,Builder Floor
1402,10+,3,4,3,63560,6,12.6206,79.98658,Vandalur,Chengalpattu,3190000,2275,8.06,Independent House
1675,5-10,2,4,2,104027,2,12.82771,80.16642,Maraimalai Nagar,Chengalpattu,2610000,1558,25.53,Apartment
2231,10+,3,5,3,155206,3,12.74989,79.91702,Perungalathur,Chengalpattu,3480000,1560,9.06,Independent House
3469,1-5,2,5,1,150414,3,12.81189,79.99034,Singaperumal Koil,Chengalpattu,3950000,1139,13.37,Independent House
4171,1-5,5,8,4,118480,6,12.66762,79.97716,Singaperumal Koil,Chengalpattu,7040000,1688,2.76,Villa
2371,10+,2,4,1,116564,4,12.68698,79.87813,Singaperumal Koil,Chengalpattu,3240000,1367,10.66,Apartment
1669,10+,1,3,1,114498,5,12.78637,79.91323,Urapakkam,Chengalpattu,3050000,1827,12.48,Apartment
1900,5-10,4,5,1,172934,3,12.73536,79.97244,Tambaram,Chengalpattu,4020000,2116,4.79,Apartment
1666,1-5,1,2,1,159494,2,12.643,79.99148,Maraimalai Nagar,Chengalpattu,3770000,2263,5.74,Apartment
1915,5-10,0,0,0,80876,0,12.62694,80.09681,Singaperumal Koil,Chengalpattu,1520000,794,14.97,Plot
3712,1-5,3,5,2,113136,5,12.67293,79.94767,Padappai,Chengalpattu,7740000,2085,3.78,Villa
2208,1-5,3,5,3,142646,2,12.65281,79.92606,Vandalur,Chengalpattu,4800000,2174,7.0,Apartment
2134,10+,0,0,0,127271,0,12.74313,79.94755,Urapakkam,Chengalpattu,1690000,792,6.44,Plot
922,10+,4,6,2,180142,4,12.64446,79.96563,Padappai,Chengalpattu,3870000,4197,5.45,Independent House
520,0-1,2,4,2,49134,4,11.97124,79.54466,Sankarapuram,Villupuram,1810000,3481,7.25,Apartment
1455,10+,2,4,1,80899,4,11.82591,79.4718,Chinnasalem,Villupuram,1340000,921,12.79,Apartment
1187,10+,3,6,1,44835,4,11.99338,79.50281,Ulundurpet,Villupuram,1710000,1441,6.2,Independent House
2221,0-1,2,5,1,28053,5,11.94152,79.49789,Kallakurichi,Villupuram,2970000,1337,1.29,Independent House
1547,10+,2,4,2,45067,3,12.09037,79.52883,Chinnasalem,Villupuram,1330000,860,17.34,Independent House
1564,1-5,2,3,1,34160,3,11.97389,79.36981,Rishivandhiyam,Villupuram,2100000,1343,13.2,Apartment
3381,0-1,4,7,3,57459,3,11.97817,79.38392,Kallakurichi,Villupuram,1950000,577,11.89,Independent House
2694,10+,4,7,2,37634,3,11.95573,79.48085,Kallakurichi,Villupuram,2080000,772,1.83,Independent House
1182,0-1,4,6,2,48914,3,12.12929,79.60164,Kallakurichi,Villupuram,1410000,1193,24.5,Builder Floor
2095,10+,3,5,2,59542,4,12.0716,79.40633,Kallakurichi,Villupuram,1260000,601,17.0,Apartment
1606,0-1,2,4,1,25072,3,11.93699,79.46182,Chinnasalem,Villupuram,2170000,1351,2.66,Independent House
551,0-1,4,6,4,50155,4,11.95282,79.58836,Chinnasalem,Villupuram,1760000,3194,11.21,Apartment
1535,1-5,2,3,2,59323,3,11.95098,79.57621,Ulundurpet,Villupuram,1920000,1251,9.88,Apartment
3030,5-10,3,6,2,75461,4,11.96872,79.42539,Sankarapuram,Villupuram,2930000,967,7.33,Villa
2389,0-1,4,6,1,44180,3,12.08361,79.4246,Sankarapuram,Villupuram,2500000,1046,17.3,Independent House
1434,1-5,0,0,0,62244,0,11.90848,79.53172,Chinnasalem,Villupuram,850000,593,6.08,Plot
1141,10+,3,4,2,45212,2,12.01854,79.54178,Gingee,Villupuram,1430000,1253,10.62,Builder Floor
650,1-5,3,6,1,47077,6,11.88048,79.34388,Sankarapuram,Villupuram,1580000,2431,16.83,Independent House
715,10+,1,2,1,67587,5,11.81957,79.3989,Gingee,Villupuram,1310000,1832,16.42,Apartment
902,10+,2,4,1,82824,4,11.76162,79.52301,Kallakurichi,Villupuram,1140000,1264,20.25,Builder Floor
2131,0-1,2,3,2,61707,3,11.83022,79.49337,Rishivandhiyam,Villupuram,1860000,873,12.24,Apartment
1515,5-10,2,3,2,45363,5,11.88812,79.51139,Gingee,Villupuram,1770000,1168,6.4,Apartment
1440,10+,1,3,1,82876,2,11.88666,79.54737,Tindivanam,Villupuram,1320000,917,8.93,Apartment
1313,1-5,4,6,2,51014,4,12.00456,79.59157,Kallakurichi,Villupuram,2030000,1546,13.53,Independent House
2237,1-5,3,5,1,67981,3,11.86907,79.56329,Tindivanam,Villupuram,1630000,729,11.53,Independent House
5693,0-1,5,8,4,51952,3,11.92862,79.71071,Ulundurpet,Villupuram,3090000,543,24.47,Villa
1434,5-10,2,3,2,29283,6,11.79674,79.4955,Ulundurpet,Villupuram,1760000,1227,15.97,Independent House
2408,0-1,2,3,1,50060,5,11.76473,79.54466,Gingee,Villupuram,1840000,764,20.52,Apartment
913,1-5,2,3,2,42177,5,11.94984,79.49843,Tindivanam,Villupuram,1630000,1785,1.72,Apartment
1495,10+,2,3,1,62315,5,11.79619,79.31517,Rishivandhiyam,Villupuram,950000,635,24.54,Apartment
938,0-1,0,0,0,62816,0,11.78368,79.58362,Ulundurpet,Villupuram,860000,917,20.37,Plot
1253,10+,3,4,1,65008,5,11.99036,79.49272,Tindivanam,Villupuram,1450000,1157,5.63,Apartment
2433,10+,2,4,2,45628,2,12.08741,79.5217,Gingee,Villupuram,1630000,670,16.83,Independent House
1719,1-5,3,5,3,46663,5,11.84568,79.60167,Gingee,Villupuram,1470000,855,16.38,Builder Floor
1245,0-1,3,6,3,47514,5,12.03178,79.38109,Gingee,Villupuram,1660000,1333,15.31,Builder Floor
856,10+,3,5,3,63638,4,11.86079,79.50438,Sankarapuram,Villupuram,1660000,1939,9.04,Apartment
2030,0-1,3,4,1,57073,3,12.03269,79.43548,Ulundurpet,Villupuram,1990000,980,11.68,Apartment
1459,1-5,4,7,1,68568,5,11.79204,79.46969,Tindivanam,Villupuram,1560000,1069,16.56,Builder Floor
1749,5-10,4,6,4,72244,6,11.89387,79.41234,Chinnasalem,Villupuram,2460000,1407,9.53,Independent House
1843,10+,1,3,1,57402,5,12.06622,79.52566,Tindivanam,Villupuram,1300000,705,14.67,Apartment
3499,5-10,4,6,4,63045,5,11.88206,79.43692,Chinnasalem,Villupuram,1910000,546,8.38,Independent House
1109,5-10,4,6,4,41718,3,12.07778,79.45491,Sankarapuram,Villupuram,1080000,974,15.68,Builder Floor
2237,0-1,3,6,3,44820,6,11.90717,79.4226,Chinnasalem,Villupuram,2470000,1104,7.82,Independent House
764,5-10,2,4,1,80307,6,11.83601,79.56257,Tindivanam,Villupuram,1930000,2526,14.25,Independent House
631,5-10,4,5,3,47893,2,11.84819,79.48968,Sankarapuram,Villupuram,1890000,2995,10.23,Apartment
1191,1-5,2,4,2,64491,5,11.99538,79.43383,Ulundurpet,Villupuram,1790000,1503,8.37,Apartment
3299,5-10,4,6,3,51361,3,11.78977,79.48932,Ulundurpet,Villupuram,1610000,488,16.72,Independent House
1885,1-5,3,5,3,57542,4,11.87944,79.49058,Sankarapuram,Villupuram,2590000,1374,6.76,Independent House
1595,10+,1,2,1,26212,2,11.97961,79.39279,Chinnasalem,Villupuram,1510000,947,11.06,Apartment
2136,5-10,4,6,2,67515,4,12.06676,79.39877,Rishivandhiyam,Villupuram,2650000,1241,16.99,Villa
623,5-10,3,6,1,59727,3,11.88736,79.46407,Rishivandhiyam,Villupuram,1810000,2905,6.34,Independent House
451,5-10,2,4,1,44298,5,11.8666,79.60185,Rishivandhiyam,Villupuram,1690000,3747,15.01,Apartment
926,1-5,2,4,2,51848,3,11.8442,79.5236,Tindivanam,Villupuram,2010000,2171,11.42,Apartment
1612,0-1,2,4,1,31576,5,12.08118,79.36119,Sankarapuram,Villupuram,1710000,1061,20.75,Independent House
1960,5-10,3,5,3,29863,4,12.02028,79.44343,Rishivandhiyam,Villupuram,1570000,801,10.05,Apartment
1454,1-5,3,6,1,72736,5,11.81939,79.52932,Chinnasalem,Villupuram,1390000,956,14.22,Builder Floor
871,0-1,4,5,3,51965,3,11.97027,79.49794,Kallakurichi,Villupuram,2300000,2641,3.59,Apartment
3343,5-10,4,5,1,83712,4,11.95632,79.44115,Tindivanam,Villupuram,2290000,685,5.21,Independent House
832,10+,2,3,1,62343,2,11.82991,79.40909,Gingee,Villupuram,1280000,1538,14.84,Apartment
1730,1-5,1,3,1,79884,3,11.76659,79.36988,Tindivanam,Villupuram,1370000,792,23.07,Apartment
823,1-5,2,3,1,73975,5,11.85876,79.49056,Ulundurpet,Villupuram,1810000,2199,9.06,Apartment
1507,1-5,3,5,3,40422,3,11.93311,79.43473,Gingee,Villupuram,1830000,1214,5.64,Apartment
1918,5-10,4,5,4,67026,5,11.90154,79.49601,Ulundurpet,Villupuram,2140000,1116,4.42,Apartment
2144,5-10,3,5,1,73834,5,11.86116,79.50514,Ulundurpet,Villupuram,1830000,854,9.02,Apartment
1972,5-10,2,3,2,49454,5,11.90546,79.54557,Kallakurichi,Villupuram,1770000,898,7.53,Apartment
3138,0-1,4,6,3,42258,5,11.9029,79.52059,Sankarapuram,Villupuram,3700000,1179,5.58,Villa
1937,1-5,1,3,1,27914,4,12.00079,79.53624,Tindivanam,Villupuram,1950000,1007,8.68,Apartment
1654,5-10,5,7,3,58117,3,11.98266,79.62436,Ulundurpet,Villupuram,1530000,925,15.77,Builder Floor
2887,0-1,3,5,1,54988,5,11.99357,79.42782,Rishivandhiyam,Villupuram,2650000,918,8.69,Independent House
1558,1-5,1,3,1,52990,4,11.99341,79.50488,Gingee,Villupuram,2230000,1431,6.27,Apartment
1047,10+,0,0,0,60968,0,11.76675,79.54598,Gingee,Villupuram,750000,716,20.35,Plot
1389,5-10,4,6,3,61775,3,11.8343,79.42122,Rishivandhiyam,Villupuram,1390000,1001,13.72,Builder Floor
4827,10+,3,6,2,31425,6,12.14425,79.45469,Tindivanam,Villupuram,2060000,427,22.96,Villa
1160,1-5,2,5,2,87649,2,11.90932,79.68156,Ulundurpet,Villupuram,1560000,1345,21.54,Builder Floor
649,5-10,4,5,2,53136,3,11.95328,79.61375,Chinnasalem,Villupuram,1670000,2573,13.96,Apartment
1311,10+,3,4,2,79126,4,11.95102,79.40767,Gingee,Villupuram,1820000,1388,8.62,Apartment
1545,1-5,3,6,3,97331,5,11.89492,79.50006,Gingee,Villupuram,2250000,1456,5.25,Independent House
3011,1-5,3,6,2,83907,4,11.95031,79.43682,Kallakurichi,Villupuram,3560000,1182,5.48,Villa
1871,10+,4,5,4,44424,2,12.1171,79.43103,Sankarapuram,Villupuram,1280000,684,20.57,Apartment
772,1-5,3,4,3,70799,4,11.97518,79.53208,Tindivanam,Villupuram,2310000,2992,6.34,Apartment
1054,1-5,2,3,1,48657,3,11.95863,79.47132,Rishivandhiyam,Villupuram,1970000,1869,2.61,Apartment
1190,10+,1,2,1,77314,5,11.90006,79.50906,Kallakurichi,Villupuram,1730000,1454,5.11,Apartment
2119,10+,2,4,1,67244,2,11.86654,79.55046,Tindivanam,Villupuram,1500000,708,10.77,Apartment
1629,1-5,1,3,1,51505,3,12.04215,79.47167,Ulundurpet,Villupuram,1320000,810,11.46,Apartment
1476,5-10,0,0,0,32275,0,11.95788,79.5017,Chinnasalem,Villupuram,1120000,759,2.61,Plot
2085,10+,0,0,0,45946,0,11.85456,79.52366,Gingee,Villupuram,850000,408,10.35,Plot
3446,10+,0,0,0,38822,0,11.89514,79.54135,Ulundurpet,Villupuram,820000,238,7.82,Plot
931,0-1,1,2,1,54202,3,11.93943,79.45507,Kallakurichi,Villupuram,2240000,2406,3.38,Apartment
873,1-5,3,4,1,71812,3,11.92876,79.50657,Ulundurpet,Villupuram,2600000,2978,2.56,Apartment
693,5-10,3,5,3,71014,2,11.88354,79.46793,Kallakurichi,Villupuram,1500000,2165,6.59,Apartment
1779,1-5,3,5,2,5000,4,11.95054,79.46306,Kallakurichi,Villupuram,2150000,1209,2.76,Apartment
1835,5-10,2,4,2,52683,5,11.92113,79.49013,Rishivandhiyam,Villupuram,1820000,992,2.15,Apartment
894,0-1,3,6,3,49051,5,11.87501,79.52932,Gingee,Villupuram,1720000,1924,8.63,Independent House
3022,1-5,4,7,2,82794,6,11.8917,79.41926,Tindivanam,Villupuram,3790000,1254,9.05,Villa
2810,0-1,0,0,0,68672,0,12.11281,79.61986,Rishivandhiyam,Villupuram,800000,285,24.09,Plot
782,5-10,2,4,2,67140,3,11.84383,79.62904,Rishivandhiyam,Villupuram,1600000,2046,18.88,Independent House
2130,5-10,3,4,3,24435,3,12.09173,79.45407,Chinnasalem,Villupuram,1490000,700,17.22,Apartment
3542,10+,4,6,2,83309,4,11.89764,79.47005,Sankarapuram,Villupuram,2370000,669,5.03,Villa
567,0-1,2,4,2,71404,2,11.82807,79.54262,Rishivandhiyam,Villupuram,2130000,3757,13.89,Apartment
2258,0-1,0,0,0,67488,0,11.97399,79.55078,Kallakurichi,Villupuram,980000,434,7.98,Plot
1406,10+,1,3,1,26872,2,12.05849,79.4669,Rishivandhiyam,Villupuram,1590000,1131,13.33,Apartment
1826,1-5,3,5,2,67101,4,12.0524,79.44676,Chinnasalem,Villupuram,2030000,1112,13.2,Apartment
897,10+,2,3,1,63220,3,11.77283,79.57241,Kallakurichi,Villupuram,1360000,1516,20.84,Apartment
2756,10+,2,4,2,56324,4,11.94136,79.56631,Tindivanam,Villupuram,1740000,631,8.73,Independent House
1742,5-10,2,3,2,38678,5,11.91162,79.39795,Gingee,Villupuram,1790000,1028,10.1,Apartment
3044,0-1,4,7,3,59221,6,11.89833,79.50362,Chinnasalem,Villupuram,4190000,1376,5.02,Villa
4312,1-5,3,5,2,62341,6,11.96541,79.53874,Chinnasalem,Villupuram,3750000,870,6.38,Villa
2252,1-5,3,5,2,54789,3,11.99141,79.39287,Tindivanam,Villupuram,2440000,1083,11.64,Apartment
906,5-10,4,5,1,54123,4,11.93108,79.5383,Chinnasalem,Villupuram,2080000,2296,5.77,Independent House
2877,1-5,3,5,3,52468,6,11.89953,79.39436,Ulundurpet,Villupuram,2830000,984,10.95,Independent House
2616,1-5,4,6,4,65421,3,11.96858,79.37299,Kallakurichi,Villupuram,1990000,761,12.71,Independent House
2440,1-5,4,5,3,45357,3,11.98134,79.40254,Rishivandhiyam,Villupuram,2000000,820,10.18,Independent House
2099,5-10,3,4,1,26252,2,11.84176,79.44793,Rishivandhiyam,Villupuram,2030000,967,11.7,Apartment
3768,5-10,0,0,0,56145,0,12.03807,79.528,Tindivanam,Villupuram,770000,204,11.81,Plot
838,1-5,3,4,1,40710,2,11.87915,79.45012,Gingee,Villupuram,1640000,1957,7.83,Apartment
2298,5-10,4,5,2,50075,5,11.77386,79.46154,Rishivandhiyam,Villupuram,1580000,688,18.68,Apartment
1684,1-5,2,5,2,59747,3,11.98801,79.50056,Gingee,Villupuram,2020000,1200,5.55,Independent House
1861,1-5,1,3,1,59899,4,11.82967,79.42072,Gingee,Villupuram,2240000,1204,14.19,Apartment
669,5-10,2,3,2,41609,3,12.04021,79.4895,Tindivanam,Villupuram,1720000,2571,11.14,Apartment
1859,10+,4,6,3,73450,2,12.04284,79.36569,Gingee,Villupuram,1330000,715,17.38,Apartment
4604,10+,4,6,3,51567,5,11.74036,79.39209,Ulundurpet,Villupuram,1660000,361,24.45,Villa
992,5-10,4,6,3,66774,3,11.83822,79.45929,Ulundurpet,Villupuram,1480000,1492,11.7,Apartment
1370,0-1,0,0,0,41598,0,11.88658,79.5543,Tindivanam,Villupuram,1090000,796,9.51,Plot
1576,10+,4,7,1,53073,2,11.8548,79.41463,Tindivanam,Villupuram,1270000,806,12.27,Builder Floor
3989,10+,0,0,0,57646,0,11.89486,79.38274,Chinnasalem,Villupuram,860000,216,12.32,Plot
1831,10+,2,3,2,75272,4,11.94452,79.42989,Rishivandhiyam,Villupuram,1520000,830,6.13,Apartment
2209,10+,2,4,1,73206,2,11.94093,79.4177,Ulundurpet,Villupuram,1740000,788,7.44,Apartment
1438,5-10,3,4,3,54660,6,12.01601,79.49193,Ulundurpet,Villupuram,1770000,1231,8.46,Independent House
1882,1-5,2,5,1,51120,2,12.06474,79.35293,Ulundurpet,Villupuram,1570000,834,20.05,Independent House
1027,1-5,4,5,4,61667,3,11.64735,79.77869,Chidambaram,Cuddalore,1820000,1772,11.22,Independent House
1462,0-1,1,3,1,69354,2,11.75662,79.82464,Kattumannarkoil,Cuddalore,2210000,1512,5.87,Apartment
3803,10+,3,6,4,94643,5,11.71317,79.79665,Chidambaram,Cuddalore,3220000,847,4.75,Villa
4508,1-5,4,7,3,80077,5,11.66344,79.701,Kurinjipadi,Cuddalore,3610000,801,12.13,Villa
1286,10+,3,4,2,41232,3,11.69715,79.90547,Chidambaram,Cuddalore,1370000,1065,15.65,Apartment
904,1-5,1,2,1,51780,5,11.60707,79.73065,Srimushnam,Cuddalore,1700000,1881,16.29,Apartment
1537,10+,1,3,1,57042,4,11.66475,79.77683,Bhuvanagiri,Cuddalore,1620000,1054,9.28,Apartment
1250,5-10,4,7,3,74001,5,11.5996,79.62909,Kurinjipadi,Cuddalore,1250000,1000,22.64,Builder Floor
2011,10+,3,4,3,105100,5,11.57565,79.70425,Chidambaram,Cuddalore,1420000,706,20.51,Apartment
608,1-5,2,3,1,66919,5,11.68996,79.70792,Kattumannarkoil,Cuddalore,2180000,3586,9.46,Independent House
1206,5-10,0,0,0,43377,0,11.76519,79.9335,Chidambaram,Cuddalore,580000,481,17.75,Plot
1392,10+,0,0,0,61393,0,11.72277,79.66827,Chidambaram,Cuddalore,750000,539,11.57,Plot
3199,1-5,0,0,0,61728,0,11.78395,79.86971,Srimushnam,Cuddalore,880000,275,11.42,Plot
1497,5-10,4,5,1,34023,2,11.67268,79.67973,Kattumannarkoil,Cuddalore,1440000,962,13.03,Apartment
1005,1-5,4,7,3,52702,4,11.72481,79.73683,Kattumannarkoil,Cuddalore,2180000,2169,4.56,Builder Floor
1496,10+,4,5,2,75774,5,11.723,79.7275,Chidambaram,Cuddalore,1950000,1303,5.53,Apartment
1262,5-10,2,3,1,49725,5,11.65999,79.79723,Virudhachalam,Cuddalore,2340000,1854,10.18,Apartment
1898,10+,3,5,3,52194,2,11.88661,79.72506,Panruti,Cuddalore,1760000,927,16.22,Apartment
1504,1-5,3,4,2,61111,5,11.67858,79.61875,Kurinjipadi,Cuddalore,1380000,918,18.33,Apartment
494,1-5,3,4,1,53300,4,11.90592,79.79568,Kattumannarkoil,Cuddalore,1600000,3239,17.76,Apartment
4769,5-10,4,6,4,38558,3,11.7246,79.85133,Chidambaram,Cuddalore,2880000,604,9.08,Villa
2238,1-5,2,4,2,55777,4,11.8338,79.87461,Kurinjipadi,Cuddalore,1900000,849,14.74,Apartment
1469,0-1,3,4,2,54909,5,11.81935,79.84074,Kattumannarkoil,Cuddalore,2240000,1525,10.95,Independent House
2226,10+,0,0,0,38645,0,11.81512,79.83521,Chidambaram,Cuddalore,590000,265,10.2,Plot
905,10+,2,3,2,43312,3,11.64279,79.84119,Chidambaram,Cuddalore,1540000,1702,13.95,Apartment
2024,5-10,3,5,1,38872,4,11.77262,79.77083,Chidambaram,Cuddalore,1760000,870,2.74,Apartment
2376,0-1,3,4,1,62517,4,11.74514,79.84711,Chidambaram,Cuddalore,2350000,989,8.25,Independent House
2812,1-5,5,7,1,49489,6,11.65849,79.5833,Srimushnam,Cuddalore,1740000,619,22.77,Independent House
1465,0-1,3,6,3,22287,5,11.80796,79.91921,Kattumannarkoil,Cuddalore,2330000,1590,17.42,Independent House
1758,1-5,1,3,1,88424,2,11.81872,79.74849,Virudhachalam,Cuddalore,2010000,1143,8.25,Apartment
1290,0-1,2,3,2,40498,3,11.7149,79.72136,Chidambaram,Cuddalore,2600000,2016,6.57,Independent House
2333,10+,3,5,3,37577,4,11.81445,79.91317,Kattumannarkoil,Cuddalore,1580000,677,17.11,Apartment
966,10+,1,3,1,42595,5,11.77468,79.76273,Chidambaram,Cuddalore,1770000,1832,3.11,Apartment
635,1-5,4,6,4,34558,3,11.61535,79.73024,Chidambaram,Cuddalore,1690000,2661,15.42,Independent House
990,5-10,2,4,1,55302,3,11.55633,79.63554,Chidambaram,Cuddalore,1240000,1253,25.94,Apartment
1935,5-10,3,5,1,79801,6,11.63237,79.80394,Srimushnam,Cuddalore,2230000,1152,13.34,Independent House
1016,5-10,2,4,1,69553,5,11.68366,79.81384,Srimushnam,Cuddalore,1720000,1693,8.52,Apartment
2417,5-10,4,6,4,73459,3,11.67175,79.69405,Panruti,Cuddalore,2600000,1076,11.95,Villa
1996,1-5,2,4,2,60039,5,11.78907,79.69848,Kattumannarkoil,Cuddalore,2090000,1047,9.16,Builder Floor
1944,5-10,3,5,3,63471,5,11.68448,79.86943,Srimushnam,Cuddalore,1560000,802,12.8,Apartment
964,5-10,4,7,1,19921,4,11.79906,79.80612,Chidambaram,Cuddalore,1690000,1753,6.82,Independent House
2489,5-10,3,5,2,25062,3,11.68898,79.68101,Kurinjipadi,Cuddalore,1970000,791,11.83,Apartment
1059,10+,3,4,3,35498,2,11.77511,79.73965,Panruti,Cuddalore,1680000,1586,4.59,Apartment
2305,5-10,4,5,4,54737,4,11.86024,79.9044,Chidambaram,Cuddalore,2170000,941,19.11,Independent House
2490,0-1,2,3,1,58957,2,11.6942,79.87252,Virudhachalam,Cuddalore,1440000,578,12.53,Apartment
1853,10+,2,3,1,81604,3,11.90657,79.84731,Virudhachalam,Cuddalore,1450000,783,19.47,Apartment
1705,10+,3,4,3,49580,3,11.79282,79.68406,Chidambaram,Cuddalore,1670000,979,10.73,Apartment
1493,1-5,1,3,1,75360,2,11.79276,79.8581,Srimushnam,Cuddalore,2020000,1353,10.67,Apartment
836,0-1,0,0,0,57276,0,11.64399,79.63585,Kattumannarkoil,Cuddalore,800000,957,18.75,Plot
1998,1-5,1,2,1,80374,2,11.80794,79.90716,Kurinjipadi,Cuddalore,2230000,1116,16.21,Apartment
3267,10+,4,7,1,61378,5,11.7347,79.65399,Virudhachalam,Cuddalore,1600000,490,12.87,Independent House
1705,5-10,2,4,1,50412,5,11.80753,79.79268,Kurinjipadi,Cuddalore,1970000,1155,7.01,Apartment
2354,5-10,3,5,2,69393,3,11.63209,79.83761,Chidambaram,Cuddalore,1510000,641,14.77,Apartment
1873,1-5,2,3,1,66777,5,11.70591,79.78754,Srimushnam,Cuddalore,2060000,1100,5.0,Independent House
1748,1-5,2,4,1,68165,5,11.85728,79.64371,Bhuvanagiri,Cuddalore,1340000,767,18.46,Builder Floor
5327,10+,4,7,3,54619,5,11.70317,79.87759,Panruti,Cuddalore,2280000,428,12.59,Villa
2535,1-5,3,5,2,69324,5,11.9145,79.82432,Kattumannarkoil,Cuddalore,2800000,1105,19.39,Villa
1770,0-1,3,5,3,57377,3,11.77335,79.81724,Kattumannarkoil,Cuddalore,1850000,1045,5.73,Apartment
1505,5-10,2,4,1,60929,5,11.73949,79.66018,Srimushnam,Cuddalore,1730000,1150,12.15,Apartment
1731,1-5,2,4,2,41316,3,11.72502,79.75623,Virudhachalam,Cuddalore,2240000,1294,3.04,Builder Floor
812,5-10,2,3,1,15750,2,11.7955,79.77737,Panruti,Cuddalore,1770000,2180,5.32,Apartment
1683,5-10,2,3,1,73303,3,11.71663,79.76068,Srimushnam,Cuddalore,1830000,1087,3.68,Apartment
3252,10+,0,0,0,85426,0,11.6695,79.76058,Kurinjipadi,Cuddalore,1080000,332,8.81,Plot
2485,1-5,1,2,1,73146,2,11.76947,79.81674,Panruti,Cuddalore,2220000,893,5.48,Apartment
5424,0-1,3,5,2,37460,4,11.68035,79.87393,Srimushnam,Cuddalore,4060000,749,13.46,Villa
4449,10+,5,7,3,43321,5,11.63183,79.73619,Kattumannarkoil,Cuddalore,2560000,575,13.47,Villa
3056,10+,0,0,0,51201,0,11.82999,79.76492,Kurinjipadi,Cuddalore,880000,288,9.14,Plot
2199,1-5,4,6,2,53131,4,11.74952,79.86626,Kurinjipadi,Cuddalore,2440000,1110,10.33,Independent House
1668,10+,3,5,3,43547,4,11.7002,79.83309,Kattumannarkoil,Cuddalore,1830000,1097,8.57,Apartment
2508,10+,3,5,3,88368,3,11.76324,79.67357,Bhuvanagiri,Cuddalore,1820000,726,10.78,Independent House
1169,0-1,4,5,2,27815,5,11.77183,79.70504,Chidambaram,Cuddalore,2260000,1933,7.69,Apartment
2140,5-10,3,5,3,67178,3,11.75865,79.74113,Chidambaram,Cuddalore,1960000,916,3.5,Independent House
2608,0-1,0,0,0,74182,0,11.6362,79.61151,Panruti,Cuddalore,980000,376,21.39,Plot
1737,0-1,1,2,1,88451,4,11.70784,79.75707,Bhuvanagiri,Cuddalore,2360000,1359,4.73,Apartment
2026,1-5,1,3,1,28333,2,11.73025,79.76441,Virudhachalam,Cuddalore,1900000,938,2.12,Apartment
2021,5-10,0,0,0,41970,0,11.85008,79.72686,Virudhachalam,Cuddalore,940000,465,12.34,Plot
3018,0-1,3,6,1,72762,4,11.80952,79.71862,Srimushnam,Cuddalore,2250000,746,8.93,Independent House
1317,5-10,4,5,2,56865,6,11.73388,79.81534,Bhuvanagiri,Cuddalore,1820000,1382,5.03,Builder Floor
812,5-10,2,3,1,78011,4,11.79621,79.76727,Kattumannarkoil,Cuddalore,1320000,1626,5.38,Apartment
1354,1-5,2,4,1,59113,3,11.6815,79.75261,Kattumannarkoil,Cuddalore,1790000,1322,7.67,Apartment
1805,1-5,3,5,1,44451,4,11.83684,79.86814,Chidambaram,Cuddalore,1590000,881,14.44,Builder Floor
454,0-1,2,4,2,71338,5,11.72134,79.72385,Kattumannarkoil,Cuddalore,2210000,4868,5.97,Apartment
1806,10+,2,3,1,30651,3,11.79444,79.90393,Kurinjipadi,Cuddalore,1290000,714,15.32,Builder Floor
3964,1-5,5,8,2,74926,6,11.6982,79.79321,Chidambaram,Cuddalore,4170000,1052,6.03,Villa
1258,1-5,2,4,2,36302,5,11.74772,79.75993,Srimushnam,Cuddalore,2050000,1630,1.25,Builder Floor
2226,5-10,1,3,1,37221,3,11.82129,79.76658,Chidambaram,Cuddalore,1740000,782,8.17,Apartment
2824,10+,3,6,1,44993,3,11.74908,79.8155,Chidambaram,Cuddalore,2170000,768,4.8,Independent House
1697,1-5,3,5,1,44274,2,11.66114,79.72921,Virudhachalam,Cuddalore,2320000,1367,10.7,Apartment
1466,1-5,2,3,1,52280,2,11.75971,79.71885,Chidambaram,Cuddalore,2630000,1794,5.87,Apartment
841,0-1,2,5,1,30433,6,11.77275,79.80626,Bhuvanagiri,Cuddalore,1850000,2200,4.69,Builder Floor
2518,5-10,3,5,4,70420,4,11.82397,79.75972,Virudhachalam,Cuddalore,2800000,1112,8.54,Villa
1102,10+,2,5,1,51881,6,11.76186,79.67169,Srimushnam,Cuddalore,1670000,1515,10.96,Independent House
2115,5-10,3,4,3,41661,3,11.90021,79.76002,Virudhachalam,Cuddalore,1610000,761,16.97,Apartment
1034,1-5,4,5,3,32731,5,11.62379,79.7803,Virudhachalam,Cuddalore,1840000,1779,13.85,Apartment
1835,1-5,1,2,1,38850,2,11.70217,79.85129,Bhuvanagiri,Cuddalore,1930000,1052,10.08,Apartment
505,1-5,3,5,2,52191,4,11.63855,79.63341,Kurinjipadi,Cuddalore,1330000,2634,19.34,Apartment
873,1-5,2,3,1,49238,4,11.82862,79.84409,Kurinjipadi,Cuddalore,1770000,2027,11.96,Builder Floor
583,1-5,1,2,1,72558,2,11.69743,79.65164,Srimushnam,Cuddalore,1790000,3070,14.2,Apartment
2137,10+,1,3,1,62007,5,11.54737,79.74968,Srimushnam,Cuddalore,1340000,627,22.43,Apartment
2374,5-10,2,5,2,52090,4,11.73943,79.81212,Bhuvanagiri,Cuddalore,2190000,922,4.53,Independent House
1966,10+,5,8,5,42103,6,11.81904,79.99057,Virudhachalam,Cuddalore,1170000,595,25.13,Independent House
1870,5-10,2,3,2,80109,3,11.75944,79.77637,Kattumannarkoil,Cuddalore,2210000,1182,1.38,Apartment
1518,5-10,1,3,1,60774,2,11.78891,79.83107,Bhuvanagiri,Cuddalore,1670000,1100,7.93,Apartment
1630,5-10,5,8,5,40267,5,11.7481,79.73411,Kattumannarkoil,Cuddalore,1690000,1037,4.06,Independent House
4317,1-5,3,6,4,54657,6,11.78944,79.75993,Bhuvanagiri,Cuddalore,3900000,903,4.77,Villa
3134,0-1,0,0,0,63743,0,11.77239,79.83132,Chidambaram,Cuddalore,940000,300,7.06,Plot
1323,5-10,5,8,5,47165,2,11.92782,79.72669,Srimushnam,Cuddalore,1160000,877,20.58,Builder Floor
1701,5-10,1,3,1,71208,5,11.75955,79.77441,Kattumannarkoil,Cuddalore,1890000,1111,1.33,Apartment
1704,1-5,2,3,2,44695,4,11.81524,79.67521,Chidambaram,Cuddalore,1790000,1050,12.87,Apartment
898,10+,2,3,2,47004,2,11.64321,79.65463,Chidambaram,Cuddalore,1360000,1514,17.25,Independent House
894,10+,1,3,1,32272,3,11.68742,79.72213,Chidambaram,Cuddalore,1410000,1577,8.61,Apartment
1041,10+,3,4,3,61692,4,11.80739,79.93502,Chidambaram,Cuddalore,1600000,1537,19.0,Apartment
2095,1-5,4,6,4,53676,3,11.66322,79.83379,Panruti,Cuddalore,1780000,850,11.62,Independent House
1235,5-10,3,4,2,74081,6,11.76038,79.69123,Kurinjipadi,Cuddalore,1570000,1271,8.84,Builder Floor
1190,1-5,0,0,0,70180,0,11.79525,79.68856,Virudhachalam,Cuddalore,880000,739,10.44,Plot
3217,10+,3,4,1,58357,2,11.74065,79.8997,Bhuvanagiri,Cuddalore,1800000,560,13.99,Independent House
1519,10+,5,6,4,88153,6,11.67519,79.83334,Srimushnam,Cuddalore,1940000,1277,10.54,Independent House
2303,1-5,4,5,3,73846,2,11.79917,79.64696,Bhuvanagiri,Cuddalore,1980000,860,14.69,Apartment
1646,1-5,3,4,2,60463,5,11.68253,79.6805,Bhuvanagiri,Cuddalore,1690000,1027,12.29,Apartment
1117,5-10,2,4,2,64156,3,11.85698,79.72858,Chidambaram,Cuddalore,1640000,1468,12.98,Apartment
1971,0-1,0,0,0,23654,0,11.7221,79.85467,Chidambaram,Cuddalore,1060000,538,9.51,Plot
2154,1-5,4,7,3,42440,4,11.764,79.84489,Chidambaram,Cuddalore,4020000,1866,8.2,Villa
2582,0-1,4,6,3,41449,5,11.86215,79.87708,Kurinjipadi,Cuddalore,2880000,1115,17.13,Villa
1318,5-10,3,6,1,70268,4,11.65325,79.78679,Bhuvanagiri,Cuddalore,2160000,1639,10.67,Independent House
1203,1-5,4,6,2,61101,3,11.64113,79.80721,Virudhachalam,Cuddalore,2070000,1721,12.51,Apartment
1631,1-5,4,6,1,66241,5,11.74349,79.78169,Chidambaram,Cuddalore,2620000,1606,1.23,Independent House
2376,1-5,3,5,2,47416,4,11.86116,79.77234,Kattumannarkoil,Cuddalore,2190000,922,12.58,Apartment
926,1-5,5,7,2,43566,6,11.82074,79.86149,Bhuvanagiri,Cuddalore,2300000,2484,12.71,Independent House
1298,1-5,2,3,2,54341,5,11.74846,79.76094,Bhuvanagiri,Cuddalore,2650000,2042,1.14,Apartment
1975,10+,4,6,4,62430,5,11.68651,79.78727,Chidambaram,Cuddalore,1490000,754,7.05,Builder Floor
855,10+,4,6,3,85501,5,11.63083,79.76404,Kattumannarkoil,Cuddalore,1320000,1544,13.05,Builder Floor
1875,5-10,3,4,2,86951,5,11.70528,79.67039,Kurinjipadi,Cuddalore,1670000,891,11.98,Builder Floor
3443,10+,0,0,0,42357,0,11.60798,79.63515,Kattumannarkoil,Cuddalore,700000,203,21.51,Plot
2384,5-10,2,4,1,72797,4,11.70951,79.83211,Srimushnam,Cuddalore,1700000,713,7.87,Apartment
3132,5-10,5,8,2,51836,4,10.71443,79.74806,Thirumarugal,Nagapattinam,2230000,712,12.1,Villa
1486,1-5,2,4,2,70822,2,10.73034,79.83195,Thirumarugal,Nagapattinam,2160000,1454,4.34,Apartment
2434,0-1,2,3,2,53567,3,10.78064,79.90495,Poompuhar,Nagapattinam,1920000,789,6.73,Apartment
2220,1-5,3,5,1,69021,4,10.68832,79.81934,Tharangambadi,Nagapattinam,2490000,1122,9.2,Independent House
2320,5-10,4,5,1,63330,2,10.70374,79.9132,Vedaranyam,Nagapattinam,1540000,664,10.27,Apartment
1644,1-5,3,4,1,60543,3,10.79916,79.8158,Vedaranyam,Nagapattinam,2430000,1478,4.77,Independent House
796,1-5,4,6,1,70966,3,10.73622,79.89923,Poompuhar,Nagapattinam,1960000,2462,6.86,Apartment
2677,1-5,4,6,4,62549,4,10.78319,79.79028,Kilvelur,Nagapattinam,3360000,1255,6.23,Villa
1587,1-5,4,5,2,70223,6,10.88006,79.96164,Poompuhar,Nagapattinam,1950000,1229,17.89,Independent House
2340,5-10,3,4,2,37606,5,10.71118,79.78936,Tharangambadi,Nagapattinam,2040000,872,8.7,Apartment
3322,10+,5,6,3,57858,5,10.72432,79.81279,Sirkazhi,Nagapattinam,2040000,614,5.92,Independent House
759,1-5,4,6,2,52942,2,10.76618,79.87511,Kilvelur,Nagapattinam,1740000,2292,3.3,Apartment
1262,0-1,2,3,2,47147,2,10.6558,79.95538,Kilvelur,Nagapattinam,1710000,1355,17.3,Apartment
1381,5-10,3,5,3,42537,4,10.65519,79.87532,Tharangambadi,Nagapattinam,1690000,1224,12.89,Apartment
2105,1-5,4,7,2,54018,3,10.69098,79.98362,Kilvelur,Nagapattinam,2600000,1235,17.36,Villa
868,10+,3,5,3,65920,2,10.76082,79.80578,Vedaranyam,Nagapattinam,1210000,1394,4.33,Builder Floor
1213,0-1,0,0,0,56392,0,10.73923,79.74091,Poompuhar,Nagapattinam,770000,635,11.78,Plot
1692,5-10,3,6,2,50598,3,10.83365,79.81571,Tharangambadi,Nagapattinam,1940000,1147,8.05,Builder Floor
758,5-10,3,4,3,76128,5,10.78085,79.83565,Mayiladuthurai,Nagapattinam,1680000,2216,1.82,Apartment
982,1-5,2,3,1,57573,3,10.71593,79.85289,Tharangambadi,Nagapattinam,2150000,2189,5.77,Independent House
3084,1-5,0,0,0,74116,0,10.80666,79.80132,Poompuhar,Nagapattinam,1150000,373,6.47,Plot
3198,5-10,0,0,0,44372,0,10.67904,79.98919,Thirumarugal,Nagapattinam,780000,244,18.56,Plot
2018,0-1,4,5,1,49313,4,10.7505,79.7979,Mayiladuthurai,Nagapattinam,1920000,951,5.46,Independent House
1555,10+,2,3,1,5000,4,10.58129,79.90227,Tharangambadi,Nagapattinam,1230000,791,21.6,Apartment
2844,10+,3,5,3,64109,6,10.79623,79.89695,Sirkazhi,Nagapattinam,2850000,1002,6.54,Villa
3479,1-5,4,5,4,58542,4,10.83465,79.80669,Sirkazhi,Nagapattinam,2260000,650,8.58,Independent House
1418,0-1,2,4,1,47787,3,10.82905,79.84821,Poompuhar,Nagapattinam,1970000,1389,6.89,Apartment
1874,0-1,3,4,1,52001,2,10.72962,79.69954,Thirumarugal,Nagapattinam,1630000,870,16.42,Apartment
1219,1-5,2,4,1,58747,3,10.71114,79.85494,Thirumarugal,Nagapattinam,1920000,1575,6.33,Apartment
1309,1-5,5,6,5,64165,5,10.6755,79.78581,Poompuhar,Nagapattinam,1180000,901,12.07,Builder Floor
2146,0-1,3,5,2,54201,5,10.81878,79.73394,Kilvelur,Nagapattinam,2170000,1011,13.41,Apartment
2148,10+,2,3,2,54734,5,10.89446,79.84785,Kilvelur,Nagapattinam,1200000,559,14.15,Independent House
3405,10+,3,6,3,52208,6,10.7069,79.89645,Tharangambadi,Nagapattinam,1770000,520,8.76,Independent House
4270,1-5,3,5,3,66288,5,10.67931,79.83175,Vedaranyam,Nagapattinam,4050000,948,9.88,Villa
565,5-10,4,6,2,11983,2,10.74747,79.98234,Kilvelur,Nagapattinam,1530000,2708,15.17,Apartment
2001,10+,2,5,2,50454,3,10.81828,79.84407,Mayiladuthurai,Nagapattinam,1690000,845,5.68,Independent House
1626,10+,2,3,2,65767,3,10.85031,79.73955,Kilvelur,Nagapattinam,1230000,756,14.76,Apartment
955,0-1,2,4,2,34826,5,10.77834,79.78576,Mayiladuthurai,Nagapattinam,1680000,1759,6.58,Builder Floor
1555,1-5,3,5,2,36542,5,10.79348,79.90232,Tharangambadi,Nagapattinam,2270000,1460,6.92,Apartment
1504,5-10,3,4,1,49033,5,10.69186,79.92871,Sirkazhi,Nagapattinam,1970000,1310,12.41,Independent House
2453,1-5,5,7,4,53499,3,10.7395,79.901,Thirumarugal,Nagapattinam,3730000,1521,6.86,Villa
3821,5-10,0,0,0,54724,0,10.765,79.80697,Vedaranyam,Nagapattinam,840000,220,4.15,Plot
1617,1-5,2,4,2,42004,3,10.74854,79.84069,Thirumarugal,Nagapattinam,1750000,1082,2.13,Apartment
2714,10+,4,5,4,54800,2,10.79934,79.99485,Kilvelur,Nagapattinam,2070000,763,16.76,Independent House
1292,5-10,2,4,1,56223,3,10.65843,79.9176,Sirkazhi,Nagapattinam,1170000,906,14.47,Apartment
1305,5-10,3,4,2,77071,4,10.70468,79.89129,Poompuhar,Nagapattinam,1860000,1425,8.6,Apartment
1646,10+,2,4,1,45410,3,10.74329,79.8098,Tharangambadi,Nagapattinam,1680000,1021,4.67,Apartment
2630,1-5,3,6,2,58786,5,10.87131,79.79185,Tharangambadi,Nagapattinam,3800000,1445,12.95,Villa
1780,5-10,2,3,2,55470,3,10.87437,79.76218,Mayiladuthurai,Nagapattinam,1720000,966,14.95,Apartment
721,10+,3,6,3,54341,2,10.76603,79.77465,Kilvelur,Nagapattinam,1590000,2205,7.68,Independent House
844,1-5,3,5,2,34317,2,10.85763,79.77082,Mayiladuthurai,Nagapattinam,1930000,2287,12.91,Apartment
2021,1-5,3,6,2,59347,6,10.69192,79.81401,Kilvelur,Nagapattinam,2970000,1470,9.03,Villa
1152,5-10,3,5,2,41450,2,10.74608,79.91269,Poompuhar,Nagapattinam,1350000,1172,7.77,Apartment
2270,0-1,1,2,1,77724,4,10.96122,79.86334,Tharangambadi,Nagapattinam,1660000,731,21.67,Apartment
2627,1-5,5,7,2,30257,4,10.83377,79.81432,Thirumarugal,Nagapattinam,2230000,849,8.12,Independent House
2795,1-5,2,4,1,50127,5,10.83838,79.74377,Poompuhar,Nagapattinam,2260000,809,13.59,Independent House
1931,1-5,2,4,2,43355,5,10.72373,79.85021,Thirumarugal,Nagapattinam,2140000,1108,4.87,Apartment
784,5-10,2,4,2,62665,2,10.71019,79.97766,Poompuhar,Nagapattinam,1480000,1888,15.83,Apartment
1102,1-5,2,3,2,62762,5,10.70798,79.79814,Sirkazhi,Nagapattinam,1960000,1779,8.33,Apartment
1036,1-5,1,3,1,34819,5,10.81535,79.88094,Tharangambadi,Nagapattinam,2010000,1940,6.65,Apartment
682,5-10,2,4,2,65214,5,10.80717,79.80438,Poompuhar,Nagapattinam,1730000,2537,6.27,Apartment
1724,5-10,3,6,1,67101,2,10.77696,79.74647,Thirumarugal,Nagapattinam,1860000,1079,10.81,Independent House
2839,10+,0,0,0,64829,0,10.91978,79.69869,Vedaranyam,Nagapattinam,550000,194,23.3,Plot
1864,5-10,3,5,2,58917,3,10.74032,79.68778,Tharangambadi,Nagapattinam,1720000,923,17.42,Apartment
1028,1-5,2,3,1,26595,3,10.82901,79.81782,Mayiladuthurai,Nagapattinam,2170000,2111,7.48,Apartment
1008,10+,2,4,2,51489,3,10.88948,79.86249,Thirumarugal,Nagapattinam,1350000,1339,13.73,Apartment
2440,1-5,2,3,1,85500,2,10.61092,79.86077,Mayiladuthurai,Nagapattinam,1680000,689,17.46,Apartment
923,0-1,4,7,4,37566,2,10.82812,79.77217,Tharangambadi,Nagapattinam,1680000,1820,10.44,Independent House
906,5-10,2,5,1,62078,6,10.76873,79.83448,Mayiladuthurai,Nagapattinam,1940000,2141,1.15,Builder Floor
1288,5-10,1,2,1,17745,2,10.83003,79.77222,Mayiladuthurai,Nagapattinam,1690000,1312,10.57,Apartment
2702,5-10,0,0,0,44906,0,10.64311,79.83814,Vedaranyam,Nagapattinam,830000,307,13.82,Plot
3021,5-10,5,7,2,54184,4,11.02268,79.97438,Vedaranyam,Nagapattinam,1880000,622,31.73,Villa
747,10+,1,3,1,47126,5,10.88526,79.78302,Vedaranyam,Nagapattinam,1210000,1620,14.77,Apartment
468,5-10,2,4,1,71466,5,10.77902,79.73214,Thirumarugal,Nagapattinam,1800000,3846,12.39,Apartment
1023,1-5,2,3,2,38314,5,10.86587,79.80483,Sirkazhi,Nagapattinam,1610000,1574,11.81,Apartment
2088,0-1,1,3,1,70389,4,10.63629,79.77286,Vedaranyam,Nagapattinam,2250000,1078,16.55,Apartment
3773,0-1,0,0,0,57096,0,10.8559,79.9575,Tharangambadi,Nagapattinam,1010000,268,15.76,Plot
2016,10+,4,6,3,57481,3,10.81442,79.73052,Kilvelur,Nagapattinam,1620000,804,13.55,Apartment
1938,0-1,4,5,3,53618,5,10.84605,79.84797,Tharangambadi,Nagapattinam,2080000,1073,8.77,Apartment
1447,0-1,3,5,3,36834,2,10.85804,79.81166,Kilvelur,Nagapattinam,1980000,1368,10.73,Apartment
2008,0-1,1,3,1,39717,4,10.88418,79.92489,Thirumarugal,Nagapattinam,1790000,891,15.67,Apartment
1305,5-10,3,5,2,57453,3,10.60511,79.90899,Thirumarugal,Nagapattinam,1340000,1027,19.34,Apartment
2445,10+,1,2,1,44261,3,10.80905,79.82486,Thirumarugal,Nagapattinam,1600000,654,5.14,Apartment
2169,5-10,4,6,3,26617,4,10.81515,79.74159,Kilvelur,Nagapattinam,1550000,715,12.48,Independent House
786,5-10,2,3,2,89852,2,10.75512,79.81307,Tharangambadi,Nagapattinam,2060000,2621,3.73,Apartment
2383,5-10,2,3,2,56354,5,10.79569,80.00374,Poompuhar,Nagapattinam,1500000,629,17.64,Apartment
2820,10+,3,6,2,76582,5,10.62529,79.79759,Poompuhar,Nagapattinam,1280000,454,16.6,Independent House
1934,10+,1,2,1,76850,3,10.7798,79.84448,Sirkazhi,Nagapattinam,1740000,900,1.4,Apartment
642,10+,3,4,2,39881,2,10.83294,79.75539,Thirumarugal,Nagapattinam,1300000,2025,12.21,Independent House
2245,1-5,0,0,0,51862,0,10.71771,79.85003,Vedaranyam,Nagapattinam,990000,441,5.53,Plot
2254,5-10,1,3,1,33517,3,10.86103,79.80108,Kilvelur,Nagapattinam,1420000,630,11.48,Apartment
3155,0-1,0,0,0,66494,0,10.75689,79.80115,Mayiladuthurai,Nagapattinam,1170000,371,4.91,Plot
2811,1-5,3,6,3,49467,6,10.73637,79.94834,Kilvelur,Nagapattinam,1580000,562,11.81,Independent House
3559,5-10,0,0,0,53765,0,10.74781,79.91424,Poompuhar,Nagapattinam,1200000,337,7.88,Plot
5809,10+,3,6,4,39766,3,10.67857,79.8133,Sirkazhi,Nagapattinam,3250000,559,10.44,Villa
2621,1-5,0,0,0,69696,0,10.75214,79.80839,Poompuhar,Nagapattinam,1080000,412,4.33,Plot
2668,0-1,0,0,0,37253,0,10.78432,79.86246,Poompuhar,Nagapattinam,730000,274,2.7,Plot
690,10+,4,5,4,53907,5,10.68358,79.74705,Poompuhar,Nagapattinam,1100000,1594,14.17,Apartment
1517,5-10,4,6,1,38704,3,10.74666,79.66557,Mayiladuthurai,Nagapattinam,950000,626,19.72,Builder Floor
1804,5-10,0,0,0,49206,0,10.76963,79.93447,Thirumarugal,Nagapattinam,750000,416,9.79,Plot
2925,5-10,0,0,0,56686,0,10.80334,79.75558,Mayiladuthurai,Nagapattinam,810000,277,10.55,Plot
2161,10+,3,6,2,51702,5,10.78604,79.82244,Poompuhar,Nagapattinam,1800000,833,3.23,Independent House
778,10+,2,4,2,44465,3,10.78635,79.90419,Kilvelur,Nagapattinam,1710000,2198,6.82,Apartment
883,10+,3,4,3,59164,5,10.82353,79.89723,Poompuhar,Nagapattinam,1620000,1835,8.48,Apartment
5652,5-10,4,6,2,64925,6,10.67836,79.93513,Kilvelur,Nagapattinam,3310000,586,13.96,Villa
1469,5-10,4,7,3,47475,3,10.81628,79.75351,Kilvelur,Nagapattinam,1070000,728,11.38,Builder Floor
1556,5-10,3,6,2,50872,4,10.77903,79.85699,Mayiladuthurai,Nagapattinam,2290000,1472,1.86,Independent House
1893,0-1,2,3,2,84246,2,10.75635,79.83131,Thirumarugal,Nagapattinam,2270000,1199,1.91,Independent House
2313,10+,1,3,1,17842,5,10.73171,79.92511,Poompuhar,Nagapattinam,1560000,674,9.61,Apartment
1151,10+,1,2,1,47460,4,10.76947,79.94987,Poompuhar,Nagapattinam,1430000,1242,11.47,Apartment
2442,10+,2,4,2,51641,4,10.89049,79.69387,Vedaranyam,Nagapattinam,1250000,512,21.45,Apartment
1015,1-5,1,2,1,24775,4,10.81284,79.80979,Vedaranyam,Nagapattinam,1640000,1616,6.36,Apartment
638,1-5,2,5,2,50719,4,10.64206,79.87406,Thirumarugal,Nagapattinam,1980000,3103,14.28,Independent House
551,0-1,3,4,3,30138,3,10.67899,79.85123,Thirumarugal,Nagapattinam,1980000,3593,9.83,Apartment
3338,10+,3,6,3,53540,6,10.86628,79.8349,Poompuhar,Nagapattinam,1910000,572,11.07,Independent House
2106,10+,4,5,3,58053,4,10.84519,79.80722,Thirumarugal,Nagapattinam,1500000,712,9.6,Apartment
1284,1-5,3,5,3,76478,5,10.74126,79.77729,Sirkazhi,Nagapattinam,2190000,1706,7.93,Apartment
513,1-5,2,4,1,54301,4,10.74967,79.7523,Vedaranyam,Nagapattinam,1790000,3489,10.3,Apartment
2058,10+,3,6,2,22346,4,10.73974,79.85349,Thirumarugal,Nagapattinam,1820000,884,3.19,Independent House
1885,1-5,3,4,2,82199,4,10.7092,79.87885,Sirkazhi,Nagapattinam,1940000,1029,7.44,Builder Floor
2913,5-10,2,4,1,57926,2,10.79296,79.77019,Thirumarugal,Nagapattinam,1740000,597,8.65,Independent House
1281,1-5,2,3,1,67730,3,10.91241,79.8701,Mayiladuthurai,Nagapattinam,1720000,1343,16.38,Independent House
1210,5-10,4,5,3,57744,2,10.81469,79.97197,Mayiladuthurai,Nagapattinam,2010000,1661,14.85,Independent House
593,5-10,2,4,1,27027,3,10.67441,79.87843,Vedaranyam,Nagapattinam,1670000,2816,10.95,Apartment
5584,5-10,3,6,4,31872,4,10.78299,79.64762,Thiruthuraipoondi,Tiruvarur,2790000,500,1.67,Villa
2997,1-5,0,0,0,47593,0,10.86716,79.61561,Papanasam,Tiruvarur,870000,290,10.76,Plot
1491,0-1,3,5,1,51268,5,10.87857,79.67555,Thiruthuraipoondi,Tiruvarur,1470000,986,12.53,Apartment
2264,10+,3,5,3,12638,2,10.78122,79.63825,Thiruthuraipoondi,Tiruvarur,1810000,799,0.98,Apartment
2157,1-5,2,3,2,54281,5,10.67275,79.56502,Valangaiman,Tiruvarur,1740000,807,13.58,Apartment
2244,1-5,2,4,1,36090,3,10.59038,79.61041,Valangaiman,Tiruvarur,1160000,517,20.46,Apartment
989,0-1,3,5,2,60342,3,10.64175,79.68026,Mannargudi,Tiruvarur,1810000,1830,15.31,Apartment
1417,0-1,2,4,1,48152,4,10.7289,79.57381,Needamangalam,Tiruvarur,2330000,1644,8.41,Apartment
1035,10+,3,6,2,48458,5,10.81354,79.73144,Thiruthuraipoondi,Tiruvarur,1290000,1246,11.32,Independent House
2063,10+,2,3,1,35715,5,10.93506,79.69217,Muthupettai,Tiruvarur,840000,407,19.06,Apartment
1491,5-10,2,5,1,24722,3,10.73328,79.51904,Needamangalam,Tiruvarur,1470000,986,13.57,Independent House
4850,5-10,4,7,4,42388,6,10.89599,79.64659,Needamangalam,Tiruvarur,2420000,499,13.76,Villa
1321,1-5,2,3,2,29278,2,10.79857,79.68212,Papanasam,Tiruvarur,1840000,1393,5.75,Apartment
1388,5-10,2,4,1,71050,3,10.82501,79.66501,Valangaiman,Tiruvarur,1670000,1203,6.6,Apartment
667,10+,2,4,2,60128,4,10.75315,79.59292,Thiruthuraipoondi,Tiruvarur,1370000,2054,5.24,Apartment
2460,10+,0,0,0,48976,0,10.68021,79.59928,Papanasam,Tiruvarur,800000,325,11.05,Plot
2869,1-5,3,6,1,52567,3,10.74599,79.60728,Mannargudi,Tiruvarur,2690000,938,4.36,Independent House
2430,1-5,2,4,1,60478,4,10.75612,79.63632,Papanasam,Tiruvarur,2390000,984,1.83,Apartment
974,1-5,1,2,1,68918,4,10.75974,79.78721,Valangaiman,Tiruvarur,1210000,1242,16.51,Apartment
1480,5-10,2,4,2,36363,2,10.69853,79.57381,Needamangalam,Tiruvarur,1530000,1034,10.72,Apartment
1752,5-10,0,0,0,32790,0,10.69986,79.69313,Mannargudi,Tiruvarur,870000,497,10.18,Plot
1322,5-10,1,3,1,49658,3,10.89979,79.58275,Muthupettai,Tiruvarur,1400000,1059,15.32,Apartment
5140,5-10,4,7,2,47872,6,10.71525,79.69714,Papanasam,Tiruvarur,2810000,547,9.19,Villa
518,1-5,2,4,1,41646,5,10.72655,79.52811,Thiruthuraipoondi,Tiruvarur,1670000,3224,12.91,Apartment
2007,5-10,4,5,3,49057,5,10.63054,79.66633,Needamangalam,Tiruvarur,1360000,678,16.13,Independent House
930,5-10,2,4,2,44769,4,10.68107,79.52147,Thiruthuraipoondi,Tiruvarur,1510000,1624,16.18,Apartment
463,5-10,3,5,3,51673,3,10.85611,79.62607,Muthupettai,Tiruvarur,1670000,3607,9.36,Apartment
3026,5-10,2,5,2,52127,5,10.72048,79.64748,Needamangalam,Tiruvarur,2480000,820,5.92,Independent House
1686,0-1,3,4,2,30682,4,10.78386,79.67789,Muthupettai,Tiruvarur,2000000,1186,4.68,Apartment
803,1-5,4,5,2,44943,2,10.6456,79.60627,Papanasam,Tiruvarur,1400000,1743,14.51,Apartment
3278,5-10,3,4,3,48520,4,10.73223,79.84475,Needamangalam,Tiruvarur,1530000,467,23.18,Independent House
3832,0-1,0,0,0,20123,0,10.90589,79.70036,Valangaiman,Tiruvarur,1000000,261,16.38,Plot
2858,1-5,4,6,2,46483,6,10.76783,79.70546,Mannargudi,Tiruvarur,2770000,969,7.54,Villa
793,5-10,2,3,2,51760,2,10.74418,79.67378,Mannargudi,Tiruvarur,1640000,2068,5.15,Apartment
5053,10+,5,7,2,53896,6,10.76559,79.58321,Thiruthuraipoondi,Tiruvarur,2760000,546,5.88,Villa
1255,5-10,5,6,3,62946,2,10.75309,79.68313,Valangaiman,Tiruvarur,1920000,1530,5.53,Independent House
5276,5-10,4,6,2,71017,3,10.82558,79.67081,Muthupettai,Tiruvarur,3720000,705,6.98,Villa
2006,0-1,1,2,1,54553,4,10.64028,79.60607,Papanasam,Tiruvarur,1620000,808,15.09,Apartment
2123,5-10,2,3,2,56243,4,10.75512,79.78259,Valangaiman,Tiruvarur,1420000,669,16.07,Apartment
2516,0-1,4,6,1,52277,3,10.61415,79.5522,Mannargudi,Tiruvarur,2080000,827,19.89,Independent House
1850,5-10,2,3,2,70347,5,10.59003,79.57859,Needamangalam,Tiruvarur,1440000,778,21.27,Apartment
521,5-10,3,4,2,40375,4,10.73754,79.66193,Thiruthuraipoondi,Tiruvarur,1760000,3378,4.78,Apartment
2427,10+,0,0,0,27458,0,10.65481,79.5978,Thiruthuraipoondi,Tiruvarur,730000,301,13.77,Plot
533,5-10,2,4,1,32404,4,10.70111,79.77898,Papanasam,Tiruvarur,1290000,2420,17.47,Apartment
2196,5-10,1,3,1,64954,2,10.76893,79.68744,Needamangalam,Tiruvarur,1540000,701,5.57,Apartment
1053,0-1,3,5,1,56435,3,10.8861,79.71508,Valangaiman,Tiruvarur,1430000,1358,15.26,Apartment
2217,1-5,3,5,2,84277,5,10.66351,79.63573,Needamangalam,Tiruvarur,2000000,902,12.13,Apartment
1163,5-10,3,4,2,42547,4,10.78571,79.52747,Needamangalam,Tiruvarur,1420000,1221,12.01,Apartment
1993,0-1,2,3,2,63098,2,10.8538,79.68176,Needamangalam,Tiruvarur,2050000,1029,10.29,Apartment
799,1-5,4,5,1,44950,5,10.86192,79.58493,Mannargudi,Tiruvarur,2230000,2791,11.42,Independent House
659,1-5,1,3,1,9020,5,10.60038,79.63013,Muthupettai,Tiruvarur,1800000,2731,19.16,Apartment
2540,5-10,3,5,2,60457,4,10.74319,79.70405,Papanasam,Tiruvarur,2440000,961,8.06,Villa
3236,5-10,2,5,2,24500,4,10.78557,79.74938,Papanasam,Tiruvarur,1820000,562,12.4,Independent House
874,5-10,4,7,3,37215,3,10.79435,79.60657,Papanasam,Tiruvarur,1960000,2243,4.08,Independent House
2715,10+,2,3,2,72391,5,10.84075,79.6515,Muthupettai,Tiruvarur,1410000,519,7.75,Independent House
1958,0-1,2,4,2,21455,3,10.81297,79.66566,Muthupettai,Tiruvarur,1900000,970,5.5,Apartment
813,1-5,3,5,2,49819,5,10.834,79.73303,Valangaiman,Tiruvarur,1550000,1907,12.55,Builder Floor
1326,5-10,4,5,3,71230,2,10.69747,79.67297,Thiruthuraipoondi,Tiruvarur,1460000,1101,9.25,Builder Floor
5354,10+,3,6,2,45799,5,10.91081,79.72613,Valangaiman,Tiruvarur,2080000,388,18.21,Villa
1563,0-1,2,3,2,37256,2,10.62743,79.69733,Thiruthuraipoondi,Tiruvarur,1740000,1113,17.45,Builder Floor
883,5-10,3,5,1,45551,4,10.76017,79.6174,Valangaiman,Tiruvarur,1720000,1948,2.51,Apartment
1315,5-10,4,6,1,52200,4,10.78861,79.69645,Valangaiman,Tiruvarur,1750000,1331,6.78,Apartment
1685,5-10,4,6,3,38369,3,10.78025,79.61584,Thiruthuraipoondi,Tiruvarur,1850000,1098,2.42,Apartment
2227,1-5,1,2,1,45558,4,10.64155,79.64651,Valangaiman,Tiruvarur,1320000,593,14.61,Apartment
2204,1-5,3,4,2,48892,4,10.80755,79.71963,Muthupettai,Tiruvarur,1550000,703,9.87,Apartment
1385,5-10,4,6,2,46535,4,10.87647,79.56211,Valangaiman,Tiruvarur,1410000,1018,14.13,Independent House
5487,5-10,5,7,3,63453,3,10.48997,79.6151,Papanasam,Tiruvarur,1880000,343,31.51,Villa
674,5-10,2,3,1,64133,4,10.85692,79.43943,Needamangalam,Tiruvarur,1120000,1662,23.49,Apartment
2052,10+,3,4,2,73499,4,10.80459,79.69435,Needamangalam,Tiruvarur,1670000,814,7.24,Apartment
1609,5-10,3,6,1,17919,5,10.70714,79.55625,Muthupettai,Tiruvarur,1420000,883,11.4,Builder Floor
1963,0-1,1,3,1,42967,4,10.74017,79.62098,Papanasam,Tiruvarur,1720000,876,3.99,Apartment
2991,1-5,2,5,1,36862,5,10.73649,79.65152,Thiruthuraipoondi,Tiruvarur,2360000,789,4.33,Independent House
1124,1-5,2,3,1,30388,2,10.73112,79.71317,Mannargudi,Tiruvarur,1800000,1601,9.55,Independent House
469,5-10,4,5,4,38200,2,10.72522,79.623,Thiruthuraipoondi,Tiruvarur,1980000,4222,5.47,Apartment
837,1-5,3,5,2,57976,4,10.81908,79.67804,Mannargudi,Tiruvarur,1650000,1971,6.87,Independent House
842,10+,3,5,3,54815,6,10.75362,79.54247,Muthupettai,Tiruvarur,1210000,1437,10.5,Builder Floor
2158,5-10,1,3,1,26522,5,10.86789,79.62791,Muthupettai,Tiruvarur,1620000,751,10.64,Apartment
1728,5-10,2,3,2,29204,2,10.89007,79.63753,Valangaiman,Tiruvarur,1550000,897,13.06,Apartment
2114,10+,2,3,2,77683,2,10.78179,79.69604,Valangaiman,Tiruvarur,1230000,582,6.57,Apartment
959,5-10,4,5,4,53028,6,10.89616,79.60185,Thiruthuraipoondi,Tiruvarur,1530000,1595,14.25,Builder Floor
5693,10+,4,7,4,43929,6,10.72184,79.54534,Needamangalam,Tiruvarur,2800000,492,11.46,Villa
3034,0-1,4,5,4,47164,3,10.90383,79.69244,Muthupettai,Tiruvarur,2110000,695,15.82,Independent House
2140,0-1,2,4,2,39006,4,10.76501,79.57599,Valangaiman,Tiruvarur,2440000,1140,6.67,Apartment
2364,5-10,5,6,4,63364,2,10.95338,79.60428,Needamangalam,Tiruvarur,1280000,541,20.41,Independent House
2693,10+,5,7,4,53555,4,10.76025,79.58224,Mannargudi,Tiruvarur,2910000,1081,6.09,Villa
1470,5-10,1,2,1,37630,4,10.76982,79.64752,Mannargudi,Tiruvarur,2090000,1422,1.23,Apartment
915,1-5,2,5,1,57490,3,10.68441,79.64961,Mannargudi,Tiruvarur,2080000,2273,9.91,Independent House
480,10+,4,5,4,30702,5,10.86461,79.63102,Muthupettai,Tiruvarur,1320000,2750,10.25,Apartment
1442,0-1,3,6,2,38104,5,10.78663,79.62179,Thiruthuraipoondi,Tiruvarur,2100000,1456,2.25,Builder Floor
548,10+,3,4,1,49968,4,10.72855,79.67314,Papanasam,Tiruvarur,1530000,2792,6.32,Apartment
2663,1-5,4,7,4,18811,3,10.67099,79.43837,Needamangalam,Tiruvarur,2180000,819,24.43,Villa
1661,10+,3,4,2,25044,4,10.74039,79.55561,Mannargudi,Tiruvarur,1540000,927,9.54,Apartment
3264,1-5,4,7,3,46088,4,10.83367,79.55023,Needamangalam,Tiruvarur,3550000,1088,11.62,Villa
480,0-1,3,5,2,19306,4,10.77942,79.70386,Papanasam,Tiruvarur,1860000,3875,7.39,Apartment
3339,1-5,4,5,2,60677,5,10.87323,79.63588,Muthupettai,Tiruvarur,1980000,593,11.19,Independent House
1614,5-10,4,6,1,29170,2,10.7804,79.69176,Papanasam,Tiruvarur,1880000,1165,6.09,Builder Floor
2030,10+,2,4,2,56032,2,10.80182,79.52054,Thiruthuraipoondi,Tiruvarur,1150000,567,13.09,Apartment
3364,10+,0,0,0,38855,0,10.62401,79.65572,Valangaiman,Tiruvarur,670000,199,16.65,Plot
903,1-5,0,0,0,43070,0,10.84027,79.78532,Thiruthuraipoondi,Tiruvarur,610000,676,17.9,Plot
3462,10+,3,5,3,62753,6,10.7326,79.79163,Papanasam,Tiruvarur,1310000,378,17.51,Independent House
1284,1-5,2,3,1,35264,5,10.87774,79.66371,Mannargudi,Tiruvarur,1980000,1542,12.06,Apartment
785,5-10,3,4,3,62293,5,10.87208,79.7479,Papanasam,Tiruvarur,1600000,2038,16.44,Apartment
2123,1-5,4,6,1,76834,5,10.76569,79.64727,Needamangalam,Tiruvarur,2220000,1046,1.4,Apartment
2451,10+,3,5,4,36782,5,10.7438,79.58054,Thiruthuraipoondi,Tiruvarur,3090000,1261,6.91,Villa
1168,10+,2,3,1,45398,5,10.77793,79.65592,Muthupettai,Tiruvarur,1590000,1361,2.19,Apartment
2972,10+,3,5,1,56650,2,10.72877,79.5341,Thiruthuraipoondi,Tiruvarur,1520000,511,12.21,Independent House
2346,1-5,5,6,4,50882,2,10.73935,79.72526,Papanasam,Tiruvarur,2350000,1002,10.37,Independent House
5547,10+,3,6,4,54024,3,10.87467,79.62119,Muthupettai,Tiruvarur,2370000,427,11.47,Villa
1674,1-5,2,3,2,43666,6,10.77006,79.75302,Thiruthuraipoondi,Tiruvarur,1950000,1165,12.72,Independent House
2064,1-5,3,4,2,59514,3,10.69203,79.60441,Mannargudi,Tiruvarur,1860000,901,9.62,Apartment
1518,1-5,3,4,3,62591,5,10.87448,79.56633,Valangaiman,Tiruvarur,1630000,1074,13.68,Apartment
2207,5-10,4,6,2,63596,5,10.773,79.59137,Needamangalam,Tiruvarur,1900000,861,4.94,Apartment
1742,0-1,2,4,2,57606,2,10.91677,79.4382,Mannargudi,Tiruvarur,1200000,689,26.95,Apartment
1113,5-10,2,3,2,79514,5,10.68066,79.70604,Papanasam,Tiruvarur,1490000,1339,12.73,Apartment
549,1-5,1,3,1,31592,4,10.89032,79.47603,Papanasam,Tiruvarur,1420000,2587,21.88,Apartment
1134,5-10,1,3,1,36663,4,10.91508,79.74893,Papanasam,Tiruvarur,1150000,1014,20.04,Apartment
780,0-1,5,7,1,90251,2,10.75145,79.60113,Valangaiman,Tiruvarur,2470000,3167,4.53,Independent House
1391,10+,3,6,2,63434,3,10.77495,79.60386,Papanasam,Tiruvarur,1490000,1071,3.59,Builder Floor
2513,5-10,3,6,2,59520,4,10.74635,79.84727,Papanasam,Tiruvarur,1820000,724,23.2,Independent House
1611,1-5,0,0,0,61109,0,10.84575,79.53521,Muthupettai,Tiruvarur,790000,490,13.74,Plot
617,1-5,1,3,1,60497,2,11.21469,79.18329,T.Palur,Ariyalur,1360000,2204,14.1,Apartment
1932,0-1,4,6,1,35102,4,11.05074,79.11873,Andimadam,Ariyalur,1850000,958,11.0,Apartment
2364,5-10,3,4,2,46707,3,11.01151,79.0739,T.Palur,Ariyalur,1500000,635,14.43,Apartment
2581,5-10,2,4,1,59593,5,11.21277,79.0576,Andimadam,Ariyalur,1770000,686,8.26,Independent House
1680,10+,2,4,1,42464,4,11.23429,78.9702,Jayamkondam,Ariyalur,1390000,827,15.67,Apartment
1499,1-5,2,3,2,35656,5,11.04908,79.03381,Jayamkondam,Ariyalur,1400000,934,11.32,Apartment
2945,5-10,5,8,3,29035,6,11.16906,79.03655,Jayamkondam,Ariyalur,2380000,808,5.48,Independent House
2356,10+,1,2,1,35752,4,11.15538,79.10094,Sendurai,Ariyalur,1560000,662,2.96,Apartment
1704,5-10,4,5,1,49755,2,11.09197,79.31328,Kilpennathur,Ariyalur,1150000,675,26.25,Apartment
1769,0-1,2,3,1,34264,5,11.20843,79.08068,T.Palur,Ariyalur,1770000,1001,7.48,Apartment
2140,1-5,3,5,3,49149,2,11.18416,79.06008,T.Palur,Ariyalur,1780000,832,5.16,Apartment
1338,5-10,3,6,2,35072,3,11.27898,79.13399,Kilpennathur,Ariyalur,1560000,1166,16.49,Builder Floor
642,5-10,1,3,1,23412,5,11.14974,79.15789,Kilpennathur,Ariyalur,1680000,2617,8.77,Apartment
816,0-1,2,3,1,70722,4,11.20812,79.2195,Kilpennathur,Ariyalur,1860000,2279,17.14,Apartment
772,1-5,2,4,1,61881,4,11.07713,79.25304,Kilpennathur,Ariyalur,1210000,1567,20.38,Apartment
3259,10+,3,6,2,42245,5,11.18042,79.0942,T.Palur,Ariyalur,1770000,543,4.71,Independent House
1683,1-5,4,6,1,25728,4,11.15288,79.19511,Udayarpalayam,Ariyalur,1440000,856,12.84,Apartment
550,10+,3,4,3,70475,3,11.17446,79.03619,Andimadam,Ariyalur,1370000,2491,5.87,Apartment
3473,1-5,5,8,4,33696,5,11.19493,79.20442,Sendurai,Ariyalur,2430000,700,15.03,Villa
2345,0-1,4,5,4,80852,5,11.19861,78.99745,Kilpennathur,Ariyalur,2020000,861,10.86,Apartment
1921,0-1,2,4,1,47165,4,11.0801,79.00066,Andimadam,Ariyalur,1770000,921,10.83,Apartment
724,0-1,2,4,1,53132,2,11.17627,79.07774,Andimadam,Ariyalur,1690000,2334,3.9,Apartment
1072,5-10,3,5,2,46963,6,11.21465,79.07881,Kilpennathur,Ariyalur,1500000,1399,8.17,Builder Floor
2398,0-1,2,3,1,63772,3,11.16802,79.16887,Kilpennathur,Ariyalur,1550000,646,10.35,Apartment
1284,1-5,2,3,1,57732,2,11.03701,79.17513,T.Palur,Ariyalur,1660000,1293,15.7,Independent House
2378,0-1,4,7,1,49553,2,11.10188,79.06823,Kilpennathur,Ariyalur,2510000,1056,4.5,Independent House
719,5-10,2,3,1,27638,5,11.22208,79.02739,Jayamkondam,Ariyalur,1480000,2058,10.55,Apartment
941,1-5,3,5,3,51371,4,11.08294,79.1053,Andimadam,Ariyalur,1780000,1892,7.13,Apartment
2779,0-1,4,7,1,76943,4,11.20475,78.9878,Sendurai,Ariyalur,1770000,637,12.11,Independent House
2938,1-5,5,7,2,47424,4,11.17467,79.20519,T.Palur,Ariyalur,2590000,882,14.37,Villa
1599,10+,3,5,3,31362,3,11.13423,79.02143,Kilpennathur,Ariyalur,1400000,876,6.22,Apartment
2842,1-5,0,0,0,68857,0,11.13024,79.08551,Udayarpalayam,Ariyalur,860000,303,1.47,Plot
1719,0-1,3,5,3,52824,5,11.18572,79.10247,Sendurai,Ariyalur,1950000,1134,5.62,Apartment
5463,1-5,3,6,3,37750,3,11.13805,79.04755,Jayamkondam,Ariyalur,2770000,507,3.34,Villa
2499,10+,0,0,0,63230,0,11.1782,79.08393,Kilpennathur,Ariyalur,690000,276,4.16,Plot
1800,1-5,4,5,3,57803,3,11.02333,78.97974,Udayarpalayam,Ariyalur,1500000,833,16.93,Apartment
2017,10+,4,7,1,60402,3,11.25978,79.22052,T.Palur,Ariyalur,1450000,719,20.38,Independent House
2697,5-10,3,5,2,37641,6,11.15706,79.25209,T.Palur,Ariyalur,1730000,641,19.07,Independent House
2036,5-10,0,0,0,47061,0,11.08662,79.17557,Sendurai,Ariyalur,690000,339,12.25,Plot
1893,1-5,3,4,3,55362,5,11.02742,78.97971,Kilpennathur,Ariyalur,1480000,782,16.59,Builder Floor
2516,5-10,4,6,3,57019,3,11.08949,79.14776,Udayarpalayam,Ariyalur,2010000,799,9.54,Independent House
1576,5-10,0,0,0,65094,0,11.16883,79.08389,Sendurai,Ariyalur,970000,615,3.14,Plot
1818,5-10,3,4,1,60338,6,11.03003,79.0369,Sendurai,Ariyalur,1320000,726,13.15,Builder Floor
666,0-1,3,6,3,52177,6,11.18564,79.06379,Jayamkondam,Ariyalur,2340000,3514,5.18,Independent House
705,0-1,1,2,1,48354,4,11.11319,78.92395,Sendurai,Ariyalur,1210000,1716,17.09,Apartment
1042,1-5,2,3,1,48284,5,11.02056,79.19514,Sendurai,Ariyalur,1540000,1478,18.53,Apartment
3109,10+,3,5,3,49892,3,11.2277,79.1263,Jayamkondam,Ariyalur,1380000,444,10.97,Independent House
951,0-1,2,5,2,47196,5,11.13884,79.1982,Udayarpalayam,Ariyalur,1470000,1546,13.12,Independent House
5119,1-5,3,6,2,38675,3,11.1222,79.09578,Sendurai,Ariyalur,3910000,764,2.87,Villa
2044,10+,2,3,2,38210,2,11.10891,79.00748,Sendurai,Ariyalur,1430000,700,8.49,Apartment
2981,5-10,4,6,2,52584,5,11.15827,78.97637,T.Palur,Ariyalur,2600000,872,11.25,Villa
488,10+,1,3,1,66798,3,11.01398,79.10397,T.Palur,Ariyalur,1440000,2951,14.43,Apartment
683,10+,2,5,2,54131,5,11.32347,79.17934,Udayarpalayam,Ariyalur,990000,1449,23.09,Independent House
2128,10+,2,4,2,56097,4,11.25256,79.15307,Jayamkondam,Ariyalur,1330000,625,14.85,Apartment
2266,1-5,3,5,1,74251,3,11.14963,79.1418,Jayamkondam,Ariyalur,1870000,825,7.02,Apartment
1092,0-1,2,3,1,36695,5,11.22199,79.09273,Sendurai,Ariyalur,1360000,1245,9.13,Apartment
1516,5-10,2,4,2,48378,5,10.99322,79.16269,Jayamkondam,Ariyalur,1380000,910,18.87,Apartment
2082,5-10,3,6,3,46200,3,11.17146,79.07045,T.Palur,Ariyalur,2490000,1196,3.46,Villa
2037,5-10,3,6,1,38508,4,11.13405,79.11812,Jayamkondam,Ariyalur,2100000,1031,4.45,Independent House
2114,0-1,2,3,2,41481,5,11.10974,79.01231,Sendurai,Ariyalur,2080000,984,7.98,Apartment
2282,1-5,3,5,1,27126,2,11.14532,78.95262,Udayarpalayam,Ariyalur,1390000,609,13.69,Apartment
1731,5-10,0,0,0,30691,0,11.0913,79.04951,Kilpennathur,Ariyalur,800000,462,6.36,Plot
5730,5-10,3,6,3,47732,6,11.03266,79.06303,Kilpennathur,Ariyalur,2270000,396,12.18,Villa
924,1-5,2,4,2,29814,5,11.1322,79.09389,Udayarpalayam,Ariyalur,1660000,1797,2.0,Builder Floor
2865,1-5,2,5,2,52519,2,11.06897,79.16345,Sendurai,Ariyalur,1760000,614,12.31,Independent House
850,10+,3,4,3,60533,5,11.00452,79.1813,Kilpennathur,Ariyalur,910000,1071,18.92,Builder Floor
3790,1-5,0,0,0,54495,0,11.18677,78.99159,T.Palur,Ariyalur,940000,248,10.7,Plot
1746,10+,2,3,2,68586,3,11.1488,79.00363,Kilpennathur,Ariyalur,1390000,796,8.16,Apartment
1454,10+,2,3,1,5000,4,11.18918,79.00637,Sendurai,Ariyalur,1590000,1094,9.46,Apartment
2829,5-10,4,6,2,51894,4,11.01926,79.07809,Andimadam,Ariyalur,2580000,912,13.56,Villa
1238,1-5,2,3,2,63484,4,11.07917,79.05479,Sendurai,Ariyalur,1640000,1325,7.35,Apartment
2402,0-1,5,8,3,47958,6,11.14931,78.96897,Andimadam,Ariyalur,2810000,1170,11.93,Villa
3204,10+,0,0,0,32845,0,11.2361,78.93839,Andimadam,Ariyalur,650000,203,18.53,Plot
2907,5-10,3,4,1,16031,5,10.90718,78.97872,Kilpennathur,Ariyalur,1170000,402,28.19,Independent House
2523,5-10,2,4,2,29113,3,11.20336,79.27127,Kilpennathur,Ariyalur,1370000,543,22.19,Independent House
2293,10+,0,0,0,24271,0,11.15114,79.12548,Kilpennathur,Ariyalur,750000,327,5.3,Plot
3090,0-1,2,3,1,40397,3,11.11626,78.9951,Sendurai,Ariyalur,1900000,615,9.46,Independent House
812,10+,3,4,1,55241,3,11.26319,79.0647,Andimadam,Ariyalur,1460000,1798,13.64,Apartment
1862,5-10,3,4,2,50009,4,11.10839,78.97384,Udayarpalayam,Ariyalur,1530000,822,11.94,Apartment
2413,5-10,2,3,1,62327,4,11.05366,79.04943,Jayamkondam,Ariyalur,1550000,642,10.22,Apartment
2034,5-10,0,0,0,42984,0,11.12717,79.23166,Sendurai,Ariyalur,820000,403,16.84,Plot
891,1-5,0,0,0,46147,0,11.10743,79.07708,Udayarpalayam,Ariyalur,1050000,1178,3.76,Plot
2979,5-10,0,0,0,47291,0,11.13856,79.08017,Sendurai,Ariyalur,1140000,383,0.38,Plot
720,0-1,2,3,2,70955,5,11.339,79.03854,Kilpennathur,Ariyalur,1720000,2389,22.41,Independent House
1452,1-5,0,0,0,40814,0,11.1168,79.21416,Sendurai,Ariyalur,880000,606,15.1,Plot
2100,10+,2,4,1,29493,4,11.11358,79.17801,Jayamkondam,Ariyalur,1320000,629,11.34,Apartment
1615,1-5,0,0,0,64146,0,11.12271,79.15267,Jayamkondam,Ariyalur,910000,563,8.4,Plot
1489,0-1,4,5,2,38713,6,11.21408,79.11035,Jayamkondam,Ariyalur,1930000,1296,8.84,Builder Floor
2479,5-10,4,7,4,31915,4,11.17132,79.19719,Kilpennathur,Ariyalur,2000000,807,13.43,Villa
2717,0-1,2,5,1,52298,5,11.08654,79.13044,Andimadam,Ariyalur,2340000,861,8.35,Independent House
1724,0-1,3,5,2,49173,6,11.25453,79.197,T.Palur,Ariyalur,1760000,1021,18.09,Independent House
3396,1-5,3,5,4,50197,6,11.13751,79.18198,Sendurai,Ariyalur,3190000,939,11.35,Villa
1554,10+,4,6,1,30114,2,11.09715,78.99688,Udayarpalayam,Ariyalur,1280000,824,10.12,Apartment
2307,1-5,0,0,0,43459,0,11.27779,78.95139,T.Palur,Ariyalur,750000,325,20.53,Plot
1908,5-10,2,4,1,69698,3,11.23003,79.14159,Kilpennathur,Ariyalur,1420000,744,12.07,Builder Floor
2688,5-10,0,0,0,22163,0,11.19512,78.94743,Jayamkondam,Ariyalur,760000,283,15.45,Plot
977,10+,0,0,0,29923,0,11.01478,79.08248,Andimadam,Ariyalur,760000,778,14.07,Plot
860,10+,4,6,2,41362,2,11.00345,79.2491,Jayamkondam,Ariyalur,890000,1035,24.15,Builder Floor
2341,1-5,2,3,2,34305,2,11.12759,79.06208,Jayamkondam,Ariyalur,2070000,884,2.3,Apartment
679,1-5,1,3,1,31549,2,11.12075,78.98251,Udayarpalayam,Ariyalur,1700000,2504,10.66,Apartment
905,1-5,4,5,1,69745,3,11.17035,79.08737,Sendurai,Ariyalur,2070000,2287,3.4,Builder Floor
4672,0-1,5,8,3,63433,3,11.06385,79.05732,Jayamkondam,Ariyalur,3610000,773,8.89,Villa
1469,1-5,2,5,2,63040,6,11.19515,79.02358,Andimadam,Ariyalur,1790000,1219,8.44,Independent House
2438,5-10,2,3,1,46583,2,11.05478,79.22761,Jayamkondam,Ariyalur,1530000,628,18.94,Apartment
1958,5-10,2,4,1,38027,6,11.17553,78.98778,Udayarpalayam,Ariyalur,1090000,557,10.56,Builder Floor
1934,5-10,2,3,1,42951,4,11.12858,78.90135,Andimadam,Ariyalur,1030000,533,19.32,Apartment
1450,0-1,2,3,2,69891,4,11.14284,79.05165,Kilpennathur,Ariyalur,2210000,1524,2.88,Apartment
5880,10+,5,8,3,36179,3,11.15657,79.04378,Jayamkondam,Ariyalur,2810000,478,4.11,Villa
2414,0-1,3,4,3,43002,3,10.97858,78.95419,Udayarpalayam,Ariyalur,1520000,630,22.57,Apartment
1062,10+,3,4,2,60514,2,11.09744,79.05566,Jayamkondam,Ariyalur,1680000,1582,5.44,Apartment
5840,0-1,5,7,2,63087,6,11.12511,79.1002,Kilpennathur,Ariyalur,3930000,673,3.01,Villa
1159,5-10,0,0,0,45254,0,11.21676,79.09349,T.Palur,Ariyalur,700000,604,8.57,Plot
1958,5-10,2,3,1,58851,6,11.16509,78.99913,Udayarpalayam,Ariyalur,1670000,853,9.01,Independent House
1043,5-10,1,3,1,35798,2,11.17381,79.05604,Kilpennathur,Ariyalur,2020000,1937,4.35,Apartment
1645,1-5,1,2,1,44071,3,11.20092,78.94353,Kilpennathur,Ariyalur,1620000,985,16.1,Apartment
748,5-10,2,4,1,37912,2,11.2585,78.98619,Veppanthattai,Perambalur,1070000,1430,11.85,Apartment
756,1-5,2,4,1,62308,3,11.27772,78.94345,Veppanthattai,Perambalur,1580000,2090,8.41,Apartment
833,5-10,5,6,4,44351,2,11.32586,78.95309,Kunnam,Perambalur,1450000,1741,12.91,Independent House
1089,0-1,2,4,1,31855,2,11.28758,78.90938,Siruvachur,Perambalur,1890000,1736,6.72,Apartment
1516,10+,4,6,3,52047,2,11.2349,78.88667,Veppanthattai,Perambalur,1490000,983,0.69,Apartment
1738,0-1,5,6,5,39425,2,11.32826,78.90489,Valikandapuram,Perambalur,1770000,1018,10.79,Independent House
3495,0-1,0,0,0,72773,0,11.24723,78.88201,Kunnam,Perambalur,1160000,332,1.46,Plot
1845,1-5,2,4,1,58500,3,11.21909,78.95816,Valikandapuram,Perambalur,2060000,1117,8.65,Apartment
3230,0-1,4,6,4,46161,5,11.15816,78.86538,Valikandapuram,Perambalur,3480000,1077,8.61,Villa
632,0-1,2,4,1,59070,2,11.21717,78.88648,Kunnam,Perambalur,1760000,2785,2.01,Apartment
2374,5-10,3,4,1,35436,4,11.33361,78.92631,Alathur,Perambalur,1690000,712,12.13,Independent House
3415,1-5,4,6,2,50535,4,11.28147,78.7321,Valikandapuram,Perambalur,1990000,583,17.01,Independent House
688,1-5,3,4,3,46421,2,11.241,78.71581,Siruvachur,Perambalur,1610000,2340,17.97,Independent House
1044,10+,3,4,3,34958,3,11.12007,78.9196,Kunnam,Perambalur,1330000,1274,13.39,Apartment
1345,10+,1,3,1,20397,5,11.2028,78.81748,Alathur,Perambalur,1530000,1138,7.7,Apartment
2316,1-5,4,6,3,45618,3,11.18604,78.80712,Alathur,Perambalur,1580000,682,9.62,Apartment
488,1-5,3,5,3,46286,5,11.113,78.93158,Veppanthattai,Perambalur,1440000,2951,14.59,Apartment
3549,1-5,0,0,0,25202,0,11.04427,78.88987,Kunnam,Perambalur,740000,209,21.14,Plot
942,5-10,3,5,1,17292,6,11.2221,78.95929,Siruvachur,Perambalur,1680000,1783,8.71,Independent House
5081,10+,5,7,2,61301,5,11.2754,78.80827,Alathur,Perambalur,2020000,398,9.1,Villa
1677,1-5,0,0,0,51889,0,11.29748,78.93014,Siruvachur,Perambalur,880000,525,8.88,Plot
800,5-10,2,4,1,58481,5,11.35868,78.87202,Alathur,Perambalur,1290000,1612,13.87,Apartment
649,5-10,2,5,1,41451,4,11.16984,78.91004,Veppanthattai,Perambalur,1970000,3035,7.85,Independent House
1927,5-10,3,4,3,48789,3,11.25255,78.89896,Veppanthattai,Perambalur,1730000,898,2.87,Apartment
3864,0-1,4,6,4,41988,4,11.15721,79.00427,Alathur,Perambalur,2530000,655,16.0,Villa
3456,5-10,4,6,2,39975,2,11.19191,79.01342,Veppanthattai,Perambalur,1920000,556,15.25,Independent House
910,5-10,4,6,2,51494,6,11.25012,78.89366,Kunnam,Perambalur,1500000,1648,2.29,Builder Floor
515,1-5,3,5,1,40249,3,11.36418,78.81544,Kunnam,Perambalur,1300000,2524,16.1,Apartment
2119,10+,2,3,1,41921,4,11.25793,78.93191,Siruvachur,Perambalur,1560000,736,6.21,Apartment
3675,1-5,4,7,2,46040,4,11.10647,78.79528,Valikandapuram,Perambalur,2590000,705,16.97,Villa
1975,5-10,4,7,3,58601,2,11.31822,78.81615,Siruvachur,Perambalur,1750000,886,11.68,Independent House
1681,0-1,2,4,1,28714,2,11.19833,78.77446,Alathur,Perambalur,1680000,999,12.22,Apartment
2286,1-5,4,5,2,56918,3,11.24799,78.77152,Alathur,Perambalur,1900000,831,11.97,Independent House
933,5-10,3,5,3,54671,3,11.17804,78.839,Valikandapuram,Perambalur,1680000,1801,7.71,Independent House
1103,0-1,2,5,1,35375,4,11.2317,78.93348,Veppanthattai,Perambalur,1650000,1496,5.8,Builder Floor
2397,10+,1,2,1,40887,5,11.22879,78.88146,Valikandapuram,Perambalur,1370000,572,0.61,Apartment
939,0-1,1,3,1,51283,2,11.40581,78.80971,Valikandapuram,Perambalur,1500000,1597,20.58,Apartment
2327,0-1,3,4,1,70395,5,11.08035,78.7614,Siruvachur,Perambalur,1460000,627,21.48,Independent House
2039,1-5,2,4,1,41824,3,11.11717,78.85128,Veppanthattai,Perambalur,1590000,780,13.4,Apartment
2711,10+,3,5,2,48055,5,11.15253,78.92654,Valikandapuram,Perambalur,1470000,542,10.38,Independent House
2619,10+,3,4,3,45988,2,11.32239,78.82489,Kunnam,Perambalur,1630000,622,11.52,Independent House
1372,5-10,3,5,2,36100,4,11.32876,78.79923,Veppanthattai,Perambalur,990000,722,13.74,Builder Floor
2327,10+,2,3,1,50479,4,11.40946,78.84555,Siruvachur,Perambalur,820000,352,19.85,Apartment
1562,1-5,4,6,3,48942,3,11.24965,78.94212,Siruvachur,Perambalur,1970000,1261,6.95,Independent House
647,1-5,1,3,1,42546,2,11.22989,78.90359,Siruvachur,Perambalur,1780000,2751,2.57,Apartment
1004,1-5,1,2,1,57730,5,11.30577,78.90697,Kunnam,Perambalur,1650000,1643,8.47,Apartment
5300,0-1,3,5,2,34858,6,11.33119,78.85355,Alathur,Perambalur,3000000,566,11.18,Villa
866,0-1,2,4,1,26634,2,11.24546,78.80594,Alathur,Perambalur,1790000,2067,8.22,Apartment
730,5-10,3,4,3,66419,6,11.23609,78.98682,Veppanthattai,Perambalur,1650000,2260,11.61,Independent House
996,0-1,1,3,1,44432,2,11.18115,78.82809,Kunnam,Perambalur,1450000,1456,8.21,Apartment
2892,10+,3,6,2,46304,4,11.17974,78.83474,Valikandapuram,Perambalur,2600000,899,7.84,Villa
1539,0-1,0,0,0,31135,0,11.27534,78.95117,Valikandapuram,Perambalur,850000,552,8.97,Plot
3360,1-5,0,0,0,67830,0,11.24697,78.81462,Siruvachur,Perambalur,860000,256,7.31,Plot
1500,1-5,2,4,2,29934,2,11.12575,78.72412,Kunnam,Perambalur,1380000,920,20.88,Apartment
3547,10+,5,8,4,31784,3,11.29362,78.90858,Kunnam,Perambalur,2300000,648,7.29,Villa
841,5-10,2,4,2,34217,5,11.22736,78.93967,Siruvachur,Perambalur,1740000,2069,6.51,Apartment
1352,0-1,3,4,3,59499,5,11.10166,78.83789,Siruvachur,Perambalur,1220000,902,15.45,Apartment
1799,10+,2,3,2,46953,2,11.18872,78.80826,Siruvachur,Perambalur,1440000,800,9.35,Apartment
806,10+,1,3,1,51147,4,11.36121,79.01461,Kunnam,Perambalur,1220000,1514,20.34,Apartment
2233,10+,2,4,2,34514,2,11.1439,79.06223,Valikandapuram,Perambalur,1230000,551,22.23,Apartment
3333,1-5,2,5,1,61242,6,11.2693,78.77646,Veppanthattai,Perambalur,1910000,573,11.99,Independent House
1302,5-10,2,3,1,51309,4,11.36713,78.85885,Veppanthattai,Perambalur,1210000,929,14.97,Apartment
2240,1-5,2,3,1,44802,2,11.14881,78.9746,Siruvachur,Perambalur,1660000,741,13.99,Apartment
5927,10+,5,8,3,14753,4,11.30393,78.77393,Siruvachur,Perambalur,2060000,348,13.96,Villa
1931,1-5,3,5,1,41952,5,11.03348,78.81264,Veppanthattai,Perambalur,1590000,823,23.51,Independent House
1100,1-5,3,5,3,28149,5,11.20635,78.95979,Kunnam,Perambalur,1510000,1373,9.2,Apartment
3827,1-5,4,7,2,27245,6,11.27325,78.83607,Siruvachur,Perambalur,3230000,844,6.5,Villa
816,0-1,4,6,3,18062,6,11.24945,78.79903,Veppanthattai,Perambalur,2100000,2574,9.03,Independent House
926,5-10,2,3,1,56666,5,11.2955,78.90848,Siruvachur,Perambalur,1720000,1857,7.47,Apartment
2074,10+,0,0,0,36908,0,11.24737,78.77035,Kunnam,Perambalur,720000,347,12.09,Plot
2557,10+,0,0,0,52445,0,11.12659,78.90535,Valikandapuram,Perambalur,630000,246,12.27,Plot
2433,5-10,3,5,1,30935,5,11.21231,78.67534,Kunnam,Perambalur,1280000,526,22.5,Apartment
2540,10+,0,0,0,58657,0,11.25054,78.85696,Alathur,Perambalur,850000,335,3.14,Plot
3776,0-1,0,0,0,33575,0,11.27401,78.85998,Valikandapuram,Perambalur,980000,260,4.96,Plot
1324,5-10,2,4,2,48695,3,11.25292,78.81695,Valikandapuram,Perambalur,1400000,1057,7.23,Builder Floor
3026,1-5,0,0,0,48866,0,11.31334,78.79967,Siruvachur,Perambalur,850000,281,12.45,Plot
1790,10+,4,7,3,46662,4,11.21339,78.97923,Valikandapuram,Perambalur,1510000,844,11.02,Independent House
680,0-1,3,4,1,32923,5,11.09728,78.86917,Alathur,Perambalur,1260000,1853,15.27,Apartment
790,0-1,3,4,3,41134,4,11.46314,78.96667,Veppanthattai,Perambalur,1260000,1595,27.14,Apartment
4930,1-5,3,6,3,46894,5,11.29019,78.76423,Alathur,Perambalur,2830000,574,14.12,Villa
1182,10+,3,4,1,37664,5,11.34552,78.85484,Siruvachur,Perambalur,980000,829,12.69,Builder Floor
651,1-5,3,5,3,36863,5,11.24344,78.87606,Veppanthattai,Perambalur,1990000,3057,1.13,Apartment
715,1-5,4,7,1,34575,4,11.1203,78.87898,Siruvachur,Perambalur,1740000,2434,12.67,Independent House
1884,0-1,4,5,1,62416,6,11.17974,78.95016,Siruvachur,Perambalur,2280000,1210,9.72,Independent House
2291,10+,2,4,1,62170,5,11.24672,78.9087,Kunnam,Perambalur,1620000,707,3.39,Apartment
1098,1-5,4,6,4,31739,5,11.25192,78.85351,Veppanthattai,Perambalur,2040000,1858,3.53,Apartment
687,0-1,2,4,2,42910,3,11.17178,78.83605,Valikandapuram,Perambalur,1710000,2489,8.46,Apartment
1019,0-1,1,3,1,45590,4,11.19399,78.87842,Alathur,Perambalur,1600000,1570,4.48,Apartment
453,5-10,3,4,3,39363,5,11.23492,78.83252,Siruvachur,Perambalur,1710000,3775,5.22,Apartment
2148,1-5,5,8,2,29075,3,11.17038,78.87012,Siruvachur,Perambalur,2800000,1304,7.18,Villa
1053,0-1,2,5,2,31353,3,11.1513,78.87023,Alathur,Perambalur,1840000,1747,9.28,Independent House
1935,0-1,2,3,1,28434,6,11.20279,78.95319,Alathur,Perambalur,1570000,811,8.67,Independent House
2188,5-10,3,5,3,32287,3,11.20971,78.94206,Kunnam,Perambalur,1470000,672,7.26,Apartment
5373,5-10,3,6,4,50253,4,11.14359,78.84788,Kunnam,Perambalur,2910000,542,10.68,Villa
1749,1-5,0,0,0,53875,0,11.36955,78.80259,Siruvachur,Perambalur,560000,320,17.28,Plot
5013,5-10,4,7,4,43191,4,11.03691,78.89266,Kunnam,Perambalur,1850000,369,21.98,Villa
2811,10+,5,6,2,51983,5,11.12737,79.03304,Valikandapuram,Perambalur,1170000,416,20.45,Independent House
1550,0-1,1,3,1,46983,4,11.28799,78.96387,Valikandapuram,Perambalur,1800000,1161,10.89,Apartment
567,10+,2,3,2,24881,2,11.27845,78.9759,Valikandapuram,Perambalur,1030000,1817,11.52,Apartment
937,5-10,3,6,2,32857,3,11.24727,78.97237,Alathur,Perambalur,1330000,1419,10.14,Builder Floor
2098,5-10,1,3,1,43718,3,11.28567,78.98061,Veppanthattai,Perambalur,1300000,620,12.34,Apartment
714,1-5,2,3,2,46849,2,11.23623,78.88518,Kunnam,Perambalur,2030000,2843,0.57,Apartment
606,10+,2,4,2,18196,5,11.28442,78.8305,Kunnam,Perambalur,1220000,2013,7.8,Apartment
2046,10+,2,3,2,21389,2,11.15018,78.96476,Valikandapuram,Perambalur,1200000,587,13.11,Apartment
1897,10+,2,4,2,44613,3,11.08857,78.9205,Alathur,Perambalur,1210000,638,16.77,Independent House
1279,10+,1,2,1,59222,3,11.29896,79.00171,Valikandapuram,Perambalur,1340000,1048,15.06,Apartment
628,1-5,3,5,2,59759,3,11.16494,78.94486,Veppanthattai,Perambalur,1500000,2389,10.43,Apartment
2192,10+,1,2,1,37426,2,11.3143,78.85659,Kunnam,Perambalur,1530000,698,9.28,Apartment
916,5-10,1,2,1,30826,3,11.1467,78.8309,Valikandapuram,Perambalur,1450000,1583,11.13,Apartment
2397,10+,2,3,1,36647,4,11.28754,78.80784,Kunnam,Perambalur,1160000,484,9.89,Apartment
3302,10+,0,0,0,53050,0,12.51742,78.38663,Denkanikottai,Krishnagiri,820000,248,18.79,Plot
1229,5-10,2,3,1,39573,3,12.54496,78.42656,Denkanikottai,Krishnagiri,1810000,1473,23.18,Apartment
1071,5-10,2,4,2,81640,2,12.61377,78.20113,Kaveripattinam,Krishnagiri,2160000,2017,9.79,Apartment
3022,1-5,0,0,0,68758,0,12.48958,78.28189,Pochampalli,Krishnagiri,1490000,493,8.46,Plot
2250,5-10,2,3,1,36058,2,12.52156,78.17784,Shoolagiri,Krishnagiri,2440000,1084,3.94,Apartment
719,0-1,2,4,2,80155,6,12.51619,78.224,Pochampalli,Krishnagiri,2610000,3630,1.6,Independent House
3381,0-1,4,5,2,79175,5,12.60348,78.12244,Shoolagiri,Krishnagiri,2410000,713,13.09,Independent House
1665,5-10,3,4,1,74673,6,12.69259,78.31702,Kaveripattinam,Krishnagiri,1620000,973,21.59,Builder Floor
2108,5-10,2,4,1,57405,2,12.60746,78.29077,Mathur,Krishnagiri,1640000,778,12.27,Apartment
1247,10+,2,3,1,48289,3,12.47074,78.27826,Bargur,Krishnagiri,1700000,1363,9.36,Apartment
1386,5-10,3,5,1,53272,5,12.42853,78.32164,Bargur,Krishnagiri,2120000,1530,16.0,Apartment
2841,10+,0,0,0,77511,0,12.6153,78.09789,Pochampalli,Krishnagiri,940000,331,15.99,Plot
1033,1-5,4,6,4,67025,2,12.54642,78.44249,Kaveripattinam,Krishnagiri,1880000,1820,24.92,Independent House
1798,5-10,3,4,2,37717,3,12.59917,78.25491,Bargur,Krishnagiri,2210000,1229,9.22,Apartment
5973,5-10,3,5,4,88136,4,12.46699,78.15396,Bargur,Krishnagiri,4730000,792,9.28,Villa
1496,10+,1,3,1,75117,2,12.58068,78.30983,Pochampalli,Krishnagiri,1510000,1009,12.03,Apartment
3327,0-1,3,4,2,88621,6,12.49664,78.19188,Kaveripattinam,Krishnagiri,3440000,1034,4.09,Independent House
1355,1-5,2,4,1,76756,2,12.43964,78.13693,Hosur,Krishnagiri,2400000,1771,12.77,Apartment
2069,1-5,2,4,1,60164,6,12.56551,78.17407,Shoolagiri,Krishnagiri,2270000,1097,6.11,Independent House
779,5-10,2,4,1,106908,5,12.55598,78.19714,Hosur,Krishnagiri,2280000,2927,3.73,Apartment
971,10+,3,5,2,38015,4,12.54557,78.26273,Mathur,Krishnagiri,1760000,1813,5.71,Independent House
1326,5-10,3,4,3,45288,5,12.49002,78.30406,Denkanikottai,Krishnagiri,2070000,1561,10.61,Independent House
2267,5-10,3,5,3,30052,2,12.59423,78.22239,Hosur,Krishnagiri,2280000,1006,7.58,Apartment
5264,1-5,3,5,2,77358,4,12.64721,78.14245,Pochampalli,Krishnagiri,4290000,815,15.49,Villa
2220,10+,2,5,1,70838,3,12.51931,78.10137,Kaveripattinam,Krishnagiri,1920000,865,12.23,Independent House
611,10+,3,4,3,67757,3,12.48504,78.09083,Pochampalli,Krishnagiri,1830000,2995,14.13,Apartment
1428,1-5,4,6,4,87811,6,12.4982,78.15633,Hosur,Krishnagiri,3500000,2451,6.99,Independent House
1919,0-1,3,4,3,66826,6,12.54464,78.20696,Kaveripattinam,Krishnagiri,3260000,1699,2.14,Independent House
1052,1-5,0,0,0,62158,0,12.62631,78.09909,Kaveripattinam,Krishnagiri,870000,827,16.67,Plot
1891,1-5,2,5,2,47489,3,12.46285,78.06251,Hosur,Krishnagiri,1700000,899,17.89,Builder Floor
2763,10+,3,5,3,65214,6,12.34794,78.30609,Kaveripattinam,Krishnagiri,2550000,923,22.25,Villa
3202,10+,2,4,1,102816,4,12.50613,78.07804,Kaveripattinam,Krishnagiri,2270000,709,14.91,Independent House
2454,0-1,2,3,2,54213,5,12.60552,78.24625,Kaveripattinam,Krishnagiri,2760000,1125,9.46,Apartment
2272,10+,1,3,1,75833,4,12.53979,78.22114,Denkanikottai,Krishnagiri,2530000,1114,1.67,Apartment
858,5-10,2,3,2,70604,4,12.52428,78.26077,Kaveripattinam,Krishnagiri,2020000,2354,5.11,Apartment
2851,1-5,4,5,1,83648,3,12.65237,78.18392,Kaveripattinam,Krishnagiri,3020000,1059,14.36,Independent House
1689,1-5,1,3,1,50501,5,12.46844,78.20343,Denkanikottai,Krishnagiri,2190000,1297,6.56,Apartment
1713,1-5,2,5,2,53975,3,12.53231,78.20719,Bargur,Krishnagiri,2960000,1728,0.96,Builder Floor
624,1-5,1,3,1,39560,5,12.60444,78.21039,Kaveripattinam,Krishnagiri,2800000,4487,8.66,Apartment
660,5-10,2,3,2,81036,5,12.52164,78.09527,Mathur,Krishnagiri,2210000,3348,12.88,Apartment
2447,10+,2,4,1,59384,5,12.66715,78.26587,Denkanikottai,Krishnagiri,1880000,768,16.62,Apartment
2343,1-5,0,0,0,116721,0,12.51451,78.1541,Shoolagiri,Krishnagiri,1300000,555,6.62,Plot
990,1-5,2,3,1,83976,5,12.72562,78.21081,Denkanikottai,Krishnagiri,1980000,2000,22.13,Apartment
504,1-5,3,4,1,83680,3,12.49645,78.18761,Mathur,Krishnagiri,2360000,4683,4.4,Apartment
1139,1-5,2,5,2,24092,6,12.51048,78.34147,Bargur,Krishnagiri,2710000,2379,13.97,Independent House
1580,1-5,3,6,2,40608,6,12.66542,78.27003,Kaveripattinam,Krishnagiri,2030000,1285,16.6,Builder Floor
2970,5-10,5,6,4,88030,5,12.61081,78.14626,Hosur,Krishnagiri,2240000,754,11.89,Independent House
1830,1-5,1,3,1,46061,4,12.51667,78.14271,Shoolagiri,Krishnagiri,3220000,1760,7.8,Apartment
560,10+,2,3,2,45254,5,12.56775,78.15209,Denkanikottai,Krishnagiri,2110000,3768,8.11,Apartment
564,10+,2,3,1,38983,5,12.43366,78.26599,Pochampalli,Krishnagiri,1790000,3174,11.79,Apartment
2609,5-10,4,7,2,68589,5,12.58734,78.18404,Shoolagiri,Krishnagiri,3920000,1502,7.49,Villa
1729,1-5,2,3,1,96111,2,12.53735,78.24635,Mathur,Krishnagiri,2600000,1504,3.73,Apartment
2163,0-1,2,3,1,60318,4,12.54637,78.45401,Bargur,Krishnagiri,1960000,906,26.17,Apartment
1593,1-5,4,6,3,54989,3,12.45048,78.18906,Bargur,Krishnagiri,2190000,1375,8.88,Apartment
1522,10+,4,6,4,51306,4,12.4565,78.17825,Shoolagiri,Krishnagiri,2110000,1386,8.7,Independent House
4055,5-10,3,6,3,87888,5,12.50782,78.29507,Bargur,Krishnagiri,4090000,1009,9.07,Villa
2189,1-5,1,2,1,90274,5,12.53434,78.25903,Bargur,Krishnagiri,2020000,923,4.98,Apartment
2572,10+,3,5,1,84557,3,12.57247,78.11684,Mathur,Krishnagiri,2000000,778,11.69,Independent House
1038,10+,4,7,3,80750,6,12.47804,78.14504,Denkanikottai,Krishnagiri,1840000,1773,9.21,Builder Floor
1742,1-5,4,7,1,83320,6,12.5548,78.25121,Mathur,Krishnagiri,2540000,1458,5.13,Builder Floor
1306,5-10,2,3,1,94240,3,12.55821,78.219,Kaveripattinam,Krishnagiri,2350000,1799,3.56,Independent House
678,0-1,2,3,2,91772,2,12.57885,78.28135,Shoolagiri,Krishnagiri,2560000,3776,9.35,Independent House
1060,10+,2,3,2,54811,5,12.57959,78.30026,Hosur,Krishnagiri,1650000,1557,11.08,Builder Floor
3728,5-10,5,7,3,70093,4,12.68507,78.28471,Shoolagiri,Krishnagiri,3150000,845,19.23,Villa
1186,10+,2,5,1,54432,6,12.58843,78.20253,Denkanikottai,Krishnagiri,1510000,1273,6.98,Builder Floor
864,10+,2,4,2,58458,2,12.54532,78.26663,Denkanikottai,Krishnagiri,2190000,2535,6.1,Apartment
1738,5-10,0,0,0,88164,0,12.47516,78.21108,Bargur,Krishnagiri,1270000,731,5.73,Plot
763,5-10,2,4,2,91078,5,12.47401,78.2474,Denkanikottai,Krishnagiri,2310000,3028,6.89,Apartment
1795,5-10,3,5,2,56668,5,12.44111,78.29563,Shoolagiri,Krishnagiri,2160000,1203,13.01,Independent House
552,5-10,3,5,2,72088,5,12.57123,78.23125,Mathur,Krishnagiri,2330000,4221,5.31,Apartment
1668,1-5,2,3,1,76611,2,12.57663,78.21849,Bargur,Krishnagiri,2940000,1763,5.59,Apartment
1835,5-10,2,4,2,33214,4,12.52576,78.11565,Mathur,Krishnagiri,2420000,1319,10.65,Apartment
1481,5-10,0,0,0,110985,0,12.4574,78.19116,Hosur,Krishnagiri,920000,621,8.08,Plot
1011,1-5,2,4,2,83240,5,12.39755,78.28237,Hosur,Krishnagiri,2420000,2394,16.17,Apartment
1282,10+,3,5,2,80569,6,12.44413,78.10216,Pochampalli,Krishnagiri,1670000,1303,15.2,Builder Floor
3206,10+,4,7,3,86131,2,12.54611,78.29056,Mathur,Krishnagiri,2150000,671,8.61,Independent House
508,5-10,2,4,2,72959,4,12.43973,78.36238,Shoolagiri,Krishnagiri,1660000,3268,18.8,Apartment
2233,1-5,3,4,3,52496,5,12.4934,78.11961,Kaveripattinam,Krishnagiri,3080000,1379,10.87,Independent House
2051,5-10,4,5,4,46528,6,12.60992,78.0863,Shoolagiri,Krishnagiri,2290000,1117,16.65,Independent House
1102,1-5,3,5,2,59248,3,12.48628,78.39184,Shoolagiri,Krishnagiri,1830000,1661,19.84,Apartment
2290,1-5,1,3,1,68051,2,12.42114,78.28079,Bargur,Krishnagiri,1950000,852,13.8,Apartment
2288,5-10,3,5,3,48280,5,12.67243,78.27055,Bargur,Krishnagiri,1720000,752,17.35,Apartment
1792,10+,0,0,0,11557,0,12.31629,78.25446,Bargur,Krishnagiri,780000,435,23.8,Plot
1016,0-1,2,3,1,35957,6,12.62142,78.18345,Bargur,Krishnagiri,2270000,2234,11.05,Builder Floor
794,10+,1,2,1,107920,4,12.66325,78.15315,Mathur,Krishnagiri,1440000,1814,16.56,Apartment
620,5-10,2,4,1,86710,4,12.47568,78.28552,Denkanikottai,Krishnagiri,2040000,3290,9.63,Apartment
1867,5-10,0,0,0,79435,0,12.56748,78.23202,Mathur,Krishnagiri,1520000,814,4.96,Plot
5162,1-5,4,6,3,92089,3,12.42682,78.24541,Kaveripattinam,Krishnagiri,4290000,831,11.61,Villa
1718,1-5,0,0,0,44885,0,12.5568,78.16585,Mathur,Krishnagiri,1430000,832,6.19,Plot
1377,10+,3,5,2,66861,4,12.43151,78.29066,Hosur,Krishnagiri,1590000,1155,13.47,Builder Floor
545,1-5,2,4,2,25562,3,12.55957,78.20581,Bargur,Krishnagiri,2510000,4606,3.77,Apartment
2246,0-1,4,6,3,63496,4,12.55419,78.30886,Mathur,Krishnagiri,3380000,1505,10.76,Villa
1582,1-5,2,3,1,89387,5,12.4322,78.2484,Hosur,Krishnagiri,2350000,1485,11.15,Builder Floor
684,10+,2,3,2,59537,3,12.49702,78.17102,Kaveripattinam,Krishnagiri,2500000,3655,5.69,Apartment
3388,5-10,3,5,2,57575,4,12.5592,78.20642,Shoolagiri,Krishnagiri,2420000,714,3.71,Independent House
2275,10+,5,8,3,30204,4,12.46234,78.08219,Mathur,Krishnagiri,3270000,1437,15.97,Villa
2491,5-10,2,4,2,81420,2,12.59076,78.09927,Denkanikottai,Krishnagiri,2000000,803,14.33,Apartment
2864,10+,2,4,1,43487,3,12.60546,78.42523,Mathur,Krishnagiri,1630000,569,24.57,Independent House
1173,5-10,2,4,1,56326,2,12.45479,78.21851,Kaveripattinam,Krishnagiri,1930000,1645,8.0,Apartment
646,10+,4,6,1,39818,3,12.50253,78.08264,Hosur,Krishnagiri,2150000,3328,14.49,Apartment
981,0-1,1,3,1,87104,2,12.53814,78.35715,Mathur,Krishnagiri,2520000,2569,15.61,Apartment
2429,5-10,4,7,3,54142,4,12.33383,78.21198,Mathur,Krishnagiri,2120000,873,21.44,Independent House
1104,10+,4,7,4,26878,4,12.54252,78.22138,Mathur,Krishnagiri,2250000,2038,1.95,Builder Floor
1265,5-10,2,3,1,100445,4,12.4295,78.30107,Kaveripattinam,Krishnagiri,2560000,2024,14.36,Apartment
4599,1-5,5,8,4,20380,6,12.56312,78.22732,Bargur,Krishnagiri,5080000,1105,4.32,Villa
1572,5-10,3,5,1,70322,2,12.42693,78.20741,Kaveripattinam,Krishnagiri,1740000,1107,11.1,Apartment
450,5-10,2,3,1,89093,5,12.46362,78.10858,Mathur,Krishnagiri,2000000,4444,13.4,Apartment
1413,10+,2,3,1,97633,5,12.51576,78.21663,Pochampalli,Krishnagiri,2490000,1762,1.24,Apartment
2283,10+,2,3,1,70505,5,12.45485,78.18652,Shoolagiri,Krishnagiri,1940000,850,8.51,Apartment
581,5-10,4,5,4,80519,2,12.59575,78.18547,Bargur,Krishnagiri,2060000,3546,8.28,Apartment
2558,0-1,4,7,2,89413,4,12.50377,78.17865,Hosur,Krishnagiri,2600000,1016,4.58,Independent House
5860,1-5,4,7,3,57461,4,12.59127,78.2286,Hosur,Krishnagiri,5150000,879,7.37,Villa
1161,10+,4,5,4,60253,5,12.46003,78.25334,Hosur,Krishnagiri,1610000,1387,8.56,Builder Floor
1562,10+,4,5,1,89767,2,12.46322,78.19604,Hosur,Krishnagiri,2440000,1562,7.31,Apartment
3117,5-10,0,0,0,52987,0,12.38319,78.1505,Denkanikottai,Krishnagiri,1070000,343,17.36,Plot
3103,5-10,3,6,2,113836,6,12.60165,78.15093,Pochampalli,Krishnagiri,2360000,761,10.78,Independent House
3112,10+,0,0,0,41109,0,12.4369,78.28786,Bargur,Krishnagiri,820000,263,12.81,Plot
2817,1-5,3,6,3,77421,5,12.67222,78.28846,Kaveripattinam,Krishnagiri,2770000,983,18.11,Independent House
629,1-5,5,7,5,77285,2,12.52753,78.14772,Pochampalli,Krishnagiri,2620000,4165,7.17,Independent House
1762,10+,1,2,1,79704,3,12.39746,78.19936,Shoolagiri,Krishnagiri,1600000,908,14.45,Apartment
2598,10+,5,7,4,68111,4,12.65306,78.19062,Mathur,Krishnagiri,3010000,1159,14.28,Villa
891,1-5,1,3,1,44440,2,12.44292,78.25069,Pochampalli,Krishnagiri,2420000,2716,10.13,Apartment
1996,10+,2,4,1,72618,2,12.62363,78.27223,Kaveripattinam,Krishnagiri,2010000,1007,12.51,Apartment
669,1-5,2,3,2,72919,2,12.63197,77.93892,Denkanikottai,Krishnagiri,1420000,2123,32.05,Apartment
627,5-10,2,4,1,48828,3,12.4985,78.29055,Denkanikottai,Krishnagiri,2030000,3238,8.9,Apartment
4293,5-10,5,7,4,52142,5,12.52309,78.11696,Pochampalli,Krishnagiri,3920000,913,10.52,Villa
3266,0-1,4,7,2,59886,3,12.38286,78.34465,Shoolagiri,Krishnagiri,2750000,842,21.38,Independent House
2184,10+,3,4,3,43330,5,12.5633,78.32965,Hosur,Krishnagiri,2030000,929,13.22,Apartment
1001,1-5,3,6,2,54523,3,12.55677,78.17468,Pochampalli,Krishnagiri,2660000,2657,5.41,Independent House
877,5-10,4,7,4,93265,5,12.48517,78.25755,Mathur,Krishnagiri,1600000,1824,6.62,Builder Floor
4294,0-1,5,8,4,52910,6,12.51161,78.19626,Hosur,Krishnagiri,5300000,1234,2.53,Villa
913,10+,3,4,3,62507,4,12.50993,78.17277,Pochampalli,Krishnagiri,2030000,2223,4.82,Apartment
907,1-5,3,4,2,69734,2,12.51201,78.16428,Pochampalli,Krishnagiri,2420000,2668,5.61,Independent House
1709,1-5,2,3,1,56249,3,12.58535,78.15591,Hosur,Krishnagiri,2570000,1504,9.06,Apartment
1746,0-1,2,4,2,84499,3,12.61911,78.09689,Mathur,Krishnagiri,2420000,1386,16.33,Apartment
1695,5-10,3,4,3,95549,3,12.68344,78.14995,Shoolagiri,Krishnagiri,1640000,968,18.77,Apartment
2703,5-10,3,6,2,38474,2,12.53142,78.24065,Mathur,Krishnagiri,2540000,940,2.96,Independent House
2338,10+,2,4,1,36241,3,12.46767,78.18142,Denkanikottai,Krishnagiri,1820000,778,7.44,Apartment
1705,5-10,0,0,0,78057,0,12.46873,78.22283,Pochampalli,Krishnagiri,1130000,663,6.51,Plot
4216,0-1,4,7,2,60861,6,12.43634,78.15825,Kaveripattinam,Krishnagiri,4270000,1013,11.71,Villa
1650,1-5,3,4,3,54698,3,12.49795,78.28453,Shoolagiri,Krishnagiri,1840000,1115,8.31,Apartment
2275,0-1,3,4,3,77586,4,12.62958,78.20107,Denkanikottai,Krishnagiri,2610000,1147,11.53,Apartment
2989,5-10,3,6,3,79218,4,12.65148,78.15796,Hosur,Krishnagiri,1530000,512,15.15,Independent House
2384,1-5,3,6,2,77207,6,12.48495,78.202,Kaveripattinam,Krishnagiri,3310000,1388,4.81,Independent House
2360,1-5,2,5,1,67484,6,12.56549,78.17487,Kaveripattinam,Krishnagiri,2400000,1017,6.05,Independent House
1411,1-5,3,5,3,62533,6,12.35616,78.16191,Shoolagiri,Krishnagiri,1660000,1176,19.77,Builder Floor
648,5-10,1,3,1,53843,2,12.49501,78.26607,Shoolagiri,Krishnagiri,2110000,3256,6.67,Apartment
5734,10+,4,6,4,85638,5,12.41021,78.21518,Shoolagiri,Krishnagiri,2890000,504,12.94,Villa
1274,5-10,4,6,2,74258,3,12.54007,78.29679,Denkanikottai,Krishnagiri,1950000,1531,9.13,Apartment
2262,10+,2,3,2,70335,5,12.6054,78.24903,Hosur,Krishnagiri,2200000,973,9.56,Apartment
3021,5-10,3,4,2,111476,3,12.58062,78.19611,Kaveripattinam,Krishnagiri,3070000,1016,6.31,Independent House
2004,5-10,1,3,1,62607,3,12.54007,78.24038,Bargur,Krishnagiri,2820000,1407,3.25,Apartment
1347,0-1,4,6,2,73011,4,12.69148,78.11748,Pochampalli,Krishnagiri,1910000,1418,21.1,Apartment
1274,5-10,3,6,1,44055,5,12.51121,78.22865,Bargur,Krishnagiri,2670000,2096,2.35,Independent House
3078,1-5,3,4,2,69025,2,12.3642,78.26522,Shoolagiri,Krishnagiri,2780000,903,18.9,Independent House
2333,5-10,2,4,2,47610,3,12.56688,78.29039,Hosur,Krishnagiri,2180000,934,9.44,Apartment
1112,10+,3,4,2,62372,5,12.4197,78.21427,Mathur,Krishnagiri,1290000,1160,11.89,Apartment
2484,1-5,5,7,3,102684,6,12.51853,78.12622,Pochampalli,Krishnagiri,4120000,1659,9.55,Villa
2248,5-10,0,0,0,41390,0,12.4834,78.16401,Hosur,Krishnagiri,1180000,525,7.23,Plot
1439,10+,3,5,2,79753,3,12.33096,78.29722,Pochampalli,Krishnagiri,1680000,1167,23.56,Apartment
804,1-5,4,5,2,44760,3,12.38823,78.22296,Pochampalli,Krishnagiri,2760000,3433,15.42,Independent House
1085,1-5,4,6,2,32673,5,12.15231,78.22858,Nallampalli,Dharmapuri,1680000,1548,8.11,Apartment
2491,5-10,3,6,3,28273,6,12.14728,78.04182,Pennagaram,Dharmapuri,1660000,666,12.8,Independent House
1017,10+,3,4,1,41999,2,12.13031,78.26471,Nallampalli,Dharmapuri,1180000,1160,11.6,Apartment
2144,1-5,4,5,3,33055,2,12.0914,78.27367,Palacode,Dharmapuri,1640000,765,13.24,Apartment
1556,1-5,4,5,1,44419,4,12.09501,77.98482,Nallampalli,Dharmapuri,1850000,1189,19.19,Independent House
3470,10+,4,6,2,34792,2,12.31211,78.13495,Harur,Dharmapuri,1640000,473,20.56,Independent House
2720,1-5,3,5,1,42147,3,12.15642,78.23631,Karimangalam,Dharmapuri,2210000,812,9.06,Independent House
1230,1-5,1,3,1,61906,3,12.11477,78.18019,Palacode,Dharmapuri,1800000,1463,2.86,Apartment
4735,5-10,3,6,3,16878,6,12.14485,78.22175,Morappur,Dharmapuri,2860000,604,7.16,Villa
1773,10+,2,3,2,54703,3,12.07589,78.1503,Pennagaram,Dharmapuri,1640000,925,5.92,Apartment
2321,5-10,3,5,3,51687,4,12.06547,78.23958,Harur,Dharmapuri,2020000,870,11.31,Independent House
601,5-10,2,4,2,59470,5,12.3635,78.26244,Palacode,Dharmapuri,1140000,1897,28.48,Apartment
5620,0-1,3,5,3,72001,5,12.12802,78.07271,Morappur,Dharmapuri,3590000,639,9.27,Villa
2697,0-1,5,8,3,64457,5,12.13599,78.25635,Harur,Dharmapuri,3110000,1153,10.72,Villa
2363,5-10,2,3,2,18770,3,12.07222,78.12114,Pennagaram,Dharmapuri,1890000,800,7.44,Apartment
5178,1-5,3,5,4,70936,3,12.09843,78.20136,Harur,Dharmapuri,3590000,693,5.79,Villa
1007,5-10,2,4,1,46004,2,12.24093,78.11475,Karimangalam,Dharmapuri,1610000,1599,13.35,Apartment
1257,10+,5,8,2,31183,2,12.04116,78.07693,Pennagaram,Dharmapuri,1400000,1114,13.12,Independent House
3652,0-1,4,6,4,65433,6,11.97144,78.16401,Pennagaram,Dharmapuri,2800000,767,17.49,Villa
1693,1-5,5,7,3,73826,3,12.13739,78.12812,Pennagaram,Dharmapuri,2080000,1229,3.39,Independent House
1445,5-10,2,3,1,49644,2,12.10123,78.09077,Morappur,Dharmapuri,1830000,1266,7.92,Apartment
3208,1-5,4,7,4,54106,3,12.10252,78.1498,Pennagaram,Dharmapuri,2860000,892,3.03,Villa
3448,5-10,0,0,0,17677,0,12.206,78.35368,Pennagaram,Dharmapuri,830000,241,22.95,Plot
1302,10+,0,0,0,61713,0,12.1338,78.26575,Karimangalam,Dharmapuri,590000,453,11.73,Plot
1706,5-10,1,2,1,28428,3,12.09202,78.20848,Morappur,Dharmapuri,1580000,926,6.83,Apartment
643,1-5,4,5,2,33596,3,12.08878,78.1863,Karimangalam,Dharmapuri,2320000,3608,5.39,Independent House
1323,10+,2,5,2,19316,4,12.02676,78.15086,Pennagaram,Dharmapuri,1160000,877,11.35,Builder Floor
688,10+,3,4,1,54398,2,12.26838,77.96355,Morappur,Dharmapuri,1150000,1672,26.23,Apartment
637,10+,3,4,2,74312,4,12.05275,78.14186,Pennagaram,Dharmapuri,1580000,2480,8.61,Apartment
1202,5-10,4,7,3,45388,3,12.07146,78.12772,Harur,Dharmapuri,1940000,1614,7.16,Independent House
1647,1-5,0,0,0,45164,0,12.05534,78.30082,Pennagaram,Dharmapuri,690000,419,17.54,Plot
1402,0-1,4,7,1,42229,3,12.17446,78.1108,Pennagaram,Dharmapuri,1500000,1070,7.23,Builder Floor
768,5-10,1,3,1,64851,5,12.10902,78.20613,Morappur,Dharmapuri,1550000,2018,5.67,Apartment
1832,5-10,4,7,2,31919,2,12.12811,78.23303,Palacode,Dharmapuri,1580000,862,8.16,Builder Floor
1085,5-10,3,5,3,43653,5,12.13394,78.16474,Palacode,Dharmapuri,1820000,1677,0.94,Apartment
628,1-5,2,4,1,19902,4,12.10503,78.10606,Pennagaram,Dharmapuri,2000000,3185,6.23,Apartment
2186,1-5,3,4,3,56941,2,12.11756,78.06276,Palacode,Dharmapuri,1920000,878,10.43,Independent House
3118,1-5,5,8,2,68846,6,12.07037,78.0903,Karimangalam,Dharmapuri,2720000,872,9.8,Independent House
2843,0-1,2,3,1,31108,2,12.19512,78.09497,Nallampalli,Dharmapuri,2490000,876,10.08,Independent House
1587,0-1,1,3,1,55726,5,12.02013,78.14974,Palacode,Dharmapuri,1660000,1046,12.09,Apartment
1957,0-1,4,5,2,70197,3,12.06356,78.1176,Morappur,Dharmapuri,2230000,1139,8.46,Independent House
701,10+,2,3,1,50832,5,12.06088,78.0971,Karimangalam,Dharmapuri,1690000,2411,10.03,Apartment
1938,10+,2,4,1,52094,5,12.12615,78.05307,Nallampalli,Dharmapuri,1150000,593,11.41,Builder Floor
617,1-5,4,7,1,65759,4,12.13499,78.20652,Karimangalam,Dharmapuri,1980000,3209,5.32,Independent House
917,0-1,3,6,1,38005,4,12.1037,78.05745,Karimangalam,Dharmapuri,1620000,1767,11.28,Builder Floor
1624,5-10,4,6,4,61417,4,12.12898,78.23928,Karimangalam,Dharmapuri,1960000,1207,8.84,Independent House
459,0-1,1,2,1,31896,3,12.1987,78.18928,Nallampalli,Dharmapuri,1620000,3529,8.5,Apartment
5625,5-10,3,5,2,53665,5,12.06034,78.08818,Nallampalli,Dharmapuri,3160000,562,10.73,Villa
2035,5-10,2,3,2,35574,2,12.16417,78.13501,Karimangalam,Dharmapuri,1760000,865,4.68,Apartment
735,5-10,1,3,1,39020,2,12.19636,78.19315,Harur,Dharmapuri,1700000,2313,8.45,Apartment
1646,5-10,3,5,3,69271,5,12.19865,78.05036,Nallampalli,Dharmapuri,1320000,802,14.06,Builder Floor
2286,1-5,2,3,2,65156,4,12.13788,78.2123,Karimangalam,Dharmapuri,1920000,840,5.99,Apartment
645,1-5,1,3,1,45121,3,12.13176,78.13853,Pennagaram,Dharmapuri,1590000,2465,2.15,Apartment
1372,10+,0,0,0,35730,0,12.2758,78.18157,Morappur,Dharmapuri,610000,445,16.57,Plot
1842,1-5,3,5,1,49595,5,12.11818,78.20436,Pennagaram,Dharmapuri,2260000,1227,5.17,Independent House
3255,0-1,3,6,1,40277,3,12.07039,78.10829,Nallampalli,Dharmapuri,2430000,747,8.43,Independent House
5879,5-10,5,8,2,45312,3,12.2086,78.08743,Karimangalam,Dharmapuri,2450000,417,11.75,Villa
3465,5-10,2,3,1,67377,3,11.93964,78.21183,Palacode,Dharmapuri,1380000,398,21.81,Independent House
1419,5-10,1,2,1,51215,5,12.22052,78.14901,Pennagaram,Dharmapuri,1450000,1022,10.27,Apartment
1596,0-1,3,5,2,54419,2,12.09664,78.13742,Pennagaram,Dharmapuri,2140000,1341,4.2,Apartment
1907,5-10,3,4,3,21310,5,12.15418,78.1417,Pennagaram,Dharmapuri,1940000,1017,3.35,Apartment
512,10+,1,2,1,59633,4,12.16218,78.23986,Harur,Dharmapuri,1070000,2090,9.65,Apartment
2662,5-10,3,5,3,57846,4,12.1602,78.05603,Morappur,Dharmapuri,2550000,958,11.63,Villa
1750,10+,2,3,1,34176,4,12.21068,78.11352,Morappur,Dharmapuri,1830000,1046,10.33,Apartment
2980,1-5,3,6,1,43806,2,12.24362,78.10639,Nallampalli,Dharmapuri,2380000,799,13.97,Independent House
1515,5-10,3,6,2,59905,2,12.20184,78.25461,Harur,Dharmapuri,2130000,1406,13.29,Independent House
2688,10+,4,5,2,24699,4,12.16798,78.28064,Pennagaram,Dharmapuri,1520000,565,14.03,Independent House
1125,5-10,2,3,1,73580,4,12.01298,78.13806,Karimangalam,Dharmapuri,1950000,1733,13.04,Independent House
1930,1-5,2,4,1,88456,3,12.14341,78.1248,Pennagaram,Dharmapuri,2050000,1062,3.97,Independent House
2014,1-5,3,4,3,32711,5,12.10424,78.18492,Morappur,Dharmapuri,1760000,874,3.99,Apartment
856,1-5,2,3,1,39117,2,12.15034,78.24817,Nallampalli,Dharmapuri,2080000,2430,10.1,Apartment
805,5-10,1,3,1,64436,4,12.15348,78.16641,Nallampalli,Dharmapuri,1650000,2050,2.91,Apartment
690,0-1,2,4,1,33231,3,12.06158,78.16668,Palacode,Dharmapuri,2000000,2899,7.51,Apartment
838,1-5,4,5,2,47116,3,12.05777,78.075,Morappur,Dharmapuri,1990000,2375,11.98,Apartment
2143,5-10,2,3,2,62719,2,12.19977,78.2119,Nallampalli,Dharmapuri,1880000,877,9.85,Apartment
2019,0-1,1,3,1,50958,3,12.17848,78.19162,Morappur,Dharmapuri,2370000,1174,6.64,Apartment
526,0-1,3,4,3,51100,4,12.12148,78.16766,Morappur,Dharmapuri,2090000,3973,1.32,Apartment
2255,5-10,5,8,5,5000,2,12.33775,78.24656,Karimangalam,Dharmapuri,1530000,678,25.17,Independent House
3017,10+,2,4,1,60673,5,12.11809,78.09243,Karimangalam,Dharmapuri,2170000,719,7.22,Independent House
1113,1-5,2,4,2,50878,4,12.06322,78.13722,Harur,Dharmapuri,1870000,1680,7.61,Apartment
1792,0-1,2,4,2,33672,4,12.13866,78.15708,Pennagaram,Dharmapuri,2490000,1390,1.12,Apartment
1095,10+,2,3,1,61013,5,12.13719,78.09387,Pennagaram,Dharmapuri,1510000,1379,7.04,Independent House
3631,5-10,0,0,0,28378,0,12.0305,78.0924,Karimangalam,Dharmapuri,1040000,286,13.03,Plot
1647,10+,3,4,3,56723,4,12.27441,78.26068,Karimangalam,Dharmapuri,1110000,674,19.68,Apartment
682,1-5,2,3,1,64839,5,11.99932,78.28592,Nallampalli,Dharmapuri,1170000,1716,20.0,Apartment
1239,5-10,0,0,0,73286,0,12.03022,78.3786,Karimangalam,Dharmapuri,500000,404,26.36,Plot
1345,10+,2,3,2,33281,5,12.09178,78.31148,Nallampalli,Dharmapuri,1400000,1041,17.18,Apartment
2334,1-5,3,6,2,26761,3,12.131,78.10983,Morappur,Dharmapuri,1950000,835,5.24,Independent House
1532,10+,3,5,3,83120,4,12.00874,78.20854,Pennagaram,Dharmapuri,1340000,875,14.42,Apartment
1762,0-1,0,0,0,51098,0,12.11807,78.32047,Karimangalam,Dharmapuri,890000,505,17.7,Plot
1565,10+,0,0,0,37103,0,12.09448,78.05399,Morappur,Dharmapuri,780000,498,11.93,Plot
4459,10+,3,6,2,24000,5,12.23083,78.13804,Palacode,Dharmapuri,2700000,606,11.57,Villa
1730,10+,4,7,1,64988,5,12.04239,78.13885,Morappur,Dharmapuri,1750000,1012,9.81,Independent House
1726,0-1,0,0,0,66115,0,11.96258,78.17225,Pennagaram,Dharmapuri,840000,487,18.53,Plot
1838,10+,4,6,3,44226,5,11.92963,78.12269,Nallampalli,Dharmapuri,910000,495,22.46,Builder Floor
2210,1-5,3,4,2,43616,4,12.19753,77.99913,Karimangalam,Dharmapuri,1670000,756,18.89,Apartment
1329,5-10,3,5,2,43454,4,12.15578,78.02508,Nallampalli,Dharmapuri,1540000,1159,14.76,Builder Floor
5448,1-5,4,7,2,69524,5,12.11869,78.14812,Morappur,Dharmapuri,2630000,483,1.54,Villa
866,10+,3,5,3,47461,4,12.16907,78.11361,Nallampalli,Dharmapuri,1690000,1952,6.6,Apartment
1591,5-10,3,5,2,51301,4,12.13625,78.10882,Palacode,Dharmapuri,1730000,1087,5.41,Apartment
503,0-1,3,5,1,61158,4,12.16454,78.18839,Morappur,Dharmapuri,2210000,4394,5.19,Apartment
3068,1-5,4,5,3,35078,6,12.11089,78.12543,Pennagaram,Dharmapuri,2410000,786,4.05,Independent House
2140,5-10,0,0,0,42870,0,12.13898,78.157,Harur,Dharmapuri,1060000,495,1.16,Plot
1545,10+,3,6,3,31741,5,12.22497,78.25341,Karimangalam,Dharmapuri,1560000,1010,14.91,Independent House
1803,1-5,1,2,1,66786,2,12.022,78.22703,Karimangalam,Dharmapuri,1710000,948,14.03,Apartment
3443,1-5,4,7,4,57683,3,12.0862,78.10912,Palacode,Dharmapuri,2750000,799,7.1,Independent House
3656,5-10,0,0,0,37867,0,12.19027,78.22812,Palacode,Dharmapuri,940000,257,10.25,Plot
2052,10+,3,4,3,36136,4,12.16938,78.20888,Nallampalli,Dharmapuri,1600000,780,7.15,Apartment
2117,0-1,2,4,1,65046,4,12.14762,78.08562,Harur,Dharmapuri,2510000,1186,8.15,Apartment
1844,5-10,2,5,1,42700,5,12.24989,78.18554,Karimangalam,Dharmapuri,1440000,781,13.82,Independent House
1546,1-5,3,4,3,44770,6,12.16583,78.0991,Nallampalli,Dharmapuri,2020000,1307,7.62,Independent House
3447,1-5,3,5,2,53848,3,12.26986,78.12567,Harur,Dharmapuri,2240000,650,16.1,Independent House
940,5-10,3,5,3,37772,5,12.08488,78.27258,Pennagaram,Dharmapuri,1280000,1362,13.37,Apartment
507,10+,1,3,1,55782,5,12.28742,78.1657,Palacode,Dharmapuri,1110000,2189,17.68,Apartment
580,5-10,3,5,1,71114,5,12.20388,78.15194,Karimangalam,Dharmapuri,1870000,3224,8.4,Apartment
1618,5-10,2,3,2,65876,4,12.08265,78.1351,Palacode,Dharmapuri,1650000,1020,5.68,Apartment
1827,10+,2,4,1,55124,3,12.16503,78.03637,Palacode,Dharmapuri,1160000,635,13.83,Apartment
1814,0-1,3,5,3,49427,5,11.97046,78.16819,Pennagaram,Dharmapuri,1590000,877,17.62,Apartment
1686,1-5,3,4,2,55182,4,12.18524,78.11674,Harur,Dharmapuri,1840000,1091,7.73,Apartment
2326,0-1,2,4,1,54458,5,12.16767,78.16383,Palacode,Dharmapuri,1990000,856,4.39,Apartment
2724,10+,3,4,3,77237,2,12.43754,78.53987,Vaniyambadi,Tirupattur,1930000,709,7.43,Independent House
1226,10+,2,5,1,51028,5,12.57199,78.52959,Vaniyambadi,Tirupattur,1500000,1223,9.68,Independent House
875,0-1,3,4,1,48711,4,12.41015,78.68504,Natrampalli,Tirupattur,2220000,2537,15.45,Independent House
2122,1-5,4,6,4,64308,4,12.60421,78.43843,Jolarpet,Tirupattur,2520000,1188,18.93,Villa
1534,10+,5,7,2,75961,3,12.44637,78.55277,Jolarpet,Tirupattur,1530000,997,5.94,Builder Floor
641,0-1,4,6,3,75717,2,12.48586,78.55955,Vaniyambadi,Tirupattur,2550000,3978,1.85,Apartment
1233,1-5,4,6,1,59744,2,12.4951,78.51932,Vaniyambadi,Tirupattur,2150000,1744,5.84,Apartment
3470,1-5,3,5,1,69035,4,12.44691,78.57945,Vaniyambadi,Tirupattur,2140000,617,5.5,Independent House
1179,10+,5,6,3,35657,5,12.59565,78.64243,Ambur,Tirupattur,1540000,1306,13.39,Independent House
2120,5-10,3,6,1,59018,2,12.40065,78.5776,Natrampalli,Tirupattur,2150000,1014,10.61,Independent House
631,1-5,3,5,2,66858,4,12.48353,78.627,Jolarpet,Tirupattur,2300000,3645,6.01,Apartment
1672,5-10,2,3,1,42337,5,12.54165,78.55244,Natrampalli,Tirupattur,1890000,1130,5.55,Apartment
1806,10+,5,7,1,61858,3,12.53853,78.6074,Ambur,Tirupattur,1300000,720,6.02,Builder Floor
1232,5-10,1,2,1,64667,4,12.34436,78.57921,Natrampalli,Tirupattur,1640000,1331,16.87,Apartment
896,5-10,4,5,2,24589,4,12.49274,78.53838,Madhanur,Tirupattur,1950000,2176,3.79,Apartment
2036,5-10,2,3,2,41998,4,12.51389,78.54088,Jolarpet,Tirupattur,2030000,997,4.02,Apartment
1591,1-5,4,5,2,47382,3,12.58083,78.46834,Vaniyambadi,Tirupattur,1800000,1131,14.77,Apartment
1817,5-10,0,0,0,58920,0,12.42847,78.67773,Jolarpet,Tirupattur,840000,462,13.62,Plot
1717,10+,3,5,2,56722,5,12.53168,78.48571,Natrampalli,Tirupattur,1410000,821,10.28,Apartment
2534,1-5,0,0,0,26153,0,12.48899,78.48593,Ambur,Tirupattur,940000,371,9.5,Plot
2768,1-5,3,6,2,62037,6,12.43175,78.45049,Ambur,Tirupattur,2460000,889,15.11,Independent House
1502,0-1,0,0,0,75698,0,12.44006,78.56781,Madhanur,Tirupattur,1240000,826,6.25,Plot
5811,5-10,4,7,4,66950,3,12.44028,78.57027,Natrampalli,Tirupattur,3300000,568,6.2,Villa
5283,10+,5,7,4,60010,6,12.38301,78.60111,Madhanur,Tirupattur,2040000,386,12.93,Villa
3267,1-5,4,6,3,64093,4,12.38926,78.51243,Vaniyambadi,Tirupattur,2580000,790,13.57,Independent House
838,10+,3,5,3,67506,2,12.6177,78.70922,Ambur,Tirupattur,1450000,1730,20.03,Apartment
3732,0-1,0,0,0,63804,0,12.57941,78.52517,Ambur,Tirupattur,1150000,308,10.63,Plot
3645,10+,5,7,4,83949,4,12.65226,78.63653,Ambur,Tirupattur,2040000,560,18.69,Villa
2968,10+,3,6,4,76264,5,12.44464,78.66716,Vaniyambadi,Tirupattur,2630000,886,11.7,Villa
1370,5-10,3,6,3,65154,4,12.44138,78.66259,Madhanur,Tirupattur,1620000,1182,11.46,Builder Floor
1724,1-5,3,5,3,29557,6,12.60231,78.62238,Madhanur,Tirupattur,1720000,998,12.97,Builder Floor
1206,1-5,3,4,3,47014,2,12.36373,78.47248,Madhanur,Tirupattur,1780000,1476,18.32,Apartment
963,5-10,2,4,2,61145,5,12.47827,78.70536,Madhanur,Tirupattur,1590000,1651,14.49,Apartment
1468,1-5,1,2,1,53631,2,12.55335,78.59636,Natrampalli,Tirupattur,2470000,1683,6.86,Apartment
1335,5-10,2,4,1,76818,2,12.48039,78.68157,Ambur,Tirupattur,1390000,1041,11.9,Builder Floor
2917,0-1,3,6,1,18330,6,12.61433,78.48299,Jolarpet,Tirupattur,2420000,830,16.39,Independent House
1281,5-10,2,4,2,35686,4,12.45292,78.52003,Natrampalli,Tirupattur,1940000,1514,7.49,Apartment
2023,5-10,3,5,1,49191,4,12.4695,78.56426,Ambur,Tirupattur,1950000,964,3.1,Apartment
2715,1-5,3,4,3,43014,4,12.3675,78.61322,Ambur,Tirupattur,2170000,799,14.94,Independent House
2459,1-5,3,5,2,51789,4,12.44864,78.49268,Vaniyambadi,Tirupattur,1900000,773,10.2,Apartment
3283,1-5,4,7,3,27114,5,12.51937,78.71865,Vaniyambadi,Tirupattur,2900000,883,16.01,Villa
4000,0-1,4,7,3,56545,4,12.50013,78.44821,Madhanur,Tirupattur,4000000,1000,13.57,Villa
913,10+,3,5,1,47153,4,12.5235,78.48138,Jolarpet,Tirupattur,2030000,2223,10.42,Apartment
2266,10+,3,4,2,47436,4,12.50487,78.6132,Jolarpet,Tirupattur,1870000,825,4.46,Independent House
621,0-1,3,4,1,38569,4,12.4417,78.521,Vaniyambadi,Tirupattur,2640000,4251,8.27,Apartment
2148,0-1,1,3,1,50129,5,12.51929,78.59613,Madhanur,Tirupattur,2590000,1206,3.6,Apartment
1720,5-10,4,6,3,59281,2,12.51216,78.54959,Natrampalli,Tirupattur,1970000,1145,3.12,Apartment
2313,5-10,1,2,1,49659,5,12.45624,78.61783,Ambur,Tirupattur,1760000,761,6.57,Apartment
2400,10+,5,8,2,69520,4,12.48118,78.55475,Jolarpet,Tirupattur,3290000,1371,2.59,Villa
3143,10+,4,7,4,72986,2,12.54997,78.60781,Vaniyambadi,Tirupattur,2150000,684,7.09,Independent House
1969,1-5,3,6,3,71890,3,12.42098,78.62432,Vaniyambadi,Tirupattur,2300000,1168,10.03,Independent House
2339,0-1,0,0,0,57122,0,12.52871,78.5806,Madhanur,Tirupattur,920000,393,3.73,Plot
2600,1-5,4,5,3,66870,6,12.51408,78.55277,Vaniyambadi,Tirupattur,3150000,1212,2.99,Independent House
1720,10+,3,4,1,36846,3,12.53661,78.60103,Natrampalli,Tirupattur,1520000,884,5.44,Apartment
1961,10+,2,4,1,70301,2,12.49388,78.6679,Vaniyambadi,Tirupattur,1560000,796,10.29,Apartment
3078,5-10,4,6,2,46090,6,12.51104,78.55175,Vaniyambadi,Tirupattur,1840000,598,2.86,Independent House
1697,5-10,3,5,2,49872,2,12.53978,78.56562,Ambur,Tirupattur,1900000,1120,4.94,Apartment
4211,10+,4,6,3,47119,6,12.37307,78.59084,Madhanur,Tirupattur,2420000,575,13.8,Villa
1959,0-1,5,8,1,55874,2,12.5963,78.61615,Jolarpet,Tirupattur,1670000,852,12.09,Builder Floor
1948,1-5,3,6,3,88891,2,12.36638,78.65472,Ambur,Tirupattur,1860000,955,16.92,Builder Floor
1846,5-10,1,3,1,29166,3,12.51404,78.53776,Natrampalli,Tirupattur,1710000,926,4.33,Apartment
1887,5-10,2,5,2,30158,2,12.36921,78.55966,Natrampalli,Tirupattur,1170000,620,14.17,Builder Floor
1201,10+,0,0,0,62066,0,12.62282,78.59989,Ambur,Tirupattur,850000,708,14.4,Plot
1176,1-5,2,4,2,56865,4,12.65272,78.62746,Jolarpet,Tirupattur,1760000,1497,18.4,Apartment
1267,5-10,2,5,1,51341,2,12.5275,78.5096,Natrampalli,Tirupattur,1790000,1413,7.73,Builder Floor
1550,1-5,3,5,1,73370,5,12.56122,78.52513,Natrampalli,Tirupattur,2160000,1394,8.93,Apartment
1401,1-5,3,5,3,64619,4,12.48729,78.64755,Ambur,Tirupattur,2230000,1592,8.14,Apartment
1659,1-5,1,2,1,67248,5,12.51151,78.67851,Natrampalli,Tirupattur,2190000,1320,11.57,Apartment
3301,10+,3,4,3,63269,5,12.43333,78.55185,Natrampalli,Tirupattur,1790000,542,7.34,Independent House
1612,0-1,2,4,2,40340,5,12.6204,78.59445,Ambur,Tirupattur,1990000,1234,14.03,Apartment
3461,1-5,3,4,3,65972,4,12.37315,78.62112,Natrampalli,Tirupattur,2620000,757,14.62,Independent House
1555,10+,2,3,2,45298,2,12.5315,78.46233,Ambur,Tirupattur,1460000,939,12.66,Apartment
1880,0-1,3,5,3,75242,4,12.59949,78.67843,Ambur,Tirupattur,2290000,1218,16.22,Apartment
2515,1-5,3,5,2,20350,4,12.4299,78.53972,Madhanur,Tirupattur,3940000,1567,8.19,Villa
1330,10+,2,4,1,43792,4,12.48346,78.57205,Vaniyambadi,Tirupattur,1510000,1135,1.4,Apartment
1586,1-5,1,3,1,55786,4,12.4545,78.50032,Ambur,Tirupattur,1820000,1148,9.15,Apartment
769,1-5,3,4,3,63891,6,12.4158,78.49834,Ambur,Tirupattur,1820000,2367,12.06,Independent House
1707,5-10,3,4,2,21533,2,12.33655,78.6447,Natrampalli,Tirupattur,1810000,1060,19.36,Apartment
1981,5-10,2,4,2,71881,3,12.45141,78.5867,Ambur,Tirupattur,1760000,888,5.17,Builder Floor
2736,5-10,3,4,3,44177,6,12.51054,78.50404,Vaniyambadi,Tirupattur,1930000,705,7.67,Independent House
3856,0-1,0,0,0,83121,0,12.54923,78.59075,Jolarpet,Tirupattur,1620000,420,6.22,Plot
2044,10+,1,2,1,51104,4,12.57242,78.59951,Jolarpet,Tirupattur,1550000,758,8.97,Apartment
1930,5-10,2,5,1,77748,6,12.42823,78.56633,Madhanur,Tirupattur,1790000,927,7.57,Builder Floor
3914,1-5,4,6,4,29892,4,12.54128,78.64015,Jolarpet,Tirupattur,3520000,899,8.85,Villa
833,5-10,0,0,0,71468,0,12.55444,78.46746,Jolarpet,Tirupattur,880000,1056,13.18,Plot
3555,10+,3,6,4,70737,6,12.40786,78.55563,Madhanur,Tirupattur,2980000,838,9.98,Villa
2455,1-5,2,4,1,53384,6,12.43095,78.55189,Vaniyambadi,Tirupattur,2060000,839,7.59,Independent House
541,1-5,1,3,1,72434,2,12.53985,78.57832,Madhanur,Tirupattur,1570000,2902,4.91,Apartment
4066,10+,4,7,2,54744,5,12.38737,78.62812,Madhanur,Tirupattur,2350000,578,13.48,Villa
2829,1-5,0,0,0,56487,0,12.42128,78.66598,Natrampalli,Tirupattur,1080000,382,13.07,Plot
1383,0-1,2,3,1,62769,3,12.54623,78.60543,Ambur,Tirupattur,2160000,1562,6.6,Builder Floor
2296,5-10,3,6,2,74655,5,12.58813,78.64011,Natrampalli,Tirupattur,2120000,923,12.56,Independent House
1900,1-5,1,2,1,46868,5,12.50841,78.48994,Madhanur,Tirupattur,1640000,863,9.13,Apartment
1321,5-10,4,7,2,74334,2,12.54266,78.59071,Madhanur,Tirupattur,2190000,1658,5.53,Independent House
1081,1-5,4,7,1,51837,2,12.42797,78.49031,Ambur,Tirupattur,2180000,2017,11.75,Independent House
2236,10+,5,6,1,53975,2,12.54051,78.56263,Vaniyambadi,Tirupattur,1890000,845,5.08,Independent House
2616,10+,4,5,1,90174,2,12.58101,78.56655,Natrampalli,Tirupattur,2220000,849,9.48,Independent House
2020,1-5,3,6,2,45324,3,12.52851,78.53955,Madhanur,Tirupattur,2130000,1054,5.13,Independent House
2673,10+,3,5,2,72223,3,12.48749,78.62391,Ambur,Tirupattur,1770000,662,5.6,Independent House
1472,1-5,4,7,4,63557,6,12.43534,78.56312,Vaniyambadi,Tirupattur,1890000,1284,6.83,Builder Floor
3059,0-1,3,5,2,51350,3,12.45877,78.54228,Ambur,Tirupattur,2470000,807,5.32,Independent House
2334,10+,2,3,2,38118,2,12.55032,78.57882,Natrampalli,Tirupattur,2040000,874,6.07,Apartment
2450,5-10,4,6,1,93834,2,12.40277,78.64384,Vaniyambadi,Tirupattur,2010000,820,12.9,Independent House
1873,0-1,3,5,3,80535,3,12.49084,78.50532,Jolarpet,Tirupattur,2000000,1068,7.38,Builder Floor
474,5-10,2,4,1,43527,2,12.54321,78.71748,Ambur,Tirupattur,1480000,3122,16.53,Apartment
1246,10+,3,4,2,63587,3,12.54732,78.49741,Madhanur,Tirupattur,1400000,1124,10.0,Builder Floor
1818,1-5,3,6,1,75296,6,12.30689,78.56546,Jolarpet,Tirupattur,1090000,600,21.04,Builder Floor
1712,1-5,3,5,1,33877,2,12.56129,78.56721,Ambur,Tirupattur,1730000,1011,7.29,Independent House
2136,1-5,2,4,1,49419,4,12.56117,78.55907,Vaniyambadi,Tirupattur,2500000,1170,7.4,Apartment
2669,5-10,4,6,2,47317,2,12.505,78.62761,Madhanur,Tirupattur,2270000,851,6.0,Independent House
3527,10+,0,0,0,64348,0,12.50569,78.48359,Jolarpet,Tirupattur,860000,244,9.78,Plot
1621,0-1,5,8,5,36427,6,12.44319,78.58921,Natrampalli,Tirupattur,1920000,1184,6.13,Builder Floor
1791,0-1,3,5,2,64115,3,12.39499,78.59529,Natrampalli,Tirupattur,1980000,1106,11.49,Apartment
840,0-1,0,0,0,41395,0,12.53883,78.56018,Madhanur,Tirupattur,1260000,1500,4.96,Plot
1433,10+,1,2,1,35570,5,12.49271,78.45306,Natrampalli,Tirupattur,1280000,893,13.04,Apartment
967,10+,2,5,1,68348,5,12.53583,78.64472,Madhanur,Tirupattur,1530000,1582,8.95,Independent House
488,0-1,2,4,1,76188,3,12.51933,78.53511,Madhanur,Tirupattur,2270000,4652,4.87,Apartment
1334,10+,2,3,1,45941,2,12.36765,78.45973,Ambur,Tirupattur,1440000,1079,18.85,Apartment
2827,5-10,4,6,3,54126,2,12.40317,78.61804,Natrampalli,Tirupattur,2290000,810,11.42,Independent House
1754,10+,2,4,1,71759,2,12.43539,78.50277,Jolarpet,Tirupattur,1710000,975,10.18,Apartment
918,10+,1,2,1,41075,5,12.46622,78.51825,Madhanur,Tirupattur,1530000,1667,6.81,Apartment
1542,0-1,3,4,3,60819,3,12.46916,78.7058,Jolarpet,Tirupattur,1930000,1252,14.71,Apartment
5324,1-5,3,5,3,40696,5,12.53998,78.58036,Vaniyambadi,Tirupattur,4710000,885,4.95,Villa
980,5-10,3,5,2,39427,5,12.49475,78.4834,Madhanur,Tirupattur,1690000,1724,9.74,Apartment
1595,5-10,3,5,3,41237,4,12.4329,78.67241,Ambur,Tirupattur,1610000,1009,12.86,Apartment
2556,10+,0,0,0,66571,0,12.51138,78.73865,Jolarpet,Tirupattur,720000,282,18.05,Plot
1782,5-10,3,4,2,32788,3,12.43015,78.55318,Jolarpet,Tirupattur,2020000,1134,7.63,Independent House
846,10+,0,0,0,40254,0,12.46153,78.49271,Jolarpet,Tirupattur,750000,887,9.53,Plot
2186,1-5,5,8,2,72574,4,12.41411,78.68989,Vaniyambadi,Tirupattur,2760000,1263,15.61,Villa
2306,5-10,3,5,2,47287,2,12.67635,78.60619,Vaniyambadi,Tirupattur,1440000,624,20.37,Apartment
877,5-10,1,2,1,32998,3,12.50162,78.42765,Vaniyambadi,Tirupattur,1780000,2030,15.8,Apartment
1951,1-5,1,2,1,60250,5,12.50796,78.62097,Natrampalli,Tirupattur,1840000,943,5.36,Apartment
1896,10+,3,5,2,90701,6,12.51226,78.64456,Madhanur,Tirupattur,1750000,923,7.97,Independent House
2723,5-10,4,7,3,98735,3,12.49199,78.50142,Vaniyambadi,Tirupattur,3270000,1201,7.79,Villa
2349,5-10,0,0,0,75582,0,12.77133,79.30492,Arakkonam,Ranipet,890000,379,17.39,Plot
507,10+,1,3,1,94864,4,12.92972,79.42955,Arakkonam,Ranipet,2060000,4063,10.52,Apartment
1042,10+,2,3,2,66173,3,12.90317,79.29117,Nemili,Ranipet,1740000,1670,5.13,Apartment
2006,5-10,0,0,0,39949,0,12.92816,79.39559,Nemili,Ranipet,1090000,543,6.83,Plot
2310,5-10,2,4,1,17315,4,12.85359,79.19741,Sholinghur,Ranipet,2330000,1009,16.69,Independent House
2054,1-5,3,4,3,62991,2,12.99698,79.37,Walajah,Ranipet,2360000,1149,8.93,Apartment
1930,10+,2,3,2,77001,4,13.04838,79.32303,Walajah,Ranipet,1740000,902,13.71,Apartment
1620,0-1,4,6,3,71486,2,12.88504,79.45884,Arcot,Ranipet,1690000,1043,14.4,Apartment
2434,10+,3,4,3,59059,5,12.88165,79.13787,Sholinghur,Ranipet,1770000,727,21.66,Apartment
2002,5-10,4,7,3,71921,3,12.95289,79.34639,Sholinghur,Ranipet,2660000,1329,3.4,Independent House
4130,0-1,3,6,4,35373,4,12.94905,79.31555,Arakkonam,Ranipet,4770000,1155,3.21,Villa
986,10+,2,4,1,42479,5,12.8714,79.23419,Arcot,Ranipet,1480000,1501,12.24,Apartment
2402,0-1,2,3,2,55866,4,12.87723,79.45863,Arakkonam,Ranipet,2570000,1070,14.67,Apartment
2898,5-10,5,7,5,103538,6,12.85426,79.30857,Sholinghur,Ranipet,2500000,863,8.33,Independent House
3194,10+,3,6,1,26259,3,12.99617,79.31528,Nemili,Ranipet,2320000,726,8.09,Independent House
3348,1-5,5,8,4,81585,5,12.8718,79.35803,Walajah,Ranipet,3420000,1022,6.57,Villa
1253,5-10,0,0,0,70522,0,12.74049,79.28391,Arakkonam,Ranipet,630000,503,21.23,Plot
824,1-5,3,5,1,57740,5,13.04057,79.24143,Arakkonam,Ranipet,2030000,2464,16.17,Independent House
1339,5-10,4,6,2,75789,4,13.09285,79.42368,Arcot,Ranipet,1610000,1202,21.07,Independent House
2409,5-10,1,3,1,41857,5,12.94913,79.20731,Arcot,Ranipet,1730000,718,13.83,Apartment
4450,1-5,3,5,4,41083,4,12.83036,79.36926,Arakkonam,Ranipet,3310000,744,11.29,Villa
2411,0-1,3,4,2,66530,3,13.1283,79.24189,Walajah,Ranipet,1750000,726,24.61,Apartment
1331,10+,0,0,0,60329,0,12.91701,79.38675,Arakkonam,Ranipet,790000,594,5.94,Plot
1398,5-10,3,6,2,50804,3,12.96266,79.38906,Arakkonam,Ranipet,1970000,1409,7.39,Builder Floor
3312,5-10,4,7,2,67804,5,12.81886,79.23595,Arcot,Ranipet,2750000,830,15.81,Independent House
764,10+,2,5,1,50023,5,13.03526,79.2935,Arcot,Ranipet,2100000,2749,12.93,Independent House
1930,1-5,4,6,3,48004,4,12.92137,79.36966,Arakkonam,Ranipet,2210000,1145,4.04,Builder Floor
1364,1-5,3,5,1,64954,4,13.01132,79.32122,Nemili,Ranipet,1960000,1437,9.63,Apartment
698,5-10,3,5,1,43074,5,12.99084,79.40605,Sholinghur,Ranipet,1730000,2479,10.78,Apartment
3380,5-10,3,6,4,40737,4,12.80835,79.27177,Nemili,Ranipet,3570000,1056,14.59,Villa
619,5-10,3,5,3,76179,5,12.99984,79.33398,Sholinghur,Ranipet,1930000,3118,8.28,Apartment
953,1-5,3,4,2,43470,4,13.02394,79.37355,Arakkonam,Ranipet,1430000,1501,11.82,Builder Floor
5424,10+,3,5,2,55130,3,12.98812,79.23955,Sholinghur,Ranipet,2660000,490,12.26,Villa
5764,1-5,3,5,3,86098,6,13.07117,79.31571,Walajah,Ranipet,4280000,743,16.31,Villa
1880,1-5,2,4,1,58920,4,12.98077,79.39286,Nemili,Ranipet,2740000,1457,8.97,Builder Floor
1628,5-10,4,6,2,72218,4,12.86695,79.33195,Sholinghur,Ranipet,1940000,1192,6.5,Apartment
5475,5-10,4,7,4,79840,4,12.75914,79.44343,Walajah,Ranipet,3330000,608,22.05,Villa
2277,5-10,1,3,1,73861,2,13.04205,79.28105,Sholinghur,Ranipet,1190000,523,14.12,Apartment
1640,0-1,2,3,2,48852,2,13.09759,79.31582,Sholinghur,Ranipet,2140000,1305,19.23,Apartment
957,5-10,4,6,3,81070,4,12.74068,79.47212,Sholinghur,Ranipet,1460000,1526,25.51,Builder Floor
838,10+,3,6,2,74550,2,12.84332,79.3767,Nemili,Ranipet,1510000,1802,10.3,Builder Floor
1254,0-1,3,5,3,73061,2,12.98124,79.26329,Walajah,Ranipet,2510000,2002,9.75,Independent House
2016,5-10,3,4,2,64983,5,13.00226,79.3728,Arcot,Ranipet,2330000,1156,9.59,Apartment
2864,1-5,5,8,2,58163,6,13.00856,79.3854,Walajah,Ranipet,4060000,1418,10.87,Villa
4415,1-5,4,7,2,42742,6,12.93081,79.26213,Walajah,Ranipet,4980000,1128,7.66,Villa
2005,10+,2,3,2,42571,5,12.96549,79.36068,Nemili,Ranipet,1880000,938,5.4,Apartment
4952,5-10,4,7,3,63779,5,12.86469,79.4098,Sholinghur,Ranipet,4280000,864,10.75,Villa
1772,5-10,4,5,3,70776,2,12.95231,79.3619,Nemili,Ranipet,2140000,1208,4.36,Apartment
2384,1-5,3,5,1,59312,3,13.00078,79.32028,Walajah,Ranipet,2080000,872,8.49,Independent House
1407,5-10,4,7,1,54207,4,12.96025,79.17805,Sholinghur,Ranipet,1750000,1244,17.19,Independent House
2145,10+,2,4,1,40408,2,12.87229,79.44281,Arakkonam,Ranipet,2100000,979,13.33,Independent House
2346,10+,3,5,3,62265,2,12.86847,79.24024,Nemili,Ranipet,1680000,716,11.84,Apartment
3779,1-5,0,0,0,72146,0,12.86569,79.46598,Walajah,Ranipet,1340000,355,15.91,Plot
1567,1-5,0,0,0,59035,0,12.9908,79.35706,Arcot,Ranipet,1150000,734,7.74,Plot
1363,10+,2,5,2,66009,4,12.98178,79.31305,Sholinghur,Ranipet,1660000,1218,6.62,Builder Floor
540,1-5,1,3,1,46920,2,12.92396,79.3804,Sholinghur,Ranipet,2200000,4074,5.18,Apartment
1332,0-1,2,3,2,58796,3,12.92023,79.45068,Arakkonam,Ranipet,2480000,1862,12.81,Apartment
1837,5-10,3,5,3,96136,4,12.95498,79.28707,Walajah,Ranipet,1810000,985,5.93,Apartment
2028,10+,3,4,1,74027,2,12.94387,79.40674,Sholinghur,Ranipet,1490000,735,8.29,Apartment
2418,5-10,5,6,4,45016,5,12.97177,79.27544,Nemili,Ranipet,2150000,889,8.06,Independent House
713,5-10,1,2,1,71188,5,12.88707,79.28536,Arcot,Ranipet,2040000,2861,6.66,Apartment
1828,10+,3,4,1,82385,2,12.91853,79.2272,Sholinghur,Ranipet,1870000,1023,11.45,Apartment
1509,5-10,2,3,2,40782,2,12.92877,79.3032,Nemili,Ranipet,2220000,1471,3.21,Apartment
2264,5-10,2,3,2,66401,2,13.14417,79.22029,Walajah,Ranipet,1700000,751,27.2,Apartment
841,5-10,4,7,2,75713,3,12.99038,79.26999,Walajah,Ranipet,2250000,2675,9.91,Independent House
3309,5-10,0,0,0,76317,0,12.95347,79.40775,Nemili,Ranipet,1150000,348,8.72,Plot
1731,5-10,2,3,2,47855,2,12.88855,79.35761,Sholinghur,Ranipet,2420000,1398,4.91,Apartment
1961,1-5,2,4,1,67407,4,12.70707,79.40152,Walajah,Ranipet,2020000,1030,25.4,Apartment
2450,5-10,2,3,1,85924,4,12.86485,79.30006,Arcot,Ranipet,1990000,812,7.6,Apartment
1411,10+,3,5,3,78962,3,12.92073,79.27217,Sholinghur,Ranipet,1630000,1155,6.57,Builder Floor
557,1-5,3,4,2,58141,4,12.76733,79.39416,Arcot,Ranipet,2000000,3591,18.8,Apartment
2280,5-10,3,4,3,96420,4,12.9743,79.22557,Arakkonam,Ranipet,2070000,908,12.81,Apartment
4826,1-5,5,8,3,47257,3,12.97686,79.33147,Arcot,Ranipet,4090000,847,5.72,Villa
1693,0-1,0,0,0,24807,0,13.02243,79.29056,Arcot,Ranipet,1160000,685,11.71,Plot
979,0-1,5,6,1,57348,6,12.93922,79.30816,Sholinghur,Ranipet,2810000,2870,3.06,Independent House
1043,10+,0,0,0,94444,0,13.05872,79.39754,Arcot,Ranipet,820000,786,16.41,Plot
1135,10+,1,2,1,76275,3,12.88474,79.5098,Sholinghur,Ranipet,1420000,1251,19.73,Apartment
867,5-10,4,5,2,61232,4,12.92313,79.42803,Sholinghur,Ranipet,2070000,2388,10.35,Independent House
630,10+,3,4,2,83026,4,12.87639,79.4782,Arakkonam,Ranipet,1250000,1984,16.7,Independent House
2276,1-5,4,6,2,55831,6,12.85441,79.40394,Arakkonam,Ranipet,3790000,1665,11.05,Villa
2155,5-10,2,3,1,92090,3,12.83602,79.37509,Sholinghur,Ranipet,1920000,891,10.95,Apartment
562,10+,1,3,1,61406,2,13.05006,79.30495,Walajah,Ranipet,1370000,2438,14.18,Apartment
1642,1-5,3,6,1,5000,5,12.93203,79.25948,Nemili,Ranipet,2290000,1395,7.96,Independent House
2004,10+,2,3,1,65722,3,12.85487,79.38155,Nemili,Ranipet,1880000,938,9.47,Apartment
2187,5-10,3,4,2,54721,5,12.89137,79.31253,Arakkonam,Ranipet,2000000,914,4.36,Apartment
2484,5-10,3,6,3,49029,6,12.80901,79.52404,Sholinghur,Ranipet,1720000,692,24.46,Independent House
3558,10+,0,0,0,82335,0,13.14257,79.30582,Sholinghur,Ranipet,680000,191,24.32,Plot
847,1-5,2,5,2,77803,5,12.78948,79.20784,Walajah,Ranipet,1340000,1582,20.28,Builder Floor
889,5-10,3,4,1,70257,2,12.89585,79.29932,Nemili,Ranipet,2110000,2373,4.88,Apartment
2059,0-1,3,5,2,67731,3,12.88951,79.38165,Arcot,Ranipet,4270000,2074,6.65,Villa
2153,1-5,3,6,2,73943,3,12.96716,79.37219,Sholinghur,Ranipet,2850000,1324,6.32,Independent House
4257,0-1,5,8,3,40645,6,12.86265,79.35198,Arakkonam,Ranipet,4870000,1144,7.29,Villa
3863,0-1,4,7,3,69711,4,12.90816,79.39554,Arakkonam,Ranipet,3800000,984,7.09,Villa
2604,10+,5,6,4,64947,2,12.8795,79.2649,Sholinghur,Ranipet,1900000,730,8.94,Independent House
3484,10+,2,4,2,53308,2,13.01256,79.40747,Nemili,Ranipet,1970000,565,12.64,Independent House
895,10+,3,6,1,55575,3,12.83015,79.26628,Nemili,Ranipet,1830000,2045,12.8,Independent House
1092,10+,4,5,2,36444,5,13.0099,79.24927,Arcot,Ranipet,1640000,1502,13.03,Apartment
1649,1-5,3,4,3,70616,3,12.92002,79.26709,Nemili,Ranipet,2420000,1468,7.13,Builder Floor
1487,5-10,1,2,1,107848,4,13.06464,79.23775,Arcot,Ranipet,1860000,1251,18.58,Apartment
2959,5-10,5,8,2,75426,6,12.97646,79.23672,Sholinghur,Ranipet,3600000,1217,11.84,Villa
2429,1-5,5,8,4,30233,6,12.71521,79.31365,Walajah,Ranipet,2840000,1169,23.46,Villa
3517,10+,0,0,0,46982,0,12.7833,79.35306,Arcot,Ranipet,990000,281,15.96,Plot
941,10+,3,5,2,48081,4,12.87705,79.36187,Walajah,Ranipet,1960000,2083,6.24,Independent House
1925,5-10,4,7,2,47134,3,13.04271,79.26167,Walajah,Ranipet,2300000,1195,15.14,Independent House
3188,10+,3,6,1,50638,2,12.89747,79.28479,Arcot,Ranipet,1990000,624,6.04,Independent House
971,10+,4,6,3,44671,3,12.8542,79.32241,Arcot,Ranipet,1610000,1658,7.99,Builder Floor
1799,0-1,3,6,1,69726,4,12.95079,79.33137,Nemili,Ranipet,2590000,1440,2.83,Independent House
1828,5-10,5,6,5,60550,4,12.98513,79.37449,Sholinghur,Ranipet,1900000,1039,8.04,Builder Floor
1485,0-1,4,5,3,47089,5,12.80267,79.31501,Arcot,Ranipet,2170000,1461,13.78,Apartment
2590,0-1,0,0,0,88724,0,12.8685,79.2794,Sholinghur,Ranipet,1260000,486,8.56,Plot
1165,1-5,4,5,1,71718,2,12.83726,79.35583,Sholinghur,Ranipet,2040000,1751,10.12,Apartment
4405,0-1,3,5,4,48892,5,13.10264,79.37235,Walajah,Ranipet,3680000,835,20.17,Villa
2216,5-10,1,2,1,75911,4,12.97101,79.23756,Arcot,Ranipet,2280000,1029,11.48,Apartment
1987,1-5,3,5,1,60079,3,12.89265,79.41502,Sholinghur,Ranipet,2160000,1087,9.65,Apartment
2506,0-1,5,6,1,71606,6,12.8033,79.23437,Arcot,Ranipet,2860000,1141,17.25,Independent House
932,5-10,3,4,1,36107,6,12.89452,79.33492,Nemili,Ranipet,1690000,1813,3.44,Builder Floor
3467,1-5,3,4,1,52178,6,12.88626,79.4417,Nemili,Ranipet,2650000,764,12.6,Independent House
2366,0-1,2,4,1,56050,2,12.85315,79.44101,Walajah,Ranipet,2200000,930,14.23,Apartment
3340,1-5,4,7,2,61557,5,13.0526,79.22111,Nemili,Ranipet,2420000,725,18.6,Independent House
842,10+,5,6,5,38657,4,13.02424,79.42837,Arakkonam,Ranipet,1690000,2007,15.12,Independent House
1994,0-1,3,5,2,53734,2,12.90251,79.31908,Nemili,Ranipet,2800000,1404,2.94,Apartment
2439,0-1,2,3,2,29826,6,12.86993,79.3503,Arcot,Ranipet,2920000,1197,6.46,Independent House
604,0-1,2,4,1,49202,2,12.90707,79.30764,Sholinghur,Ranipet,2220000,3675,3.39,Apartment
863,5-10,3,6,1,77267,3,12.93462,79.28671,Arakkonam,Ranipet,2220000,2572,5.08,Independent House
3747,0-1,5,8,4,75227,5,12.90429,79.52723,Nemili,Ranipet,2820000,753,21.22,Villa
2034,10+,4,7,2,37617,6,13.11481,79.27836,Walajah,Ranipet,1750000,860,21.87,Independent House
1851,5-10,2,3,2,56386,4,13.05275,79.3317,Arakkonam,Ranipet,1760000,951,14.16,Apartment
2480,0-1,2,4,2,47479,2,12.82965,79.40229,Walajah,Ranipet,2070000,835,13.05,Apartment
1310,5-10,5,8,3,61916,5,12.87446,79.41939,Arcot,Ranipet,1610000,1229,10.98,Independent House
2339,0-1,2,4,1,63782,3,12.86721,79.42854,Arcot,Ranipet,2530000,1082,12.25,Independent House
5760,10+,4,6,4,70005,3,12.97083,79.31837,Arcot,Ranipet,3800000,660,5.28,Villa
3114,5-10,3,6,3,37357,6,13.09033,79.42458,Sholinghur,Ranipet,1670000,536,20.87,Independent House
2193,5-10,3,5,2,62890,3,12.9163,79.22064,Nemili,Ranipet,2210000,1008,12.18,Apartment
1084,1-5,2,3,1,68201,6,12.93071,79.2911,Arakkonam,Ranipet,2830000,2611,4.54,Independent House
1304,5-10,4,6,3,55658,2,12.9189,79.46447,Sholinghur,Ranipet,1770000,1357,14.31,Independent House
1250,0-1,3,4,2,50840,3,12.92517,79.25475,Arcot,Ranipet,2540000,2032,8.44,Apartment
1040,0-1,3,5,3,48606,4,12.98281,79.33021,Arakkonam,Ranipet,2700000,2596,6.39,Apartment
2277,5-10,1,2,1,71460,4,12.98038,79.29569,Nemili,Ranipet,2520000,1107,7.31,Apartment
1296,1-5,3,5,2,56446,2,13.03461,79.41791,Sholinghur,Ranipet,1840000,1420,15.26,Apartment
1784,5-10,2,3,2,77669,6,12.86513,79.39241,Arcot,Ranipet,1760000,987,9.32,Builder Floor
1365,5-10,5,7,5,90076,2,12.83211,79.40008,Arcot,Ranipet,1940000,1421,12.69,Builder Floor
1092,5-10,5,6,4,79007,4,12.82638,79.42191,Arcot,Ranipet,1700000,1557,14.66,Builder Floor
911,0-1,3,5,1,56539,3,12.79878,79.44321,Arakkonam,Ranipet,1340000,1471,18.49,Apartment
925,5-10,2,4,1,72383,2,12.74679,79.34442,Nemili,Ranipet,1200000,1297,19.9,Apartment
952,1-5,3,4,1,67259,4,12.92966,79.41305,Nemili,Ranipet,2790000,2931,8.73,Independent House
1554,10+,4,5,2,73790,5,12.90021,79.3565,Arcot,Ranipet,1610000,1036,3.82,Builder Floor
5274,5-10,5,8,4,35796,3,12.99991,79.35093,Walajah,Ranipet,3830000,726,8.52,Villa
2522,0-1,2,5,2,29014,5,11.76864,78.92722,Sankarapuram,Kallakurichi,1930000,765,4.95,Independent House
1820,10+,4,5,4,29003,6,11.95487,78.96755,Rishivandhiyam,Kallakurichi,1080000,593,24.14,Independent House
689,1-5,4,6,3,40431,5,11.70747,78.89305,Chinnasalem,Kallakurichi,1410000,2046,8.05,Apartment
625,5-10,2,3,1,60456,5,11.76995,79.02383,Rishivandhiyam,Kallakurichi,1530000,2448,7.8,Apartment
2363,5-10,3,5,3,60984,2,11.78211,78.91688,Sankarapuram,Kallakurichi,1780000,753,6.8,Apartment
851,1-5,2,4,2,63310,4,11.56437,78.90157,Chinnasalem,Kallakurichi,1250000,1469,20.32,Apartment
776,10+,1,2,1,37382,5,11.69045,78.78852,Chinnasalem,Kallakurichi,1060000,1366,19.41,Apartment
749,10+,3,5,2,35057,2,11.72608,79.03133,Chinnasalem,Kallakurichi,1080000,1442,7.87,Independent House
482,1-5,3,4,3,40164,3,11.5585,78.97861,Rishivandhiyam,Kallakurichi,1520000,3154,20.05,Apartment
1246,5-10,2,4,2,48260,2,11.82683,79.02643,Chinnasalem,Kallakurichi,1440000,1156,12.24,Apartment
759,1-5,2,4,1,47492,5,11.69542,78.89445,Ulundurpet,Kallakurichi,1890000,2490,8.57,Independent House
3046,0-1,2,4,1,58745,6,11.61315,78.74306,Chinnasalem,Kallakurichi,1420000,466,27.4,Independent House
2238,0-1,3,5,2,30231,5,11.58386,78.88785,Tirukoilur,Kallakurichi,1560000,697,18.85,Apartment
960,10+,2,4,2,57605,6,11.78358,78.8431,Chinnasalem,Kallakurichi,1390000,1448,13.71,Independent House
854,5-10,3,5,3,25268,3,11.69247,78.96766,Rishivandhiyam,Kallakurichi,1580000,1850,5.12,Builder Floor
2416,0-1,3,5,2,44618,5,11.76652,78.98611,Chinnasalem,Kallakurichi,1740000,720,4.26,Apartment
3364,5-10,3,5,3,35138,4,11.76572,78.96773,Sankarapuram,Kallakurichi,3310000,984,3.2,Villa
1557,5-10,2,4,2,28372,5,11.79424,78.83139,Sankarapuram,Kallakurichi,1540000,989,15.35,Independent House
5977,1-5,3,5,4,35077,5,11.80034,78.84171,Rishivandhiyam,Kallakurichi,3340000,559,14.64,Villa
819,5-10,3,5,1,39682,5,11.63591,79.00083,Tirukoilur,Kallakurichi,1420000,1734,12.18,Apartment
3285,10+,2,4,1,57297,6,11.8781,78.98405,Sankarapuram,Kallakurichi,1310000,399,15.81,Independent House
1058,5-10,2,3,2,51805,4,11.81142,78.97883,Tirukoilur,Kallakurichi,1870000,1767,8.43,Independent House
765,5-10,3,5,2,57205,5,11.69798,79.14611,Sankarapuram,Kallakurichi,1070000,1399,20.73,Apartment
1997,0-1,0,0,0,35851,0,11.66965,79.01229,Chinnasalem,Kallakurichi,930000,466,9.48,Plot
1466,1-5,2,3,2,31521,2,11.75807,79.01255,Ulundurpet,Kallakurichi,1680000,1146,6.13,Apartment
1765,0-1,4,6,2,57951,6,11.70847,78.98891,Chinnasalem,Kallakurichi,1930000,1093,4.53,Independent House
952,1-5,3,4,3,39685,3,11.61274,78.9417,Ulundurpet,Kallakurichi,1380000,1450,14.06,Builder Floor
2056,10+,2,4,1,37405,4,11.68949,79.01228,Rishivandhiyam,Kallakurichi,1520000,739,7.83,Apartment
1978,1-5,1,2,1,60432,2,11.77458,78.99095,Rishivandhiyam,Kallakurichi,1770000,895,5.28,Apartment
3082,1-5,4,7,4,57081,3,11.77357,79.04961,Sankarapuram,Kallakurichi,3090000,1003,10.52,Villa
1434,10+,4,6,2,45377,4,11.69695,78.92676,Chinnasalem,Kallakurichi,1270000,886,5.82,Apartment
885,5-10,3,4,2,52948,6,11.73106,79.07738,Sankarapuram,Kallakurichi,1430000,1616,12.79,Builder Floor
2960,0-1,4,6,2,58657,3,11.81412,78.93347,Ulundurpet,Kallakurichi,2130000,720,8.96,Villa
1152,5-10,5,7,4,48261,2,11.66,78.88005,Chinnasalem,Kallakurichi,1470000,1276,12.29,Independent House
710,0-1,3,4,2,34518,3,11.74655,79.0347,Sankarapuram,Kallakurichi,2180000,3070,8.18,Apartment
2049,0-1,3,4,1,45812,2,11.67812,79.03908,Ulundurpet,Kallakurichi,1900000,927,10.87,Independent House
934,5-10,3,4,1,47828,6,11.84506,78.95314,Sankarapuram,Kallakurichi,1590000,1702,11.94,Independent House
1166,1-5,3,5,2,64103,3,11.84362,78.80755,Rishivandhiyam,Kallakurichi,1100000,943,20.34,Builder Floor
1536,1-5,3,5,2,37582,5,11.62673,78.9279,Rishivandhiyam,Kallakurichi,1530000,996,12.85,Apartment
1747,5-10,4,7,2,54916,2,11.68744,78.9173,Rishivandhiyam,Kallakurichi,1570000,899,7.29,Builder Floor
1534,1-5,4,5,1,34649,5,11.69236,78.99743,Ulundurpet,Kallakurichi,1780000,1160,6.49,Builder Floor
3104,10+,0,0,0,52875,0,11.67209,79.10266,Rishivandhiyam,Kallakurichi,650000,209,17.16,Plot
1783,10+,3,4,2,30115,4,11.95073,78.98466,Tirukoilur,Kallakurichi,1030000,578,23.82,Apartment
2932,10+,5,7,4,37344,5,11.83987,78.95571,Ulundurpet,Kallakurichi,2330000,795,11.35,Villa
1267,0-1,2,4,1,66760,5,11.58312,79.0669,Sankarapuram,Kallakurichi,1710000,1350,20.77,Apartment
1008,1-5,2,4,2,62792,3,11.76372,78.85976,Chinnasalem,Kallakurichi,1340000,1329,11.29,Builder Floor
2957,1-5,5,8,2,42587,5,11.72279,78.95101,Chinnasalem,Kallakurichi,3780000,1278,1.95,Villa
1138,5-10,2,3,2,47381,2,11.71321,78.99598,Ulundurpet,Kallakurichi,1760000,1547,4.77,Apartment
2003,1-5,3,4,2,46323,3,11.79138,79.02541,Ulundurpet,Kallakurichi,1590000,794,9.27,Apartment
2015,1-5,2,3,2,24744,3,11.73457,79.07326,Sankarapuram,Kallakurichi,1730000,859,12.33,Independent House
651,1-5,4,6,3,41541,6,11.6892,78.92825,Rishivandhiyam,Kallakurichi,1830000,2811,6.43,Independent House
2359,10+,1,2,1,44042,5,11.64722,79.04987,Sankarapuram,Kallakurichi,1300000,551,14.04,Apartment
1954,1-5,5,8,2,51389,3,11.66333,78.88391,Chinnasalem,Kallakurichi,1890000,967,11.73,Independent House
2904,1-5,4,6,1,45494,2,11.79295,78.92351,Ulundurpet,Kallakurichi,1980000,682,7.3,Independent House
1728,10+,4,5,1,36963,2,11.83455,78.94456,Rishivandhiyam,Kallakurichi,1590000,920,10.88,Independent House
490,1-5,3,4,2,31847,2,11.62244,79.04281,Rishivandhiyam,Kallakurichi,1330000,2714,15.68,Apartment
1669,10+,5,8,4,34105,4,11.75247,79.02801,Rishivandhiyam,Kallakurichi,1200000,719,7.57,Independent House
1730,10+,2,3,1,52045,5,11.82411,78.92343,Chinnasalem,Kallakurichi,1460000,844,10.38,Apartment
919,1-5,2,4,1,58712,3,11.67632,78.95218,Sankarapuram,Kallakurichi,1860000,2024,6.9,Apartment
1769,5-10,3,4,3,41116,5,11.67955,79.08772,Ulundurpet,Kallakurichi,1160000,656,15.34,Builder Floor
1200,1-5,3,5,1,42783,3,11.67751,78.92531,Tirukoilur,Kallakurichi,1730000,1442,7.71,Apartment
1363,10+,4,6,2,46270,4,11.71673,78.90439,Sankarapuram,Kallakurichi,1660000,1218,6.51,Apartment
2678,5-10,2,3,1,49352,3,11.6875,78.97454,Ulundurpet,Kallakurichi,1900000,709,5.82,Independent House
1200,10+,1,2,1,51755,4,11.70421,79.00383,Chinnasalem,Kallakurichi,1250000,1042,6.06,Apartment
2314,0-1,1,2,1,54145,3,11.87325,78.88854,Chinnasalem,Kallakurichi,1680000,726,16.95,Apartment
1284,10+,1,3,1,50897,4,11.58981,78.84828,Ulundurpet,Kallakurichi,1090000,849,20.48,Apartment
1669,10+,2,3,1,33557,5,11.70796,78.96067,Chinnasalem,Kallakurichi,1810000,1084,3.33,Apartment
5350,1-5,3,5,3,30589,3,11.76909,78.86242,Sankarapuram,Kallakurichi,3010000,563,11.19,Villa
944,10+,3,4,1,61779,2,11.73675,78.87331,Chinnasalem,Kallakurichi,1490000,1578,9.45,Apartment
645,1-5,2,4,2,69437,3,11.68023,78.7917,Tirukoilur,Kallakurichi,1570000,2434,19.42,Apartment
3723,1-5,0,0,0,28537,0,11.7747,78.80866,Ulundurpet,Kallakurichi,690000,185,16.99,Plot
1141,10+,2,3,1,41971,6,11.78535,79.01631,Rishivandhiyam,Kallakurichi,1420000,1245,8.08,Builder Floor
2040,1-5,5,7,5,44130,2,11.96189,78.8765,Chinnasalem,Kallakurichi,1490000,730,26.52,Independent House
2763,5-10,3,6,2,64049,5,11.61793,79.10891,Rishivandhiyam,Kallakurichi,1570000,568,20.99,Independent House
2666,10+,4,7,4,33863,6,11.66754,78.8701,Rishivandhiyam,Kallakurichi,1530000,574,12.54,Independent House
1914,1-5,1,2,1,32619,4,11.69171,78.90881,Rishivandhiyam,Kallakurichi,2020000,1055,7.59,Apartment
1968,0-1,3,5,2,42150,3,11.80204,78.89824,Chinnasalem,Kallakurichi,1730000,879,9.81,Apartment
2716,1-5,0,0,0,36050,0,11.62608,78.94044,Sankarapuram,Kallakurichi,740000,272,12.62,Plot
1409,5-10,3,5,3,65815,4,11.82906,78.96476,Sankarapuram,Kallakurichi,1650000,1171,10.15,Independent House
1644,5-10,3,5,2,47775,3,11.86672,78.95587,Rishivandhiyam,Kallakurichi,1320000,803,14.33,Builder Floor
4382,10+,3,5,3,32927,6,11.77281,78.85808,Chinnasalem,Kallakurichi,2390000,545,11.77,Villa
5750,5-10,5,7,3,38525,6,11.82755,78.95776,Tirukoilur,Kallakurichi,3170000,551,9.97,Villa
2492,10+,3,6,4,39074,5,11.75195,78.9572,Sankarapuram,Kallakurichi,2940000,1180,1.59,Villa
821,0-1,4,6,3,49405,2,11.71667,78.84325,Rishivandhiyam,Kallakurichi,1700000,2071,12.94,Independent House
722,10+,2,3,2,66450,3,11.69888,78.87761,Sankarapuram,Kallakurichi,1450000,2008,9.97,Apartment
2452,0-1,2,4,1,32387,4,11.74198,78.93874,Sankarapuram,Kallakurichi,2270000,926,2.37,Apartment
2394,1-5,0,0,0,25805,0,11.75,78.94319,Sankarapuram,Kallakurichi,1250000,522,2.28,Plot
539,1-5,3,5,2,45697,5,11.81161,78.93367,Tirukoilur,Kallakurichi,1930000,3581,8.69,Apartment
685,10+,1,2,1,35388,5,11.65156,78.90809,Rishivandhiyam,Kallakurichi,1010000,1474,11.15,Apartment
2366,1-5,4,6,3,44294,2,11.64829,78.89517,Sankarapuram,Kallakurichi,1900000,803,12.22,Apartment
1218,1-5,4,6,1,36785,4,11.65458,79.05107,Tirukoilur,Kallakurichi,1250000,1026,13.56,Independent House
1869,5-10,3,4,3,46231,3,11.82731,79.10476,Chinnasalem,Kallakurichi,900000,482,18.62,Builder Floor
1324,5-10,4,6,2,25676,3,11.83373,78.92965,Rishivandhiyam,Kallakurichi,1440000,1088,11.16,Apartment
3123,10+,3,6,4,69012,6,11.70531,78.89426,Chinnasalem,Kallakurichi,2050000,656,8.03,Villa
1651,1-5,3,5,3,30929,2,11.68986,78.91707,Sankarapuram,Kallakurichi,1720000,1042,7.11,Independent House
2350,10+,3,5,3,32513,4,11.69243,78.9287,Sankarapuram,Kallakurichi,1530000,651,6.1,Apartment
5065,1-5,4,6,4,23834,6,11.65309,78.93188,Rishivandhiyam,Kallakurichi,3880000,766,9.92,Villa
1231,0-1,1,2,1,28613,5,11.71847,78.96559,Tirukoilur,Kallakurichi,2180000,1771,2.24,Apartment
2025,5-10,2,4,2,46641,2,11.70672,78.90849,Ulundurpet,Kallakurichi,1500000,741,6.6,Apartment
4574,5-10,4,7,2,48764,4,11.6789,78.96127,Chinnasalem,Kallakurichi,3720000,813,6.56,Villa
583,5-10,1,2,1,23367,5,11.94138,78.91528,Tirukoilur,Kallakurichi,1220000,2093,23.15,Apartment
2438,1-5,4,6,3,58434,4,11.86709,78.95939,Chinnasalem,Kallakurichi,1560000,640,14.37,Independent House
5574,5-10,5,7,2,43604,6,11.69351,78.89975,Sankarapuram,Kallakurichi,3330000,597,8.22,Villa
1149,5-10,0,0,0,72313,0,11.68872,78.88202,Ulundurpet,Kallakurichi,870000,757,10.11,Plot
2097,1-5,2,3,1,62980,4,11.64579,78.89585,Chinnasalem,Kallakurichi,1940000,925,12.4,Apartment
1558,1-5,4,7,2,44083,2,11.81102,78.98787,Tirukoilur,Kallakurichi,1360000,873,8.67,Builder Floor
2053,5-10,1,3,1,61928,5,11.71246,78.93987,Chinnasalem,Kallakurichi,1590000,774,3.59,Apartment
1338,0-1,0,0,0,54119,0,11.89989,79.05254,Rishivandhiyam,Kallakurichi,710000,531,20.63,Plot
1737,1-5,2,3,2,49136,4,11.87546,78.88341,Chinnasalem,Kallakurichi,1480000,852,17.43,Apartment
485,5-10,2,4,1,48434,3,11.75575,78.94917,Rishivandhiyam,Kallakurichi,1390000,2866,2.31,Apartment
1394,1-5,2,4,2,71131,4,11.76229,79.08387,Ulundurpet,Kallakurichi,1490000,1069,13.74,Apartment
1895,0-1,4,6,3,39547,4,11.73346,79.04742,Sankarapuram,Kallakurichi,2180000,1150,9.52,Independent House
1997,1-5,1,2,1,46498,3,11.71328,78.87451,Sankarapuram,Kallakurichi,1410000,706,9.71,Apartment
4885,10+,3,5,2,34797,4,11.76698,78.9361,Rishivandhiyam,Kallakurichi,2800000,573,4.16,Villa
534,5-10,3,5,2,50838,5,11.62127,79.13732,Tirukoilur,Kallakurichi,1200000,2247,23.25,Apartment
3231,1-5,3,4,1,11552,2,10.3155,78.74747,Kulathur,Pudukkottai,2340000,724,10.68,Independent House
4514,0-1,5,8,3,52683,3,10.40464,78.77321,Iluppur,Pudukkottai,3770000,835,5.83,Villa
602,5-10,2,3,1,64006,3,10.26794,78.84163,Karambakudi,Pudukkottai,1390000,2309,12.65,Independent House
706,5-10,3,5,2,75095,4,10.37428,78.90553,Alangudi,Pudukkottai,1610000,2280,9.36,Apartment
2292,0-1,2,4,2,59997,3,10.2085,78.83692,Kulathur,Pudukkottai,1750000,764,19.13,Apartment
1796,10+,1,3,1,39245,2,10.32313,78.8099,Aranthangi,Pudukkottai,1320000,735,6.39,Apartment
2050,1-5,4,7,3,41670,4,10.2963,78.85786,Karambakudi,Pudukkottai,2540000,1239,10.15,Villa
904,10+,2,4,1,69849,3,10.32702,78.82114,Aranthangi,Pudukkottai,1240000,1372,5.86,Apartment
1352,5-10,4,6,2,31880,6,10.28053,78.9452,Iluppur,Pudukkottai,1340000,991,17.57,Builder Floor
2801,5-10,3,5,3,74810,5,10.21291,78.73249,Karambakudi,Pudukkottai,1590000,568,20.88,Independent House
937,5-10,3,4,1,36834,5,10.37936,79.03159,Iluppur,Pudukkottai,1250000,1334,23.13,Builder Floor
4331,5-10,5,8,4,63316,5,10.54994,78.82391,Alangudi,Pudukkottai,2440000,563,18.93,Villa
2236,5-10,3,5,3,59868,3,10.28783,78.82334,Viralimalai,Pudukkottai,2110000,944,10.22,Independent House
1932,1-5,3,5,3,54399,4,10.49463,78.81471,Iluppur,Pudukkottai,1890000,978,12.79,Apartment
1951,0-1,1,3,1,42728,3,10.4524,78.83882,Aranthangi,Pudukkottai,2580000,1322,8.34,Apartment
545,1-5,2,3,1,61164,2,10.48988,78.93521,Aranthangi,Pudukkottai,1530000,2807,17.57,Apartment
958,0-1,2,3,2,36851,4,10.26883,78.78443,Iluppur,Pudukkottai,1470000,1534,12.93,Apartment
1318,1-5,2,3,2,53339,6,10.34529,78.65576,Karambakudi,Pudukkottai,1510000,1146,18.38,Independent House
747,1-5,2,3,2,81783,3,10.2776,78.78152,Aranthangi,Pudukkottai,1810000,2423,12.11,Apartment
1167,1-5,1,2,1,36338,3,10.28101,78.79212,Alangudi,Pudukkottai,1710000,1465,11.39,Apartment
1288,10+,2,5,1,41060,2,10.41897,78.95716,Alangudi,Pudukkottai,1460000,1134,15.61,Builder Floor
1960,5-10,2,5,2,62158,4,10.46339,78.65379,Karambakudi,Pudukkottai,1040000,531,20.43,Builder Floor
1193,0-1,3,4,1,53947,5,10.36008,78.87835,Karambakudi,Pudukkottai,2090000,1752,6.73,Builder Floor
787,0-1,3,4,3,51941,5,10.5652,78.79407,Aranthangi,Pudukkottai,1710000,2173,20.82,Apartment
1333,10+,2,4,1,59290,3,10.35142,78.73089,Karambakudi,Pudukkottai,1410000,1058,10.25,Apartment
5106,10+,4,7,3,50468,3,10.35954,78.81157,Alangudi,Pudukkottai,2870000,562,2.43,Villa
5752,5-10,3,6,3,19576,5,10.53969,78.84607,Alangudi,Pudukkottai,3170000,551,18.02,Villa
1331,0-1,3,5,1,51176,2,10.34768,78.92279,Alangudi,Pudukkottai,1930000,1450,11.78,Independent House
534,0-1,3,4,1,92940,3,10.45487,78.66414,Kulathur,Pudukkottai,1570000,2940,18.99,Apartment
3205,10+,0,0,0,32631,0,10.32228,78.68879,Iluppur,Pudukkottai,710000,222,15.72,Plot
2151,10+,3,5,1,68968,3,10.31222,78.73933,Aranthangi,Pudukkottai,1830000,851,11.59,Apartment
1914,5-10,2,4,2,82151,4,10.46741,78.84905,Aranthangi,Pudukkottai,1730000,904,10.25,Apartment
1640,0-1,4,6,1,47821,5,10.46885,78.91166,Viralimalai,Pudukkottai,1680000,1024,14.09,Apartment
1344,5-10,3,4,1,81282,3,10.37376,78.83992,Viralimalai,Pudukkottai,1970000,1466,2.27,Apartment
4903,1-5,5,8,3,68459,4,10.45347,78.68252,Viralimalai,Pudukkottai,3340000,681,17.14,Villa
2051,10+,2,4,2,68657,2,10.35379,78.78754,Viralimalai,Pudukkottai,1550000,756,4.58,Apartment
2050,5-10,4,7,3,64993,3,10.46854,78.7214,Kulathur,Pudukkottai,1700000,829,14.63,Independent House
1367,0-1,3,4,3,42956,3,10.48043,78.68826,Alangudi,Pudukkottai,1470000,1075,18.26,Apartment
2064,0-1,2,4,1,59110,4,10.28633,78.83765,Iluppur,Pudukkottai,1860000,901,10.56,Apartment
941,1-5,1,3,1,80646,4,10.54744,78.90867,Kulathur,Pudukkottai,1500000,1594,21.02,Apartment
3080,5-10,5,8,4,55708,4,10.39685,78.84935,Aranthangi,Pudukkottai,3160000,1026,3.72,Villa
1702,10+,3,5,1,54971,3,10.28165,78.75626,Iluppur,Pudukkottai,1650000,969,12.95,Apartment
3180,5-10,2,4,1,63622,6,10.24607,78.78024,Iluppur,Pudukkottai,2010000,632,15.49,Independent House
2687,5-10,4,6,2,48700,3,10.3468,78.90128,Viralimalai,Pudukkottai,3380000,1258,9.6,Villa
696,1-5,2,4,1,38672,3,10.50544,78.792,Viralimalai,Pudukkottai,1710000,2457,14.32,Apartment
2085,1-5,4,6,1,34267,3,10.39938,78.78986,Iluppur,Pudukkottai,2390000,1146,3.97,Apartment
1045,5-10,3,5,2,85626,3,10.26007,78.83269,Iluppur,Pudukkottai,1690000,1617,13.37,Apartment
1284,1-5,2,4,2,79518,2,10.50904,78.81652,Karambakudi,Pudukkottai,1760000,1371,14.39,Apartment
1954,1-5,2,4,2,34253,5,10.40345,78.75941,Karambakudi,Pudukkottai,2620000,1341,7.14,Independent House
1275,1-5,4,7,4,33543,3,10.38673,78.71417,Aranthangi,Pudukkottai,1990000,1561,11.61,Independent House
2490,10+,1,3,1,50896,5,10.46464,78.80312,Iluppur,Pudukkottai,1410000,566,9.63,Apartment
774,5-10,2,3,1,38923,4,10.37012,78.9263,Aranthangi,Pudukkottai,1580000,2041,11.66,Independent House
3011,1-5,4,5,3,44255,5,10.27875,78.69872,Aranthangi,Pudukkottai,1910000,634,17.39,Independent House
1034,10+,3,6,2,48369,5,10.42464,78.74311,Viralimalai,Pudukkottai,1220000,1180,9.79,Builder Floor
3146,5-10,3,6,3,40595,6,10.43866,78.72753,Iluppur,Pudukkottai,2730000,868,12.06,Villa
1379,0-1,2,4,1,37864,4,10.42059,78.85103,Karambakudi,Pudukkottai,2250000,1632,5.67,Apartment
2117,1-5,2,4,1,69596,5,10.36794,78.65236,Kulathur,Pudukkottai,1500000,709,18.39,Apartment
2927,10+,0,0,0,52688,0,10.34156,78.86225,Karambakudi,Pudukkottai,1000000,342,6.26,Plot
1540,10+,4,5,1,56128,4,10.23778,78.80725,Karambakudi,Pudukkottai,1220000,792,15.84,Apartment
1807,1-5,3,5,3,43572,3,10.43373,78.90047,Alangudi,Pudukkottai,1880000,1040,10.65,Apartment
1580,0-1,2,3,1,70376,3,10.51663,78.80896,Iluppur,Pudukkottai,1790000,1133,15.27,Apartment
3311,5-10,3,6,2,60929,3,10.4122,78.80434,Kulathur,Pudukkottai,2350000,710,4.0,Independent House
1679,5-10,3,5,3,74501,4,10.28012,78.81963,Kulathur,Pudukkottai,1550000,923,11.07,Apartment
570,1-5,2,3,1,31653,3,10.19773,78.74636,Viralimalai,Pudukkottai,1390000,2439,21.78,Apartment
1557,1-5,2,4,2,63788,3,10.37323,78.70988,Karambakudi,Pudukkottai,1750000,1124,12.08,Apartment
1784,10+,3,5,3,80550,2,10.36467,78.78541,Kulathur,Pudukkottai,2000000,1121,4.15,Independent House
3447,1-5,3,4,3,62208,2,10.46566,78.90215,Iluppur,Pudukkottai,2190000,635,13.11,Independent House
833,5-10,2,4,2,52736,4,10.16157,78.84535,Iluppur,Pudukkottai,930000,1116,24.41,Apartment
1491,10+,3,6,3,66181,3,10.43236,78.80849,Karambakudi,Pudukkottai,1670000,1120,5.99,Builder Floor
1397,10+,3,4,2,48665,3,10.30841,78.7551,Alangudi,Pudukkottai,1680000,1203,10.65,Independent House
1115,5-10,4,5,4,49601,2,10.40491,78.80543,Kulathur,Pudukkottai,1630000,1462,3.23,Apartment
3421,10+,4,5,3,63480,5,10.40922,78.7563,Alangudi,Pudukkottai,2060000,602,7.71,Independent House
1454,5-10,3,6,1,72331,3,10.43891,78.73765,Viralimalai,Pudukkottai,1780000,1224,11.16,Independent House
2081,5-10,2,3,2,51524,3,10.31912,78.86716,Iluppur,Pudukkottai,1650000,793,8.48,Apartment
2708,1-5,0,0,0,71938,0,10.40553,78.91788,Kulathur,Pudukkottai,1070000,395,11.07,Plot
2757,5-10,0,0,0,49539,0,10.2382,78.82125,Aranthangi,Pudukkottai,690000,250,15.73,Plot
1927,1-5,2,3,2,39035,3,10.48511,78.74331,Kulathur,Pudukkottai,2030000,1053,14.42,Apartment
2239,1-5,4,7,2,42015,5,10.47831,78.82964,Karambakudi,Pudukkottai,2080000,929,11.01,Independent House
669,5-10,2,4,1,67826,5,10.24354,78.73618,Kulathur,Pudukkottai,1440000,2152,17.71,Apartment
3597,1-5,5,8,4,27815,5,10.38602,78.75548,Viralimalai,Pudukkottai,3610000,1004,7.1,Villa
2034,5-10,4,5,2,61754,5,10.44528,78.7308,Iluppur,Pudukkottai,1640000,806,12.19,Independent House
1728,0-1,5,8,4,77002,2,10.38952,78.8094,Aranthangi,Pudukkottai,2930000,1696,1.6,Independent House
2688,5-10,4,7,3,31138,4,10.31428,78.91182,Iluppur,Pudukkottai,2770000,1031,12.39,Villa
2560,10+,2,3,1,64309,6,10.38857,78.86405,Viralimalai,Pudukkottai,2170000,848,4.91,Independent House
1591,5-10,2,4,1,41598,5,10.4019,78.67451,Alangudi,Pudukkottai,1200000,754,16.11,Apartment
2039,0-1,2,4,2,27731,4,10.43813,78.82149,Alangudi,Pudukkottai,2110000,1035,6.5,Apartment
809,10+,1,3,1,53786,3,10.25643,78.73277,Kulathur,Pudukkottai,1260000,1557,16.71,Apartment
1069,1-5,2,4,1,53141,5,10.3773,78.90948,Viralimalai,Pudukkottai,2380000,2226,9.78,Independent House
1690,10+,1,3,1,40865,5,10.35674,78.93209,Viralimalai,Pudukkottai,1230000,728,12.51,Apartment
1762,0-1,4,5,2,51375,5,10.32834,78.85913,Viralimalai,Pudukkottai,2140000,1215,7.13,Independent House
1876,5-10,0,0,0,56015,0,10.36237,78.8027,Alangudi,Pudukkottai,670000,357,2.71,Plot
1489,1-5,0,0,0,45479,0,10.42215,78.67807,Alangudi,Pudukkottai,850000,571,16.23,Plot
594,0-1,3,5,1,62112,2,10.44159,78.99159,Viralimalai,Pudukkottai,1860000,3131,19.98,Apartment
4515,5-10,4,7,3,36006,5,10.39113,78.76294,Alangudi,Pudukkottai,3540000,784,6.38,Villa
2358,0-1,2,3,2,50057,3,10.38753,78.67782,Aranthangi,Pudukkottai,2080000,882,15.59,Apartment
4163,1-5,5,8,2,69884,6,10.38451,78.83461,Kulathur,Pudukkottai,2730000,656,1.67,Villa
795,5-10,3,4,2,67749,4,10.4502,78.79863,Karambakudi,Pudukkottai,2010000,2528,8.18,Independent House
2064,0-1,4,5,1,71357,4,10.49493,78.96037,Iluppur,Pudukkottai,1460000,707,19.99,Apartment
2517,1-5,3,6,1,65472,3,10.43516,78.78884,Aranthangi,Pudukkottai,2330000,926,7.05,Independent House
1145,1-5,0,0,0,47785,0,10.41442,78.79296,Alangudi,Pudukkottai,1040000,908,4.87,Plot
594,1-5,4,5,4,40053,2,10.24678,78.87769,Aranthangi,Pudukkottai,1690000,2845,16.07,Apartment
858,1-5,5,7,3,60727,5,10.27425,79.03471,Kulathur,Pudukkottai,1130000,1317,26.24,Builder Floor
2611,5-10,4,7,4,59842,3,10.24708,78.73131,Iluppur,Pudukkottai,1990000,762,17.66,Villa
2199,5-10,3,5,3,62820,4,10.47055,78.79913,Viralimalai,Pudukkottai,2190000,996,10.36,Independent House
1998,10+,5,6,4,64377,3,10.34801,78.8049,Iluppur,Pudukkottai,1650000,826,3.9,Independent House
3712,0-1,4,6,3,83746,4,10.32941,78.72867,Viralimalai,Pudukkottai,3300000,889,11.46,Villa
2360,0-1,3,5,1,52428,4,10.29421,78.88048,Kulathur,Pudukkottai,1300000,551,11.58,Apartment
4963,5-10,5,8,2,69197,6,10.28482,78.76829,Alangudi,Pudukkottai,2660000,536,11.98,Villa
646,1-5,2,4,2,55376,4,10.3521,78.71863,Alangudi,Pudukkottai,1710000,2647,11.52,Apartment
1326,0-1,4,6,4,60128,3,10.50588,78.8247,Iluppur,Pudukkottai,1840000,1388,14.04,Apartment
836,0-1,2,3,1,57545,5,10.44479,78.82447,Karambakudi,Pudukkottai,2580000,3086,7.25,Independent House
1149,5-10,4,6,4,35408,2,10.3573,78.7989,Kulathur,Pudukkottai,1980000,1723,3.4,Builder Floor
4448,5-10,4,7,4,59691,3,10.17606,78.85126,Karambakudi,Pudukkottai,2170000,488,22.9,Villa
1936,0-1,3,4,3,36455,3,10.43795,78.75655,Iluppur,Pudukkottai,2290000,1183,9.5,Apartment
3020,0-1,3,6,1,49854,3,10.43924,78.8339,Karambakudi,Pudukkottai,2120000,702,6.79,Independent House
2348,1-5,4,7,2,42750,2,10.44309,78.74587,Aranthangi,Pudukkottai,2160000,920,10.75,Independent House
771,0-1,2,3,1,57287,4,10.10386,78.70541,Karambakudi,Pudukkottai,1040000,1349,33.14,Apartment
3279,10+,4,5,4,38275,6,10.58758,78.8151,Viralimalai,Pudukkottai,1260000,384,23.12,Independent House
2784,1-5,4,6,1,56346,3,10.4114,78.73064,Iluppur,Pudukkottai,1900000,682,10.4,Independent House
2445,1-5,5,6,5,37670,6,10.31621,78.86529,Alangudi,Pudukkottai,2100000,859,8.62,Independent House
1260,10+,3,4,1,70280,3,10.35217,78.75245,Karambakudi,Pudukkottai,1480000,1175,8.01,Apartment
2087,5-10,4,6,3,28447,4,10.34284,78.81151,Aranthangi,Pudukkottai,2390000,1145,4.2,Apartment
5890,10+,4,6,2,46327,6,10.32723,78.81923,Karambakudi,Pudukkottai,3190000,542,5.84,Villa
718,1-5,2,3,2,65272,3,10.4701,78.77009,Aranthangi,Pudukkottai,1630000,2270,11.44,Independent House
527,5-10,3,4,2,69640,5,9.36566,78.92664,Mandapam,Ramanathapuram,1320000,2505,10.58,Apartment
2096,10+,2,4,2,64411,3,9.3932,78.90439,Mudukulathur,Ramanathapuram,1110000,530,8.29,Apartment
5111,5-10,4,6,4,41692,5,9.42407,78.85663,Mudukulathur,Ramanathapuram,3390000,663,6.03,Villa
1427,10+,3,5,1,56753,5,9.44997,78.7894,Rameswaram,Ramanathapuram,1250000,876,9.38,Builder Floor
3148,0-1,4,6,3,49437,5,9.39,78.87357,Mudukulathur,Ramanathapuram,2510000,797,4.94,Independent House
3711,10+,0,0,0,69358,0,9.52075,78.7578,Mandapam,Ramanathapuram,770000,207,17.96,Plot
646,1-5,2,3,1,56441,2,9.32238,78.84797,Mandapam,Ramanathapuram,1640000,2539,6.27,Apartment
3293,10+,0,0,0,38407,0,9.27118,78.92535,Mandapam,Ramanathapuram,800000,243,15.62,Plot
2704,1-5,4,5,4,40642,2,9.42186,78.76249,Mandapam,Ramanathapuram,2300000,851,9.05,Independent House
1233,1-5,1,3,1,50531,3,9.39418,78.84552,Mandapam,Ramanathapuram,2290000,1857,2.57,Apartment
4843,1-5,5,8,3,57547,6,9.47552,78.69841,Mandapam,Ramanathapuram,2340000,483,18.24,Villa
3072,1-5,2,5,1,63660,4,9.46097,79.00043,Rameswaram,Ramanathapuram,1620000,527,20.86,Independent House
3557,0-1,0,0,0,36341,0,9.33825,78.82549,Rameswaram,Ramanathapuram,1260000,354,4.26,Plot
3377,1-5,0,0,0,70015,0,9.25885,78.83384,Mudukulathur,Ramanathapuram,860000,255,13.05,Plot
5022,0-1,4,6,3,49829,4,9.3479,78.94714,Kadaladi,Ramanathapuram,3080000,613,13.15,Villa
2612,1-5,3,6,2,31862,2,9.36516,78.90024,Paramakudi,Ramanathapuram,1860000,712,7.72,Independent House
5351,0-1,5,8,3,46076,5,9.26777,78.77716,Paramakudi,Ramanathapuram,3760000,703,13.42,Villa
2690,5-10,4,6,1,62864,3,9.44805,78.80922,Paramakudi,Ramanathapuram,2080000,773,8.33,Independent House
2458,5-10,0,0,0,58535,0,9.38848,78.97157,Paramakudi,Ramanathapuram,810000,330,15.5,Plot
484,1-5,2,4,2,47807,3,9.34691,78.76567,Kadaladi,Ramanathapuram,1690000,3492,7.85,Apartment
1941,10+,3,4,3,40345,5,9.43348,78.86348,Mudukulathur,Ramanathapuram,1450000,747,7.31,Builder Floor
1631,10+,5,8,1,11260,6,9.48637,78.82723,Kamuthi,Ramanathapuram,1130000,693,12.26,Builder Floor
1692,5-10,3,6,3,34506,5,9.41581,78.83418,Kamuthi,Ramanathapuram,1810000,1070,4.42,Builder Floor
2190,0-1,4,5,3,41364,2,9.53483,78.81586,Kamuthi,Ramanathapuram,1790000,817,17.71,Apartment
3477,10+,3,4,1,59466,3,9.49065,78.78753,Kamuthi,Ramanathapuram,1420000,408,13.58,Independent House
2294,5-10,4,7,3,55049,5,9.31245,78.7669,Mudukulathur,Ramanathapuram,1990000,867,9.97,Villa
2536,1-5,3,4,1,63852,6,9.31035,78.73888,Kadaladi,Ramanathapuram,2330000,919,12.46,Independent House
3703,1-5,0,0,0,29601,0,9.33847,78.8099,Mandapam,Ramanathapuram,810000,219,4.78,Plot
2286,10+,2,4,1,43288,5,9.29633,78.79395,Kamuthi,Ramanathapuram,1480000,647,9.76,Apartment
879,1-5,3,5,2,54109,5,9.23147,78.92231,Kadaladi,Ramanathapuram,1500000,1706,18.97,Builder Floor
2369,1-5,3,6,1,50190,3,9.44762,78.90947,Mudukulathur,Ramanathapuram,1990000,840,11.73,Independent House
3035,10+,0,0,0,63814,0,9.42728,78.73666,Mandapam,Ramanathapuram,880000,290,11.79,Plot
2103,1-5,1,2,1,43182,5,9.49419,78.96383,Paramakudi,Ramanathapuram,1420000,675,19.62,Apartment
1995,1-5,3,5,3,57378,5,9.35799,78.92625,Kamuthi,Ramanathapuram,1760000,882,10.67,Apartment
2592,10+,3,6,1,55978,6,9.27746,78.75264,Rameswaram,Ramanathapuram,1150000,444,13.93,Independent House
2246,1-5,3,4,2,42922,3,9.31206,78.88838,Paramakudi,Ramanathapuram,2110000,939,9.53,Apartment
3420,1-5,5,8,3,68823,5,9.44715,78.73838,Kadaladi,Ramanathapuram,2330000,681,12.85,Villa
1188,10+,2,3,2,47083,3,9.44767,78.71371,Paramakudi,Ramanathapuram,1430000,1204,15.1,Apartment
1700,5-10,3,4,3,36006,5,9.41226,78.81426,Mandapam,Ramanathapuram,1830000,1076,4.4,Apartment
2667,1-5,0,0,0,50974,0,9.34007,78.97754,Mudukulathur,Ramanathapuram,690000,259,16.59,Plot
1202,1-5,1,3,1,52142,5,9.3371,78.92512,Mudukulathur,Ramanathapuram,1710000,1423,11.22,Apartment
917,5-10,3,4,2,64546,5,9.25365,78.78001,Rameswaram,Ramanathapuram,1800000,1963,14.72,Independent House
2736,5-10,4,5,4,65838,4,9.3292,79.00627,Paramakudi,Ramanathapuram,1430000,523,19.95,Independent House
1334,5-10,2,3,2,46799,2,9.2014,78.66375,Rameswaram,Ramanathapuram,1010000,757,26.72,Apartment
2841,10+,3,6,3,54418,3,9.39881,78.79479,Kamuthi,Ramanathapuram,2260000,795,4.68,Independent House
1552,0-1,3,4,1,42939,4,9.35935,79.02282,Kamuthi,Ramanathapuram,1690000,1089,21.15,Apartment
1094,5-10,2,3,1,69386,2,9.29222,78.88288,Kamuthi,Ramanathapuram,1620000,1481,10.95,Builder Floor
1626,0-1,3,5,1,47288,4,9.43824,78.86556,Mandapam,Ramanathapuram,2340000,1439,7.88,Independent House
1645,1-5,2,4,2,27197,4,9.3087,78.94055,Mudukulathur,Ramanathapuram,1860000,1131,14.19,Apartment
1891,1-5,3,5,1,68868,4,9.37519,78.76817,Kadaladi,Ramanathapuram,1760000,931,6.87,Apartment
509,1-5,3,5,3,64907,4,9.42091,78.84242,Rameswaram,Ramanathapuram,1840000,3615,5.13,Apartment
1632,10+,0,0,0,49881,0,9.23644,78.92132,Mandapam,Ramanathapuram,570000,349,18.44,Plot
496,5-10,3,5,3,44808,3,9.39529,78.91062,Rameswaram,Ramanathapuram,1380000,2782,9.01,Apartment
2263,5-10,3,5,3,48462,2,9.39098,78.95845,Kadaladi,Ramanathapuram,1740000,769,14.1,Apartment
699,1-5,3,5,2,62310,4,9.55039,78.83337,Rameswaram,Ramanathapuram,1500000,2146,19.37,Apartment
2476,5-10,2,3,2,72701,3,9.34288,78.69171,Kadaladi,Ramanathapuram,1560000,630,15.7,Apartment
1227,1-5,3,4,2,47398,2,9.23083,78.70638,Paramakudi,Ramanathapuram,1400000,1141,21.16,Builder Floor
2197,5-10,0,0,0,36539,0,9.36158,78.79228,Kamuthi,Ramanathapuram,820000,373,4.53,Plot
5227,10+,5,7,2,59864,6,9.31035,78.83625,Mudukulathur,Ramanathapuram,2690000,515,7.35,Villa
2711,5-10,3,6,2,59336,2,9.45789,78.90793,Kamuthi,Ramanathapuram,1750000,646,12.41,Independent House
5937,5-10,3,6,4,48234,4,9.37576,78.71838,Kamuthi,Ramanathapuram,2650000,446,12.33,Villa
2564,10+,0,0,0,40496,0,9.36982,78.82424,Mandapam,Ramanathapuram,990000,386,1.01,Plot
884,1-5,5,6,4,62221,2,9.3487,78.911,Mandapam,Ramanathapuram,2170000,2455,9.32,Independent House
742,5-10,2,4,1,46061,2,9.3351,78.8665,Mandapam,Ramanathapuram,1640000,2210,6.02,Apartment
2536,0-1,3,5,4,40166,5,9.4421,78.73178,Mudukulathur,Ramanathapuram,2930000,1155,13.1,Villa
2329,5-10,3,5,2,35054,3,9.39145,78.87208,Kadaladi,Ramanathapuram,1850000,794,4.84,Apartment
1183,0-1,2,4,2,26286,2,9.35493,78.90214,Kamuthi,Ramanathapuram,1910000,1615,8.18,Apartment
608,10+,1,3,1,49266,2,9.39683,78.87338,Rameswaram,Ramanathapuram,1370000,2253,5.2,Apartment
1360,1-5,2,4,2,71652,2,9.40475,78.86969,Mudukulathur,Ramanathapuram,1730000,1272,5.32,Apartment
1925,5-10,4,7,4,45270,4,9.39358,78.92618,Mudukulathur,Ramanathapuram,1690000,878,10.64,Independent House
1951,5-10,4,6,4,67945,3,9.25317,78.88309,Kamuthi,Ramanathapuram,1460000,748,14.83,Builder Floor
1752,1-5,3,5,1,57495,3,9.27293,78.85658,Kadaladi,Ramanathapuram,1700000,970,11.83,Apartment
5149,5-10,4,7,3,42389,5,9.37387,78.70265,Mandapam,Ramanathapuram,3060000,594,14.06,Villa
461,10+,4,6,3,43184,4,9.48448,78.8642,Rameswaram,Ramanathapuram,1520000,3297,12.59,Apartment
2480,10+,3,5,2,67704,6,9.3107,78.84846,Mandapam,Ramanathapuram,1920000,774,7.54,Independent House
1537,1-5,0,0,0,37461,0,9.33518,78.81248,Kamuthi,Ramanathapuram,1060000,690,4.98,Plot
984,10+,3,5,3,69930,2,9.47776,78.77316,Paramakudi,Ramanathapuram,1560000,1585,12.94,Apartment
1602,1-5,2,3,2,52281,4,9.41312,78.87549,Paramakudi,Ramanathapuram,2030000,1267,6.39,Apartment
585,5-10,2,3,1,34495,4,9.39455,78.74358,Mandapam,Ramanathapuram,1490000,2547,9.78,Apartment
1591,1-5,3,4,1,34504,3,9.46015,78.84371,Paramakudi,Ramanathapuram,2100000,1320,9.44,Apartment
1534,1-5,4,6,2,54259,4,9.4478,78.81816,Kadaladi,Ramanathapuram,1720000,1121,8.08,Apartment
1516,1-5,3,4,2,32096,4,9.44895,78.85715,Rameswaram,Ramanathapuram,2140000,1412,8.59,Apartment
1920,10+,3,4,2,50321,2,9.33655,78.82236,Mudukulathur,Ramanathapuram,1610000,839,4.51,Apartment
471,5-10,3,4,3,81254,4,9.33915,78.87433,Paramakudi,Ramanathapuram,1300000,2760,6.31,Apartment
4302,5-10,3,6,4,28149,3,9.43215,78.89822,Rameswaram,Ramanathapuram,2730000,635,9.66,Villa
1134,5-10,2,3,1,58234,5,9.32841,78.8561,Mudukulathur,Ramanathapuram,1670000,1473,6.0,Builder Floor
2443,0-1,2,3,2,38465,3,9.46481,78.84772,Paramakudi,Ramanathapuram,2250000,921,10.03,Apartment
1174,0-1,2,3,1,55020,2,9.47577,78.84692,Rameswaram,Ramanathapuram,2050000,1746,11.21,Apartment
1926,5-10,4,5,1,63818,3,9.35883,78.89456,Mandapam,Ramanathapuram,2030000,1054,7.26,Apartment
1217,10+,3,4,2,56572,3,9.36048,78.91608,Mudukulathur,Ramanathapuram,1720000,1413,9.52,Independent House
2039,10+,2,3,1,51039,3,9.45596,78.84623,Paramakudi,Ramanathapuram,1140000,559,9.03,Apartment
1641,5-10,3,4,1,36234,3,9.38212,78.92807,Mudukulathur,Ramanathapuram,1590000,969,10.69,Builder Floor
4100,10+,3,5,4,22894,5,9.31599,78.67829,Kamuthi,Ramanathapuram,2560000,624,18.02,Villa
833,1-5,2,4,1,54758,3,9.3607,78.89336,Kadaladi,Ramanathapuram,2160000,2593,7.08,Apartment
5011,1-5,5,8,2,45240,4,9.31874,78.84772,Kamuthi,Ramanathapuram,4000000,798,6.65,Villa
2937,5-10,5,7,3,34811,5,9.44546,78.79642,Rameswaram,Ramanathapuram,3100000,1055,8.58,Villa
1383,5-10,4,5,2,36726,3,9.48419,78.83243,Kadaladi,Ramanathapuram,1720000,1244,12.01,Independent House
1202,1-5,2,3,2,52641,5,9.34907,78.90021,Mudukulathur,Ramanathapuram,1710000,1423,8.19,Apartment
3479,0-1,5,7,3,69576,4,9.22523,78.9214,Mudukulathur,Ramanathapuram,2890000,831,19.51,Villa
3744,1-5,3,5,2,46765,6,9.2362,78.84556,Mudukulathur,Ramanathapuram,2990000,799,15.65,Villa
895,5-10,4,6,4,42749,5,9.26544,78.82257,Kamuthi,Ramanathapuram,1390000,1553,12.35,Apartment
1558,5-10,0,0,0,61023,0,9.31217,78.78478,Rameswaram,Ramanathapuram,980000,629,8.73,Plot
2773,5-10,2,4,1,55002,2,9.47591,79.0384,Mandapam,Ramanathapuram,1430000,516,25.33,Independent House
809,5-10,2,4,2,48529,3,9.40031,78.81944,Kamuthi,Ramanathapuram,2150000,2658,2.96,Apartment
2146,10+,3,5,1,56701,4,9.54954,78.84862,Rameswaram,Ramanathapuram,1260000,587,19.37,Apartment
3533,1-5,0,0,0,54696,0,9.39215,78.8036,Kamuthi,Ramanathapuram,1290000,365,3.47,Plot
953,10+,3,6,3,53819,4,9.39093,78.8888,Rameswaram,Ramanathapuram,1770000,1857,6.57,Independent House
1785,10+,2,3,2,42416,4,9.28791,78.85746,Rameswaram,Ramanathapuram,1490000,835,10.24,Apartment
1644,0-1,4,5,3,26303,6,9.31043,78.93371,Rameswaram,Ramanathapuram,2020000,1229,13.45,Independent House
894,10+,2,3,2,82226,4,9.41345,78.75733,Kamuthi,Ramanathapuram,1360000,1521,9.06,Builder Floor
1579,5-10,2,3,2,26206,5,9.42357,78.83157,Kadaladi,Ramanathapuram,2190000,1387,5.27,Independent House
1482,1-5,3,6,3,43031,5,9.31086,78.73889,Mandapam,Ramanathapuram,1960000,1323,12.43,Independent House
1176,5-10,3,5,1,70560,2,9.47933,78.78393,Kamuthi,Ramanathapuram,1170000,995,12.57,Builder Floor
820,5-10,2,4,1,60973,3,9.32096,78.82895,Mudukulathur,Ramanathapuram,1830000,2232,6.15,Apartment
4241,1-5,4,6,2,42083,4,9.40502,78.76704,Rameswaram,Ramanathapuram,3350000,790,7.69,Villa
2158,0-1,1,3,1,57415,5,9.2817,78.83486,Kamuthi,Ramanathapuram,1520000,704,10.52,Apartment
2152,1-5,1,3,1,51417,5,9.47921,78.85525,Mudukulathur,Ramanathapuram,1740000,809,11.76,Apartment
2499,1-5,2,4,1,55579,3,9.3232,78.79824,Mandapam,Ramanathapuram,1860000,744,6.89,Apartment
5816,10+,4,6,3,27948,6,9.31954,78.85936,Mandapam,Ramanathapuram,3310000,569,7.04,Villa
1220,10+,2,4,1,15300,4,9.41915,78.87761,Kadaladi,Ramanathapuram,1850000,1516,7.01,Independent House
686,0-1,1,3,1,60499,4,9.98102,78.42464,Devakottai,Sivaganga,1460000,2128,16.02,Apartment
2218,1-5,3,4,3,53219,4,9.69469,78.50637,Devakottai,Sivaganga,1860000,839,17.26,Independent House
1350,10+,1,3,1,59487,5,9.63442,78.43321,Tiruppattur,Sivaganga,1130000,837,24.27,Apartment
4875,10+,3,5,3,31078,3,9.75978,78.49478,Devakottai,Sivaganga,2130000,437,9.91,Villa
2039,0-1,2,3,1,42566,3,9.92193,78.47922,Singampunari,Sivaganga,2570000,1260,8.25,Apartment
1026,10+,2,4,1,52578,2,9.96662,78.4791,Karaikudi,Sivaganga,1430000,1394,13.22,Apartment
2046,10+,2,4,1,69092,2,9.96936,78.43961,Tiruppattur,Sivaganga,1530000,748,14.24,Apartment
3446,10+,4,6,2,84080,5,9.92766,78.47869,Manamadurai,Sivaganga,2020000,586,8.89,Villa
629,1-5,3,5,2,29008,2,9.75015,78.43953,Karaikudi,Sivaganga,1690000,2687,11.72,Apartment
714,1-5,2,3,1,36761,2,9.97497,78.30335,Devakottai,Sivaganga,1530000,2143,23.98,Independent House
2092,1-5,3,5,2,52097,2,9.92946,78.35528,Devakottai,Sivaganga,2180000,1042,16.42,Independent House
1339,1-5,3,6,1,57704,4,9.88701,78.54904,Singampunari,Sivaganga,2230000,1665,8.73,Independent House
2122,10+,0,0,0,34237,0,9.83606,78.50497,Karaikudi,Sivaganga,970000,457,3.02,Plot
2066,10+,0,0,0,44431,0,9.83019,78.53411,Karaikudi,Sivaganga,890000,431,6.23,Plot
1376,5-10,3,4,3,54925,3,9.77183,78.53325,Ilayangudi,Sivaganga,1740000,1265,10.25,Apartment
2724,1-5,2,5,2,49903,3,9.85218,78.52769,Manamadurai,Sivaganga,2660000,977,5.24,Independent House
2044,1-5,3,6,3,63560,3,9.98286,78.49002,Manamadurai,Sivaganga,1770000,866,15.07,Independent House
2723,10+,4,7,3,74422,5,9.7842,78.58051,Ilayangudi,Sivaganga,1820000,668,13.07,Independent House
4403,0-1,5,7,4,63299,5,9.75809,78.48248,Ilayangudi,Sivaganga,4350000,988,9.97,Villa
647,5-10,1,3,1,47751,5,9.92181,78.46103,Manamadurai,Sivaganga,2120000,3277,8.5,Apartment
2203,10+,3,4,1,51114,2,10.00861,78.58119,Karaikudi,Sivaganga,1300000,590,21.04,Apartment
1310,5-10,0,0,0,42190,0,9.91575,78.44878,Karaikudi,Sivaganga,1000000,763,8.31,Plot
2033,5-10,1,2,1,60409,2,9.84771,78.43063,Ilayangudi,Sivaganga,1760000,866,5.42,Apartment
1792,5-10,3,5,3,10517,4,9.66839,78.47994,Karaikudi,Sivaganga,1360000,759,19.94,Builder Floor
948,10+,4,6,1,74785,5,9.74697,78.47179,Karaikudi,Sivaganga,1550000,1635,11.24,Apartment
2146,1-5,3,5,1,80994,4,9.8508,78.40773,Ilayangudi,Sivaganga,2500000,1165,7.94,Apartment
5073,10+,3,6,2,51854,4,9.73594,78.49563,Devakottai,Sivaganga,2620000,516,12.54,Villa
2049,5-10,2,4,2,66326,2,9.70299,78.59738,Ilayangudi,Sivaganga,1190000,581,20.59,Apartment
1954,5-10,2,4,2,51023,2,9.84388,78.3807,Singampunari,Sivaganga,1720000,880,10.9,Apartment
3608,10+,0,0,0,42828,0,9.96038,78.60017,Devakottai,Sivaganga,580000,161,18.17,Plot
932,1-5,3,5,2,39760,5,9.90297,78.58229,Karaikudi,Sivaganga,1890000,2028,12.77,Apartment
2284,1-5,2,3,1,40474,2,9.84819,78.43402,Devakottai,Sivaganga,1790000,784,5.05,Apartment
3203,10+,0,0,0,78848,0,9.80374,78.59152,Manamadurai,Sivaganga,720000,225,13.15,Plot
888,10+,2,4,2,37916,5,9.75993,78.46472,Karaikudi,Sivaganga,1910000,2151,9.9,Apartment
720,5-10,2,3,1,49337,3,9.71278,78.41611,Ilayangudi,Sivaganga,1600000,2222,16.56,Apartment
2248,0-1,2,3,1,67948,4,9.86136,78.67815,Tiruppattur,Sivaganga,1870000,832,21.75,Apartment
2503,5-10,3,5,1,67100,6,9.76312,78.52525,Karaikudi,Sivaganga,2050000,819,10.63,Independent House
1420,5-10,3,5,3,22861,2,9.923,78.41684,Ilayangudi,Sivaganga,1810000,1275,10.87,Apartment
1070,0-1,3,5,3,41265,3,9.80661,78.476,Tiruppattur,Sivaganga,1960000,1832,4.59,Builder Floor
2167,0-1,2,4,1,54013,5,9.95297,78.49196,Singampunari,Sivaganga,2080000,960,11.78,Apartment
453,1-5,2,3,1,41213,5,9.81403,78.50186,Devakottai,Sivaganga,1990000,4393,4.44,Apartment
1943,10+,3,6,3,81364,2,9.7696,78.4783,Singampunari,Sivaganga,1740000,896,8.69,Independent House
1665,10+,0,0,0,58519,0,9.86266,78.44887,Ilayangudi,Sivaganga,720000,432,3.8,Plot
1966,1-5,0,0,0,56306,0,9.74328,78.57406,Devakottai,Sivaganga,980000,498,15.52,Plot
1884,10+,3,5,3,32459,4,9.90139,78.43678,Singampunari,Sivaganga,1560000,828,7.63,Apartment
2645,1-5,2,4,2,90733,2,9.72267,78.62023,Manamadurai,Sivaganga,2210000,836,20.71,Independent House
3406,10+,3,5,1,64869,2,9.81369,78.44546,Manamadurai,Sivaganga,2010000,590,5.36,Independent House
3631,10+,0,0,0,58450,0,9.92876,78.31398,Tiruppattur,Sivaganga,620000,171,20.31,Plot
652,1-5,1,2,1,66118,5,9.93105,78.40041,Singampunari,Sivaganga,1750000,2684,12.73,Apartment
1142,5-10,4,6,1,79946,3,9.75423,78.60056,Ilayangudi,Sivaganga,1350000,1182,16.8,Apartment
520,0-1,3,4,3,73091,4,9.87034,78.43458,Ilayangudi,Sivaganga,1620000,3115,5.59,Apartment
2456,5-10,1,3,1,57990,5,9.92812,78.40961,Tiruppattur,Sivaganga,1560000,635,11.81,Apartment
2307,10+,3,5,2,63302,3,9.98767,78.47341,Devakottai,Sivaganga,1200000,520,15.58,Apartment
4198,1-5,4,6,2,32905,5,9.92099,78.38224,Karaikudi,Sivaganga,3430000,817,13.47,Villa
1858,1-5,3,4,2,58603,6,9.77596,78.41437,Devakottai,Sivaganga,1520000,818,10.75,Builder Floor
888,1-5,0,0,0,40935,0,9.93901,78.60198,Tiruppattur,Sivaganga,820000,923,16.77,Plot
2761,0-1,5,8,3,84636,4,9.95331,78.48798,Karaikudi,Sivaganga,4250000,1539,11.77,Villa
2580,1-5,4,6,4,32250,6,9.84363,78.5025,Devakottai,Sivaganga,4620000,1791,2.5,Villa
676,5-10,5,7,1,59346,4,9.871,78.51592,Singampunari,Sivaganga,2020000,2988,4.7,Independent House
1590,5-10,2,3,1,67196,4,9.83536,78.40554,Manamadurai,Sivaganga,1880000,1182,8.28,Independent House
1804,10+,4,6,4,34587,2,9.75688,78.34885,Singampunari,Sivaganga,1770000,981,17.57,Independent House
2297,1-5,2,3,1,53993,2,9.85351,78.52347,Singampunari,Sivaganga,2460000,1071,4.8,Independent House
893,5-10,3,6,2,39282,5,9.89454,78.62257,Singampunari,Sivaganga,1300000,1456,16.45,Builder Floor
804,10+,3,5,1,43309,2,9.85513,78.45369,Manamadurai,Sivaganga,1640000,2040,3.01,Builder Floor
2110,5-10,2,4,2,50677,4,9.78488,78.55077,Manamadurai,Sivaganga,1970000,934,10.43,Apartment
3280,1-5,0,0,0,59855,0,9.7463,78.4521,Ilayangudi,Sivaganga,1020000,311,11.69,Plot
2036,1-5,0,0,0,30566,0,9.82594,78.45859,Tiruppattur,Sivaganga,1280000,629,3.38,Plot
2336,0-1,2,4,2,62806,6,9.91709,78.40778,Devakottai,Sivaganga,2070000,886,11.06,Independent House
2048,10+,2,4,2,61501,4,9.86986,78.52583,Karaikudi,Sivaganga,1890000,923,5.58,Apartment
3183,1-5,3,6,3,83762,5,9.92737,78.57615,Karaikudi,Sivaganga,2340000,735,13.75,Independent House
856,10+,1,2,1,76244,3,9.73868,78.41624,Devakottai,Sivaganga,1200000,1402,14.0,Apartment
2074,5-10,2,4,1,43470,3,9.77774,78.40275,Manamadurai,Sivaganga,1490000,718,11.5,Apartment
1757,5-10,2,4,2,23436,2,9.80118,78.431,Tiruppattur,Sivaganga,1480000,842,7.46,Apartment
1312,10+,3,4,3,70594,3,9.89606,78.52763,Singampunari,Sivaganga,1740000,1326,7.49,Apartment
2006,0-1,4,6,3,54277,2,9.85232,78.54564,Singampunari,Sivaganga,1990000,992,7.2,Apartment
4370,5-10,3,5,4,52738,4,9.91463,78.44161,Devakottai,Sivaganga,3820000,874,8.55,Villa
980,1-5,2,4,1,5105,2,9.99144,78.48528,Singampunari,Sivaganga,1810000,1847,15.99,Independent House
1601,10+,3,4,1,65816,2,9.85987,78.31842,Devakottai,Sivaganga,1490000,931,17.76,Independent House
1464,0-1,3,5,2,74226,4,9.78192,78.41716,Karaikudi,Sivaganga,2080000,1421,10.05,Apartment
1780,5-10,4,5,1,47830,6,9.86623,78.62674,Manamadurai,Sivaganga,1470000,826,16.2,Independent House
2041,10+,1,3,1,62582,3,9.91834,78.37668,Manamadurai,Sivaganga,1470000,720,13.79,Apartment
3899,1-5,5,7,3,50731,4,9.8296,78.54578,Manamadurai,Sivaganga,4120000,1057,7.47,Villa
2253,1-5,2,3,2,54132,5,9.86822,78.38225,Devakottai,Sivaganga,1880000,834,10.96,Apartment
2797,1-5,3,6,2,52517,4,9.72826,78.57352,Karaikudi,Sivaganga,2740000,980,16.77,Villa
5309,5-10,3,6,4,57281,6,9.7963,78.53768,Manamadurai,Sivaganga,3660000,689,8.51,Villa
2269,5-10,3,5,4,68191,4,9.85656,78.64798,Karaikudi,Sivaganga,2400000,1058,18.42,Villa
3266,1-5,0,0,0,86133,0,9.81122,78.52404,Devakottai,Sivaganga,1190000,364,6.3,Plot
845,5-10,2,4,2,61740,2,9.83659,78.57652,Devakottai,Sivaganga,1710000,2024,10.64,Apartment
3024,5-10,2,5,2,59551,2,9.88142,78.34046,Manamadurai,Sivaganga,1690000,559,15.75,Independent House
986,1-5,2,4,2,88206,5,9.77832,78.52199,Ilayangudi,Sivaganga,1860000,1886,8.98,Builder Floor
1172,1-5,3,4,2,59802,3,9.78209,78.39665,Singampunari,Sivaganga,1660000,1416,11.7,Apartment
1732,0-1,3,6,2,39726,6,9.87197,78.38049,Karaikudi,Sivaganga,2260000,1305,11.24,Independent House
3135,0-1,4,6,4,64007,4,10.00639,78.48191,Tiruppattur,Sivaganga,3590000,1145,17.65,Villa
1382,0-1,2,3,1,55167,4,9.91931,78.49707,Ilayangudi,Sivaganga,1830000,1324,8.18,Apartment
1074,5-10,3,5,2,44637,4,9.90732,78.42471,Tiruppattur,Sivaganga,1800000,1676,8.99,Apartment
2294,1-5,5,7,4,91548,2,9.81563,78.37224,Ilayangudi,Sivaganga,2430000,1059,12.34,Independent House
865,1-5,3,6,3,77165,2,9.80664,78.39946,Singampunari,Sivaganga,1710000,1977,9.95,Independent House
2253,1-5,4,6,3,53517,5,9.98423,78.51467,Tiruppattur,Sivaganga,1560000,692,15.65,Apartment
2563,1-5,3,6,1,62554,3,9.87488,78.52238,Devakottai,Sivaganga,2210000,862,5.53,Independent House
2617,5-10,4,7,2,48120,5,10.02083,78.43335,Karaikudi,Sivaganga,1590000,608,19.92,Independent House
4392,5-10,3,5,2,84815,6,9.90862,78.52853,Karaikudi,Sivaganga,3630000,827,8.6,Villa
1650,1-5,3,4,3,50352,3,9.90864,78.45765,Singampunari,Sivaganga,1830000,1109,7.21,Apartment
2062,1-5,3,5,3,50075,3,9.83976,78.4382,Karaikudi,Sivaganga,3790000,1838,4.67,Villa
1264,0-1,1,2,1,52658,5,9.70848,78.35162,Ilayangudi,Sivaganga,1810000,1432,20.93,Apartment
1430,5-10,1,3,1,55077,5,9.762,78.33439,Tiruppattur,Sivaganga,1370000,958,18.59,Apartment
2485,5-10,4,5,3,61545,3,9.82218,78.57683,Tiruppattur,Sivaganga,1690000,680,10.97,Apartment
2541,5-10,5,8,4,12959,6,9.86408,78.44752,Manamadurai,Sivaganga,2940000,1157,4.01,Villa
5762,10+,3,6,2,61885,3,9.84048,78.34607,Manamadurai,Sivaganga,2990000,519,14.71,Villa
1299,1-5,2,3,1,48423,3,10.0173,78.55879,Singampunari,Sivaganga,1960000,1509,20.73,Independent House
1081,0-1,5,8,4,58620,6,9.954,78.49892,Tiruppattur,Sivaganga,2390000,2211,12.0,Independent House
1262,1-5,1,2,1,81060,4,9.86657,78.40177,Devakottai,Sivaganga,1880000,1490,8.83,Apartment
1705,0-1,3,5,2,65152,2,9.77342,78.40129,Tiruppattur,Sivaganga,1910000,1120,11.95,Builder Floor
1580,1-5,2,3,2,44102,5,9.70527,78.46616,Karaikudi,Sivaganga,1800000,1139,15.91,Apartment
3637,10+,0,0,0,41066,0,9.79546,78.38549,Tiruppattur,Sivaganga,670000,184,11.88,Plot
1160,10+,2,3,2,81544,4,9.78077,78.44754,Devakottai,Sivaganga,1440000,1241,8.25,Apartment
1454,10+,2,3,1,41696,3,9.75729,78.64031,Ilayangudi,Sivaganga,1260000,867,20.23,Independent House
1315,5-10,3,4,2,70585,5,9.78398,78.53368,Manamadurai,Sivaganga,1760000,1338,9.2,Apartment
2059,0-1,2,4,2,27107,6,9.81757,78.43932,Ilayangudi,Sivaganga,2820000,1370,5.58,Independent House
1484,10+,2,3,2,92716,2,9.96012,78.52079,Devakottai,Sivaganga,1590000,1071,13.27,Apartment
1163,10+,2,4,1,75620,3,9.80831,78.48886,Tiruppattur,Sivaganga,1360000,1169,4.48,Builder Floor
5213,1-5,3,6,4,24803,4,9.86361,78.39883,Singampunari,Sivaganga,3650000,700,9.08,Villa
3464,1-5,2,4,1,48331,6,9.91247,78.45515,Manamadurai,Sivaganga,2500000,722,7.7,Independent House
1155,0-1,3,5,2,5555,3,9.86134,78.60454,Singampunari,Sivaganga,1850000,1602,13.72,Apartment
831,0-1,3,4,3,72492,2,9.84888,78.56429,Singampunari,Sivaganga,1880000,2262,9.22,Builder Floor
1599,10+,5,6,1,60796,6,9.8842,78.50182,Karaikudi,Sivaganga,1910000,1194,4.7,Independent House
879,1-5,0,0,0,29752,0,9.97714,78.45404,Tiruppattur,Sivaganga,630000,717,14.67,Plot
1158,1-5,3,4,1,61450,5,9.79115,78.49728,Ilayangudi,Sivaganga,2020000,1744,6.56,Apartment
1707,1-5,1,3,1,59593,3,9.88145,78.50242,Manamadurai,Sivaganga,1940000,1136,4.48,Apartment
826,5-10,1,3,1,74224,3,9.91673,78.39538,Devakottai,Sivaganga,1440000,1743,12.04,Apartment
1461,1-5,3,5,2,43255,4,9.5645,78.12193,Srivilliputhur,Virudhunagar,2010000,1376,17.5,Apartment
1541,10+,2,3,1,52768,3,9.46492,78.03709,Sivakasi,Virudhunagar,1580000,1025,14.09,Apartment
3237,1-5,5,6,1,60454,4,9.47998,78.13823,Rajapalayam,Virudhunagar,1790000,553,21.62,Independent House
935,1-5,3,4,2,62287,5,9.62725,78.07535,Sattur,Virudhunagar,1960000,2096,14.03,Apartment
1236,1-5,2,5,1,47206,4,9.71706,77.97933,Watrap,Virudhunagar,1610000,1303,16.68,Builder Floor
993,1-5,2,4,2,68581,4,9.48124,77.96091,Sattur,Virudhunagar,1900000,1913,9.65,Apartment
2173,1-5,2,3,1,51165,3,9.58628,77.88261,Sattur,Virudhunagar,2280000,1049,8.98,Independent House
1454,1-5,3,5,3,83723,2,9.55579,77.90977,Rajapalayam,Virudhunagar,2120000,1458,5.93,Builder Floor
1010,0-1,2,3,1,22189,3,9.54274,78.13444,Watrap,Virudhunagar,1530000,1515,19.07,Builder Floor
3208,1-5,4,7,2,77311,3,9.52199,77.89708,Sivakasi,Virudhunagar,3900000,1216,8.8,Villa
1001,1-5,2,4,1,37535,5,9.53746,78.0211,Sivakasi,Virudhunagar,2480000,2478,7.28,Apartment
5603,1-5,5,8,2,57282,5,9.45911,77.9984,Srivilliputhur,Virudhunagar,3540000,632,12.74,Villa
2985,5-10,5,7,4,50322,5,9.50356,77.78157,Sattur,Virudhunagar,2600000,871,21.08,Villa
4387,5-10,4,6,3,55405,3,9.56056,77.9817,Rajapalayam,Virudhunagar,3680000,839,2.27,Villa
2554,1-5,0,0,0,46571,0,9.57881,77.8893,Rajapalayam,Virudhunagar,1300000,509,8.1,Plot
3347,10+,2,5,2,26363,5,9.64383,78.03768,Sivakasi,Virudhunagar,1730000,517,11.8,Independent House
1701,5-10,1,3,1,49427,2,9.57903,77.8834,Rajapalayam,Virudhunagar,1610000,947,8.75,Apartment
1357,1-5,4,6,4,58216,2,9.78188,78.04789,Srivilliputhur,Virudhunagar,1650000,1216,25.56,Apartment
3268,10+,0,0,0,40077,0,9.54516,78.03238,Aruppukkottai,Virudhunagar,960000,294,8.08,Plot
1588,1-5,3,5,2,51535,5,9.70252,77.87173,Aruppukkottai,Virudhunagar,1890000,1190,17.96,Builder Floor
1289,5-10,0,0,0,77569,0,9.63545,77.96187,Sattur,Virudhunagar,960000,745,7.5,Plot
1867,5-10,2,4,2,81195,3,9.59147,78.00111,Rajapalayam,Virudhunagar,2380000,1275,4.98,Apartment
2815,5-10,5,7,3,39116,4,9.49171,77.80912,Watrap,Virudhunagar,2880000,1023,18.83,Villa
1227,5-10,3,5,1,67754,4,9.46412,77.97673,Srivilliputhur,Virudhunagar,2120000,1728,11.66,Apartment
3756,1-5,3,5,3,55412,3,9.66192,77.96462,Sattur,Virudhunagar,3620000,964,10.45,Villa
1271,1-5,2,4,1,46447,2,9.61768,77.8849,Rajapalayam,Virudhunagar,1960000,1542,10.13,Apartment
2308,1-5,3,4,3,67533,3,9.61524,77.8842,Srivilliputhur,Virudhunagar,2320000,1005,10.06,Apartment
973,5-10,4,5,2,52629,5,9.56293,78.04301,Watrap,Virudhunagar,1800000,1850,8.86,Apartment
1647,0-1,3,5,2,43299,4,9.58124,78.05052,Aruppukkottai,Virudhunagar,2110000,1281,9.77,Apartment
2426,5-10,3,6,2,70432,6,9.61334,77.98508,Watrap,Virudhunagar,2180000,899,5.62,Independent House
820,10+,3,5,2,37324,5,9.53609,77.88042,Sivakasi,Virudhunagar,1240000,1512,9.66,Apartment
1839,0-1,4,6,1,75182,4,9.49717,77.83947,Sattur,Virudhunagar,1760000,957,15.61,Builder Floor
1482,1-5,2,5,1,65840,4,9.70312,77.93826,Sattur,Virudhunagar,2180000,1471,15.26,Independent House
1348,0-1,3,5,2,64818,5,9.64874,77.87257,Aruppukkottai,Virudhunagar,2060000,1528,13.33,Apartment
2783,1-5,4,5,4,48314,2,9.59399,78.11393,Sattur,Virudhunagar,2140000,769,16.86,Independent House
3775,0-1,4,6,4,65389,6,9.56273,77.74664,Aruppukkottai,Virudhunagar,3250000,861,23.67,Villa
1674,5-10,3,5,1,51353,3,9.5467,78.10785,Sattur,Virudhunagar,1830000,1093,16.12,Apartment
3791,10+,4,6,2,33731,6,9.49584,77.98359,Rajapalayam,Virudhunagar,3080000,812,8.35,Villa
2157,10+,2,4,1,77392,4,9.36992,77.8284,Srivilliputhur,Virudhunagar,950000,440,26.48,Independent House
1822,10+,4,6,3,47538,4,9.50848,78.05766,Sattur,Virudhunagar,1660000,911,12.37,Builder Floor
1745,5-10,3,5,1,56648,2,9.58479,78.07174,Watrap,Virudhunagar,2010000,1152,12.13,Independent House
2055,1-5,3,4,1,45276,4,9.6038,77.82764,Aruppukkottai,Virudhunagar,1660000,808,15.3,Apartment
844,10+,2,4,1,39810,5,9.54761,78.00139,Sivakasi,Virudhunagar,1360000,1611,4.84,Apartment
2479,1-5,2,3,2,72492,2,9.48523,77.88741,Aruppukkottai,Virudhunagar,2150000,867,12.34,Apartment
1367,5-10,2,4,2,72656,2,9.53099,77.88829,Rajapalayam,Virudhunagar,2100000,1536,9.11,Apartment
1902,1-5,3,5,2,75585,4,9.5362,78.01148,Srivilliputhur,Virudhunagar,2270000,1193,6.44,Apartment
3000,1-5,4,6,2,54044,5,9.52161,77.91075,Sivakasi,Virudhunagar,3530000,1177,7.66,Villa
3304,10+,3,6,4,60637,5,9.60075,77.80106,Rajapalayam,Virudhunagar,2880000,872,18.06,Villa
1383,5-10,5,8,1,55885,5,9.60429,77.9116,Sivakasi,Virudhunagar,2130000,1540,6.88,Builder Floor
5401,10+,3,6,3,67192,5,9.57837,77.78031,Rajapalayam,Virudhunagar,2070000,383,20.0,Villa
1664,0-1,3,6,2,41946,5,9.54777,77.95703,Aruppukkottai,Virudhunagar,2910000,1749,2.33,Independent House
1423,10+,2,5,2,40454,3,9.44341,77.88037,Watrap,Virudhunagar,1360000,956,16.52,Independent House
5062,10+,4,7,3,59646,3,9.76339,77.98127,Watrap,Virudhunagar,2380000,470,21.82,Villa
836,10+,5,7,2,18882,4,9.71518,77.92384,Watrap,Virudhunagar,1710000,2045,16.9,Independent House
3274,1-5,3,5,3,64962,6,9.35888,77.88674,Sattur,Virudhunagar,3030000,925,24.69,Villa
1498,5-10,4,6,4,42034,2,9.57804,78.07876,Sattur,Virudhunagar,1810000,1208,12.81,Independent House
2533,10+,5,8,3,47508,6,9.54805,77.82713,Sattur,Virudhunagar,2500000,987,15.0,Villa
4754,10+,4,7,4,51172,6,9.63047,77.86896,Srivilliputhur,Virudhunagar,2900000,610,12.38,Villa
1590,1-5,4,6,4,86949,5,9.60889,77.96077,Srivilliputhur,Virudhunagar,2230000,1403,4.55,Apartment
4188,10+,3,6,2,51541,3,9.59606,77.8861,Watrap,Virudhunagar,3010000,719,8.93,Villa
1911,0-1,3,4,1,74355,6,9.49905,77.98713,Aruppukkottai,Virudhunagar,2820000,1476,8.13,Independent House
451,0-1,2,4,2,81292,4,9.65879,77.98654,Srivilliputhur,Virudhunagar,2280000,5055,10.44,Apartment
2032,0-1,2,4,2,69905,3,9.55061,77.94597,Rajapalayam,Virudhunagar,2620000,1289,2.64,Apartment
2995,5-10,3,5,2,55785,4,9.48772,77.98299,Rajapalayam,Virudhunagar,2420000,808,9.21,Independent House
3253,5-10,4,6,2,20774,6,9.54198,77.90029,Aruppukkottai,Virudhunagar,2300000,707,7.4,Independent House
2323,5-10,1,2,1,34232,2,9.62402,77.9578,Watrap,Virudhunagar,1800000,775,6.25,Apartment
1645,5-10,3,5,1,56977,5,9.59555,77.92177,Aruppukkottai,Virudhunagar,2070000,1258,5.41,Apartment
1128,0-1,3,4,2,19275,4,9.58633,77.82314,Sivakasi,Virudhunagar,2210000,1959,15.4,Apartment
1510,5-10,4,7,4,65511,2,9.65308,78.00849,Aruppukkottai,Virudhunagar,2030000,1344,10.73,Independent House
2932,5-10,3,4,2,72723,3,9.55611,77.98218,Sattur,Virudhunagar,2500000,853,2.54,Independent House
3227,1-5,5,7,2,83666,6,9.35779,77.93887,Sivakasi,Virudhunagar,3110000,964,23.52,Villa
1896,10+,2,4,2,51005,6,9.52034,77.99196,Sattur,Virudhunagar,1690000,891,6.21,Independent House
951,1-5,3,4,3,57976,4,9.46602,77.8892,Sattur,Virudhunagar,1690000,1777,13.89,Builder Floor
1866,10+,3,5,1,77884,5,9.54264,78.04902,Rajapalayam,Virudhunagar,1790000,959,9.91,Apartment
2798,5-10,0,0,0,60646,0,9.50459,78.03924,Rajapalayam,Virudhunagar,1140000,407,10.99,Plot
4581,5-10,3,5,3,72442,3,9.4321,77.79438,Watrap,Virudhunagar,2680000,585,23.83,Villa
1646,1-5,0,0,0,72218,0,9.49893,77.98621,Srivilliputhur,Virudhunagar,1210000,735,8.11,Plot
878,1-5,4,6,1,94207,4,9.62655,77.91668,Rajapalayam,Virudhunagar,1810000,2062,8.22,Builder Floor
2871,10+,3,6,3,43091,5,9.5893,78.13933,Rajapalayam,Virudhunagar,1980000,690,19.54,Independent House
1196,5-10,3,5,2,74778,5,9.62718,78.01378,Rajapalayam,Virudhunagar,1740000,1455,8.66,Apartment
904,0-1,2,4,2,77909,5,9.52881,77.86724,Watrap,Virudhunagar,2060000,2279,11.31,Apartment
631,5-10,3,4,3,85884,2,9.5306,78.00534,Srivilliputhur,Virudhunagar,2030000,3217,6.28,Independent House
2478,10+,3,4,2,62861,5,9.49653,77.89087,Srivilliputhur,Virudhunagar,1800000,726,11.17,Apartment
1865,10+,1,2,1,36307,2,9.45797,77.95831,Rajapalayam,Virudhunagar,1530000,820,12.24,Apartment
3252,1-5,3,6,3,43987,6,9.73593,77.99438,Aruppukkottai,Virudhunagar,2110000,649,19.0,Independent House
546,10+,2,4,1,69905,5,9.50881,78.08072,Sattur,Virudhunagar,1550000,2839,14.55,Apartment
3443,5-10,5,8,4,50994,4,9.43995,78.07373,Srivilliputhur,Virudhunagar,2030000,590,18.76,Villa
3200,1-5,4,5,2,28999,6,9.51376,77.82799,Sivakasi,Virudhunagar,2570000,803,15.93,Independent House
1879,5-10,4,7,2,68062,4,9.60133,78.04956,Sivakasi,Virudhunagar,2230000,1187,10.25,Independent House
547,0-1,2,3,1,42655,3,9.60118,77.98933,Watrap,Virudhunagar,2050000,3748,4.73,Apartment
1307,1-5,0,0,0,43781,0,9.60258,77.98191,Watrap,Virudhunagar,1120000,857,4.4,Plot
1098,5-10,0,0,0,51781,0,9.59489,77.94341,Aruppukkottai,Virudhunagar,980000,893,3.64,Plot
629,0-1,3,5,2,42458,3,9.5559,78.02174,Rajapalayam,Virudhunagar,2440000,3879,6.64,Apartment
1186,5-10,1,3,1,35880,2,9.70269,77.91195,Rajapalayam,Virudhunagar,1160000,978,15.97,Apartment
704,0-1,2,3,1,41193,5,9.5252,77.93573,Aruppukkottai,Virudhunagar,2380000,3381,5.59,Apartment
3812,10+,0,0,0,55195,0,9.57055,78.01065,Rajapalayam,Virudhunagar,980000,257,5.3,Plot
3722,10+,5,8,2,64193,6,9.54691,77.96828,Sattur,Virudhunagar,3170000,852,2.43,Villa
3055,0-1,4,7,2,47312,5,9.77161,78.21961,Sattur,Virudhunagar,2660000,871,36.16,Villa
3094,1-5,3,6,1,68284,2,9.62455,77.87897,Rajapalayam,Virudhunagar,2520000,814,11.1,Independent House
2986,1-5,4,7,2,17412,4,9.65451,77.91936,Srivilliputhur,Virudhunagar,2980000,998,10.71,Independent House
1347,5-10,3,5,1,83824,4,9.66736,77.9647,Rajapalayam,Virudhunagar,1980000,1470,11.05,Builder Floor
2062,0-1,0,0,0,50289,0,9.60588,78.08846,Srivilliputhur,Virudhunagar,1190000,577,14.45,Plot
2452,1-5,2,4,1,52730,4,9.55221,77.9322,Srivilliputhur,Virudhunagar,2590000,1056,3.75,Apartment
1035,5-10,2,4,1,78710,3,9.59111,77.98913,Sattur,Virudhunagar,2020000,1952,3.9,Apartment
3862,10+,5,7,3,60700,6,9.45472,78.00843,Srivilliputhur,Virudhunagar,2690000,697,13.57,Villa
2280,10+,4,5,4,67016,5,9.60076,77.89223,Watrap,Virudhunagar,1990000,873,8.51,Independent House
4074,10+,3,5,4,80378,3,9.72794,77.80867,Sattur,Virudhunagar,2060000,506,24.5,Villa
1451,5-10,5,7,5,35191,4,9.54086,77.83108,Aruppukkottai,Virudhunagar,1630000,1123,14.71,Independent House
1542,1-5,1,3,1,43989,4,9.64468,77.92767,Sivakasi,Virudhunagar,2010000,1304,9.34,Apartment
3055,10+,2,3,1,67869,2,9.67674,78.02354,Sivakasi,Virudhunagar,1470000,481,13.82,Independent House
2281,1-5,2,4,2,56115,3,9.49719,78.09643,Watrap,Virudhunagar,1640000,719,16.67,Apartment
2345,10+,5,6,2,67569,4,9.62714,78.12373,Rajapalayam,Virudhunagar,1520000,648,18.87,Independent House
847,1-5,0,0,0,67907,0,9.43118,77.78793,Sivakasi,Virudhunagar,750000,885,24.45,Plot
4211,1-5,4,7,2,39680,4,9.53784,77.9293,Rajapalayam,Virudhunagar,5430000,1289,4.94,Villa
2414,10+,4,6,3,58495,2,9.44707,77.95329,Rajapalayam,Virudhunagar,1710000,708,13.48,Apartment
2253,1-5,1,3,1,62285,3,9.62883,78.03247,Aruppukkottai,Virudhunagar,2770000,1229,10.24,Apartment
1740,1-5,4,5,1,52858,6,9.48215,78.13233,Aruppukkottai,Virudhunagar,1540000,885,20.94,Independent House
691,5-10,2,3,1,67519,3,9.56644,77.78492,Sattur,Virudhunagar,1290000,1867,19.46,Apartment
567,5-10,2,4,2,40517,5,9.46761,77.94199,Srivilliputhur,Virudhunagar,1880000,3316,11.39,Apartment
2946,10+,2,3,2,42672,6,9.67141,78.00213,Rajapalayam,Virudhunagar,1990000,675,12.3,Independent House
751,10+,2,3,1,51029,5,9.6501,78.07033,Aruppukkottai,Virudhunagar,1590000,2117,14.95,Apartment
3311,5-10,2,5,1,48137,4,9.58849,78.15578,Aruppukkottai,Virudhunagar,1790000,541,21.33,Independent House
611,0-1,4,5,1,75647,4,9.52507,77.97955,Aruppukkottai,Virudhunagar,2670000,4370,5.13,Independent House
1131,5-10,5,6,4,46325,5,9.68471,77.94684,Rajapalayam,Virudhunagar,1880000,1662,13.09,Independent House
1677,5-10,2,3,2,55928,5,9.6197,77.9315,Rajapalayam,Virudhunagar,1880000,1121,6.67,Apartment
2133,10+,3,4,3,66259,3,9.73601,78.03655,Sivakasi,Virudhunagar,1590000,745,20.37,Apartment
1600,1-5,3,4,2,76733,4,9.63844,77.98609,Watrap,Virudhunagar,2060000,1288,8.25,Independent House
2692,10+,4,7,4,48708,6,9.53942,77.9982,Watrap,Virudhunagar,2890000,1074,5.05,Villa
679,10+,3,5,3,52536,3,9.5522,78.04785,Srivilliputhur,Virudhunagar,1620000,2386,9.53,Apartment
1217,5-10,3,5,1,38825,2,9.60823,78.09143,Rajapalayam,Virudhunagar,1530000,1257,14.84,Apartment
1644,1-5,0,0,0,36153,0,9.41788,77.90458,Sivakasi,Virudhunagar,820000,499,17.86,Plot
2895,5-10,3,5,1,69606,6,9.53033,77.91207,Rajapalayam,Virudhunagar,2000000,691,6.93,Independent House
1336,10+,3,4,3,60300,5,9.57931,78.01005,Watrap,Virudhunagar,1750000,1310,5.37,Apartment
2605,1-5,3,4,2,46731,2,9.52634,77.79956,Watrap,Virudhunagar,1470000,564,18.45,Independent House
3013,0-1,0,0,0,83496,0,9.49977,77.919,Aruppukkottai,Virudhunagar,1250000,415,8.96,Plot
537,0-1,3,5,3,38906,5,9.50854,78.01415,Rajapalayam,Virudhunagar,2080000,3873,8.71,Apartment
2580,10+,2,4,2,50930,5,9.62555,77.96144,Watrap,Virudhunagar,1290000,500,6.4,Independent House
4700,10+,4,6,4,50196,3,9.81931,77.90686,Sattur,Virudhunagar,2240000,477,28.6,Villa
1677,0-1,2,5,1,51879,5,8.92244,77.23566,Puliyangudi,Tenkasi,2480000,1479,9.65,Independent House
3373,5-10,0,0,0,90358,0,8.92398,77.26395,Courtallam,Tenkasi,980000,291,6.86,Plot
1251,5-10,0,0,0,59578,0,8.94208,77.33198,Sankarankovil,Tenkasi,830000,663,2.66,Plot
1786,0-1,2,3,2,51294,3,9.06248,77.39027,Shencottah,Tenkasi,1480000,829,14.13,Apartment
945,5-10,2,4,2,28030,5,8.92138,77.30142,Sankarankovil,Tenkasi,2150000,2275,4.48,Independent House
1992,0-1,1,2,1,63769,3,9.01049,77.31972,Shencottah,Tenkasi,1950000,979,5.71,Apartment
4840,10+,5,7,2,48057,3,8.99913,77.23155,Sankarankovil,Tenkasi,2280000,471,10.2,Villa
3459,10+,3,5,3,59050,2,8.86308,77.13748,Puliyangudi,Tenkasi,1360000,393,22.26,Independent House
1438,10+,3,4,2,5000,2,8.9454,77.20102,Courtallam,Tenkasi,1390000,967,12.64,Apartment
929,5-10,3,4,2,57890,4,9.02772,77.24283,Courtallam,Tenkasi,1740000,1873,11.0,Apartment
3378,10+,4,5,4,37937,6,8.83721,77.25353,Shencottah,Tenkasi,2130000,631,15.17,Independent House
4948,5-10,5,7,3,69709,4,8.97935,77.27757,Shencottah,Tenkasi,2820000,570,4.7,Villa
2276,10+,0,0,0,49857,0,8.94047,77.39155,Sankarankovil,Tenkasi,590000,259,8.64,Plot
2595,10+,4,6,2,55361,4,8.87073,77.37188,Courtallam,Tenkasi,1400000,539,11.65,Independent House
3817,5-10,0,0,0,36648,0,8.83411,77.36129,Sankarankovil,Tenkasi,910000,238,14.81,Plot
1905,10+,1,2,1,42861,2,8.88943,77.32704,Sankarankovil,Tenkasi,1380000,724,7.88,Apartment
1844,0-1,3,4,2,7489,3,9.05205,77.36307,Kadayam,Tenkasi,1980000,1074,11.58,Apartment
3021,5-10,5,7,4,45521,5,9.02936,77.39789,Sankarankovil,Tenkasi,1980000,655,11.97,Independent House
1944,10+,2,4,1,54300,4,8.88401,77.35361,Kadayam,Tenkasi,1540000,792,9.38,Apartment
2397,10+,5,7,2,71049,4,8.84087,77.34988,Puliyangudi,Tenkasi,2480000,1035,13.71,Villa
3230,1-5,4,7,4,62771,2,8.91353,77.25467,Shencottah,Tenkasi,2680000,830,8.37,Independent House
5316,1-5,4,7,2,25637,6,8.99982,77.32217,Shencottah,Tenkasi,4420000,831,4.57,Villa
2080,0-1,0,0,0,37753,0,8.89651,77.27749,Shencottah,Tenkasi,1190000,572,8.12,Plot
1171,5-10,1,3,1,43152,3,8.91132,77.28167,Kadayam,Tenkasi,1850000,1580,6.48,Apartment
4362,1-5,4,6,4,47546,4,9.08205,77.32634,Kadayam,Tenkasi,3320000,761,13.7,Villa
1776,5-10,4,7,1,54501,4,9.00301,77.41485,Puliyangudi,Tenkasi,1970000,1109,11.98,Independent House
1520,0-1,2,4,1,36181,5,8.79784,77.36715,Kadayam,Tenkasi,1410000,928,18.84,Apartment
864,1-5,2,4,2,40574,4,8.99504,77.22081,Kadayam,Tenkasi,2070000,2396,11.1,Apartment
621,1-5,3,4,3,72732,6,8.91125,77.38694,Shencottah,Tenkasi,1850000,2979,9.52,Independent House
1809,0-1,4,6,3,38260,2,8.94434,77.2051,Alangulam,Tenkasi,1820000,1006,12.21,Builder Floor
2359,5-10,2,4,2,36207,3,9.0271,77.26103,Sankarankovil,Tenkasi,1760000,746,9.6,Apartment
599,0-1,2,3,1,72154,2,8.88654,77.44226,Alangulam,Tenkasi,1220000,2037,16.13,Apartment
938,5-10,2,3,2,39718,4,9.07068,77.33388,Sankarankovil,Tenkasi,1900000,2026,12.55,Builder Floor
1703,10+,3,6,2,69271,3,8.97445,77.28558,Shencottah,Tenkasi,1900000,1116,3.66,Independent House
1839,1-5,1,2,1,39758,5,8.92989,77.48124,Courtallam,Tenkasi,1540000,837,18.53,Apartment
2231,5-10,0,0,0,39674,0,8.966,77.38513,Courtallam,Tenkasi,870000,390,7.72,Plot
4581,5-10,4,6,4,87304,3,9.00527,77.32599,Sankarankovil,Tenkasi,3230000,705,5.25,Villa
3141,10+,0,0,0,44979,0,9.01217,77.20827,Shencottah,Tenkasi,690000,220,13.13,Plot
1424,5-10,2,3,1,53947,4,8.96868,77.36636,Kadayam,Tenkasi,1850000,1299,5.72,Apartment
2758,0-1,3,6,3,45735,5,8.90002,77.21784,Courtallam,Tenkasi,2670000,968,12.56,Independent House
5985,5-10,5,8,2,72943,6,8.89338,77.30987,Puliyangudi,Tenkasi,3880000,648,7.35,Villa
3001,1-5,3,6,2,85505,3,8.9026,77.46816,Shencottah,Tenkasi,1830000,610,17.95,Independent House
5490,1-5,4,7,2,73274,6,8.95222,77.21792,Courtallam,Tenkasi,3600000,656,10.71,Villa
1066,5-10,2,3,1,52814,5,9.02205,77.25767,Shencottah,Tenkasi,1830000,1717,9.41,Independent House
2309,1-5,4,6,1,51084,4,8.91621,77.08673,Courtallam,Tenkasi,1420000,615,25.55,Apartment
1954,1-5,2,5,1,52232,6,8.93963,77.38601,Alangulam,Tenkasi,1990000,1018,8.08,Builder Floor
1523,0-1,4,5,1,72860,5,8.84002,77.17166,Kadayam,Tenkasi,1880000,1234,20.61,Independent House
2971,10+,0,0,0,73625,0,8.8368,77.46135,Puliyangudi,Tenkasi,670000,226,21.06,Plot
1772,1-5,3,4,1,54561,4,8.81759,77.25685,Alangulam,Tenkasi,1680000,948,17.01,Apartment
5881,10+,4,6,4,48863,6,8.93377,77.30103,Alangulam,Tenkasi,2620000,446,3.24,Villa
1518,0-1,0,0,0,69683,0,8.93388,77.28671,Kadayam,Tenkasi,1130000,744,4.22,Plot
1122,10+,2,4,1,27586,4,9.01657,77.29489,Alangulam,Tenkasi,1660000,1480,6.75,Apartment
990,5-10,3,4,3,50038,2,8.96284,77.37776,Puliyangudi,Tenkasi,1310000,1323,6.88,Apartment
2220,5-10,5,7,3,42010,6,8.93293,77.35719,Shencottah,Tenkasi,1740000,784,5.47,Independent House
1777,1-5,2,3,2,54458,5,8.97092,77.22489,Alangulam,Tenkasi,2180000,1227,10.0,Apartment
5572,1-5,4,7,2,52699,6,8.94314,77.27197,Puliyangudi,Tenkasi,3970000,712,5.08,Villa
487,1-5,1,3,1,64919,5,8.88431,77.25654,Courtallam,Tenkasi,1930000,3963,10.54,Apartment
1790,5-10,3,4,1,32286,5,8.90586,77.36192,Alangulam,Tenkasi,1750000,978,7.85,Apartment
1812,1-5,3,5,1,48933,3,8.9214,77.32515,Alangulam,Tenkasi,1980000,1093,4.35,Apartment
1459,10+,0,0,0,20088,0,8.79191,77.26024,Shencottah,Tenkasi,620000,425,19.57,Plot
493,5-10,3,4,3,56270,2,8.86432,77.45185,Puliyangudi,Tenkasi,1180000,2394,18.35,Apartment
1047,1-5,3,4,2,57205,4,8.89645,77.3525,Alangulam,Tenkasi,1990000,1901,8.1,Apartment
1590,10+,2,3,1,53697,2,8.88237,77.29614,Alangulam,Tenkasi,1510000,950,8.81,Apartment
2255,1-5,1,2,1,43185,5,9.0922,77.33204,Courtallam,Tenkasi,1970000,874,14.89,Apartment
5489,1-5,5,8,2,75435,3,8.91987,77.1698,Courtallam,Tenkasi,3050000,556,16.56,Villa
3847,1-5,5,7,3,50979,3,8.91167,77.30211,Kadayam,Tenkasi,3750000,975,5.49,Villa
1002,0-1,4,5,4,46938,2,8.95429,77.31655,Sankarankovil,Tenkasi,2330000,2325,0.58,Independent House
3280,10+,3,6,1,39089,3,8.9511,77.20966,Kadayam,Tenkasi,1880000,573,11.63,Independent House
2452,10+,4,7,1,64049,3,8.94821,77.24402,Shencottah,Tenkasi,1830000,746,7.92,Independent House
5287,1-5,3,5,3,69426,4,8.86132,77.22842,Shencottah,Tenkasi,2680000,507,14.48,Villa
2625,1-5,0,0,0,46824,0,8.86828,77.54168,Courtallam,Tenkasi,760000,290,26.86,Plot
1816,0-1,0,0,0,58591,0,8.94573,77.17441,Sankarankovil,Tenkasi,850000,468,15.54,Plot
2577,10+,0,0,0,66767,0,8.97438,77.38581,Alangulam,Tenkasi,960000,373,7.93,Plot
1618,0-1,1,2,1,49838,2,9.02791,77.34931,Kadayam,Tenkasi,2350000,1452,8.5,Apartment
1817,5-10,2,4,1,90434,5,9.06415,77.3186,Puliyangudi,Tenkasi,1760000,969,11.66,Apartment
3181,1-5,3,4,2,58832,4,9.06102,77.30427,Kadayam,Tenkasi,2770000,871,11.37,Independent House
619,1-5,4,5,3,39645,3,8.88431,77.19937,Puliyangudi,Tenkasi,1060000,1712,15.21,Apartment
5832,10+,3,5,2,22305,3,8.98734,77.23763,Alangulam,Tenkasi,2340000,401,9.07,Villa
2379,10+,5,7,3,73442,4,8.93865,77.47602,Alangulam,Tenkasi,2160000,908,17.81,Villa
3178,10+,0,0,0,73935,0,8.86102,77.28698,Shencottah,Tenkasi,610000,192,11.36,Plot
669,0-1,3,5,2,31787,4,8.90659,77.16765,Shencottah,Tenkasi,1900000,2840,17.24,Apartment
1157,0-1,3,5,1,60888,5,9.01892,77.33081,Sankarankovil,Tenkasi,2120000,1832,6.85,Independent House
1349,10+,4,7,4,73966,2,8.94524,77.3814,Kadayam,Tenkasi,1750000,1297,7.44,Independent House
5686,0-1,4,6,3,58324,6,8.82082,77.23359,Shencottah,Tenkasi,3430000,603,17.82,Villa
2028,1-5,2,4,1,49318,5,8.94027,77.42743,Courtallam,Tenkasi,2220000,1095,12.51,Apartment
2003,5-10,3,5,3,58139,2,9.00518,77.27561,Kadayam,Tenkasi,2120000,1058,6.7,Apartment
473,10+,2,4,1,38933,5,8.94379,77.2702,Kadayam,Tenkasi,1830000,3869,5.24,Apartment
3167,5-10,3,5,2,71929,6,8.91167,77.37764,Alangulam,Tenkasi,2850000,900,8.67,Villa
947,10+,2,4,1,39500,3,9.07405,77.19165,Puliyangudi,Tenkasi,1120000,1183,18.63,Builder Floor
1150,10+,2,3,1,42809,5,8.95099,77.41798,Kadayam,Tenkasi,1450000,1261,11.33,Independent House
1060,0-1,4,6,2,18591,4,9.00974,77.40784,Sankarankovil,Tenkasi,2050000,1934,11.62,Apartment
2009,1-5,2,3,2,61600,5,8.99645,77.40407,Sankarankovil,Tenkasi,2040000,1015,10.6,Apartment
941,0-1,2,3,2,39596,3,8.94273,77.42315,Courtallam,Tenkasi,1680000,1785,12.0,Apartment
2060,10+,1,3,1,38787,3,9.0358,77.3031,Courtallam,Tenkasi,1790000,869,8.61,Apartment
636,0-1,2,4,1,70824,2,8.86359,77.30776,Puliyangudi,Tenkasi,1910000,3003,10.67,Apartment
903,10+,2,4,1,20837,4,8.97413,77.32442,Puliyangudi,Tenkasi,1480000,1639,1.94,Apartment
1875,1-5,3,5,1,50529,4,8.87503,77.35757,Kadayam,Tenkasi,1700000,907,10.46,Apartment
1600,5-10,4,7,1,62159,6,8.96713,77.33631,Kadayam,Tenkasi,1730000,1081,2.48,Builder Floor
1543,5-10,0,0,0,62382,0,9.03501,77.30845,Kadayam,Tenkasi,730000,473,8.45,Plot
1913,10+,3,5,1,60718,5,8.95067,77.33247,Puliyangudi,Tenkasi,1710000,894,2.13,Apartment
1518,1-5,5,7,4,61295,2,8.92382,77.38003,Alangulam,Tenkasi,2560000,1686,8.14,Independent House
936,0-1,1,3,1,36308,4,8.96631,77.4113,Puliyangudi,Tenkasi,1990000,2126,10.58,Apartment
823,5-10,3,4,2,43929,4,9.00594,77.35199,Kadayam,Tenkasi,1740000,2114,6.57,Apartment
2403,1-5,3,4,1,72708,2,8.91567,77.37465,Sankarankovil,Tenkasi,2330000,970,8.14,Apartment
1820,5-10,3,4,3,27821,2,8.94196,77.35207,Puliyangudi,Tenkasi,1820000,1000,4.49,Apartment
2686,10+,3,6,2,72889,6,8.83479,77.14585,Puliyangudi,Tenkasi,1950000,726,23.19,Villa
2807,5-10,0,0,0,57055,0,8.82368,77.22424,Kadayam,Tenkasi,940000,335,18.09,Plot
5027,5-10,4,6,4,42610,5,8.96885,77.30284,Sankarankovil,Tenkasi,4590000,913,1.72,Villa
628,1-5,2,4,2,27836,5,8.91447,77.22845,Shencottah,Tenkasi,2010000,3201,10.75,Apartment
1922,5-10,3,6,2,80005,4,9.06616,77.36214,Courtallam,Tenkasi,1170000,609,12.95,Builder Floor
833,10+,3,5,3,56635,2,9.0672,77.23039,Kadayam,Tenkasi,1490000,1789,15.19,Apartment
2526,5-10,3,4,2,67333,4,9.03488,77.33023,Alangulam,Tenkasi,1670000,661,8.56,Independent House
1832,10+,2,4,1,56407,4,8.98881,77.35462,Sankarankovil,Tenkasi,1420000,775,5.43,Apartment
911,10+,3,6,3,67843,6,8.77816,77.19592,Shencottah,Tenkasi,1380000,1515,24.03,Independent House
1545,0-1,3,5,3,59634,2,8.93301,77.42095,Puliyangudi,Tenkasi,1650000,1068,11.98,Apartment
3209,0-1,2,3,1,72317,6,8.97665,77.28888,Kadayam,Tenkasi,2790000,869,3.48,Independent House
5665,5-10,5,8,2,54327,3,8.94295,77.26357,Kadayam,Tenkasi,3310000,584,5.96,Villa
3003,0-1,0,0,0,26831,0,8.86915,77.37733,Sankarankovil,Tenkasi,950000,316,12.13,Plot
843,0-1,4,5,1,52475,5,8.93288,77.37146,Puliyangudi,Tenkasi,2120000,2515,6.84,Apartment
2200,10+,4,6,1,56569,6,8.9287,77.26753,Alangulam,Tenkasi,1520000,691,6.24,Independent House
1723,5-10,3,5,3,53866,3,9.02352,77.40352,Kadayam,Tenkasi,1640000,952,12.05,Apartment
1062,0-1,3,5,2,39495,4,8.90224,77.43165,Puliyangudi,Tenkasi,990000,932,14.28,Apartment
1888,5-10,2,3,1,67250,3,8.91338,77.37503,Courtallam,Tenkasi,1630000,863,8.32,Apartment
2287,10+,2,3,2,40110,5,9.08738,77.49238,Alangulam,Tenkasi,1300000,568,24.11,Apartment
2331,10+,3,5,3,30997,2,8.12621,77.50216,Nagercoil,Kanyakumari,2210000,948,5.81,Apartment
3154,5-10,5,7,5,45880,2,7.96367,77.4624,Padmanabhapuram,Kanyakumari,1930000,612,16.19,Independent House
1417,1-5,1,3,1,59124,5,8.21366,77.48107,Colachel,Kanyakumari,1910000,1348,15.31,Apartment
1038,1-5,2,4,2,76171,2,8.04081,77.54449,Marthandam,Kanyakumari,2060000,1985,5.32,Apartment
2473,5-10,4,6,3,62967,5,7.91037,77.5431,Padmanabhapuram,Kanyakumari,1740000,704,19.79,Apartment
1540,1-5,2,3,2,99407,2,8.0077,77.61992,Kuzhithurai,Kanyakumari,2350000,1526,12.68,Independent House
678,1-5,3,5,2,80076,3,8.03835,77.52099,Nagercoil,Kanyakumari,2130000,3142,5.88,Apartment
1920,0-1,0,0,0,31054,0,8.06185,77.43365,Nagercoil,Kanyakumari,1290000,672,11.91,Plot
502,10+,3,5,1,36293,2,8.04111,77.35255,Thuckalay,Kanyakumari,1250000,2490,21.13,Apartment
1112,10+,3,5,1,60506,2,8.12215,77.57701,Nagercoil,Kanyakumari,2510000,2257,5.67,Apartment
1315,10+,2,5,1,51487,6,8.1491,77.48625,Nagercoil,Kanyakumari,1520000,1156,8.88,Independent House
663,1-5,1,2,1,52164,4,8.11102,77.66098,Padmanabhapuram,Kanyakumari,1690000,2549,13.72,Apartment
1962,1-5,3,6,2,51551,3,7.94929,77.55282,Kuzhithurai,Kanyakumari,1800000,917,15.54,Independent House
1108,10+,4,5,3,51214,5,8.16364,77.50417,Nagercoil,Kanyakumari,1850000,1670,9.19,Apartment
1998,1-5,2,4,2,37170,2,8.1954,77.59362,Padmanabhapuram,Kanyakumari,2260000,1131,13.37,Apartment
1527,10+,3,4,1,75241,2,8.17148,77.48141,Kuzhithurai,Kanyakumari,2010000,1316,11.18,Apartment
1450,1-5,3,4,2,80734,5,7.91804,77.47742,Colachel,Kanyakumari,1610000,1110,20.09,Apartment
1041,10+,3,5,1,59188,2,8.08846,77.5579,Thuckalay,Kanyakumari,1690000,1623,2.14,Apartment
611,10+,3,6,3,57838,5,8.1336,77.55914,Kuzhithurai,Kanyakumari,1900000,3110,5.53,Independent House
1770,5-10,2,4,1,76271,5,8.03842,77.63378,Kuzhithurai,Kanyakumari,1680000,949,11.87,Apartment
2862,10+,2,5,1,65014,5,7.96035,77.47575,Thuckalay,Kanyakumari,1860000,650,15.82,Independent House
3742,5-10,0,0,0,58369,0,8.03831,77.5365,Kuzhithurai,Kanyakumari,1170000,313,5.56,Plot
2450,5-10,4,6,3,81540,3,8.11367,77.56744,Thuckalay,Kanyakumari,2120000,865,4.26,Apartment
2082,0-1,2,3,2,56763,2,8.04615,77.64937,Colachel,Kanyakumari,2130000,1023,13.08,Apartment
2060,10+,3,6,2,84329,6,8.06909,77.58551,Marthandam,Kanyakumari,3580000,1738,5.6,Villa
644,0-1,3,5,2,45950,5,8.06093,77.64462,Nagercoil,Kanyakumari,2290000,3556,12.07,Apartment
1817,0-1,3,6,1,87631,6,8.02511,77.53048,Thuckalay,Kanyakumari,2110000,1161,7.08,Builder Floor
1822,10+,0,0,0,42636,0,7.93477,77.70558,Kuzhithurai,Kanyakumari,670000,368,25.1,Plot
2618,5-10,3,6,2,114028,4,8.10593,77.62423,Colachel,Kanyakumari,2170000,829,9.64,Independent House
1029,10+,4,6,1,36922,3,8.32982,77.52933,Nagercoil,Kanyakumari,1320000,1283,26.87,Independent House
3293,0-1,3,6,3,65472,5,8.10199,77.60314,Marthandam,Kanyakumari,2230000,677,7.28,Independent House
1988,5-10,4,5,2,15191,6,7.97971,77.65566,Colachel,Kanyakumari,2060000,1036,17.67,Independent House
5062,1-5,5,7,3,102614,3,8.03879,77.61766,Nagercoil,Kanyakumari,4510000,891,10.31,Villa
2046,1-5,1,3,1,53475,3,8.15192,77.51404,Padmanabhapuram,Kanyakumari,2760000,1349,7.57,Apartment
1916,10+,2,5,1,50877,3,8.09436,77.5255,Marthandam,Kanyakumari,2290000,1195,1.58,Independent House
2111,1-5,2,3,1,66604,4,8.1483,77.6239,Marthandam,Kanyakumari,2630000,1246,11.53,Apartment
2474,10+,3,4,2,93991,3,8.10183,77.51618,Thuckalay,Kanyakumari,2340000,946,2.88,Independent House
646,1-5,2,5,1,59239,4,8.06776,77.74877,Padmanabhapuram,Kanyakumari,1500000,2322,23.26,Independent House
773,1-5,5,8,3,88360,6,8.17581,77.61751,Colachel,Kanyakumari,2150000,2781,13.05,Independent House
1103,1-5,1,2,1,65375,5,7.93923,77.34374,Marthandam,Kanyakumari,1370000,1242,27.1,Apartment
1282,0-1,3,5,3,29523,3,8.17115,77.4493,Marthandam,Kanyakumari,2060000,1607,13.46,Apartment
2935,5-10,4,7,1,5000,6,8.0512,77.63858,Thuckalay,Kanyakumari,2230000,760,11.77,Independent House
685,10+,3,5,3,65532,5,8.11236,77.63427,Colachel,Kanyakumari,1710000,2496,10.88,Apartment
1003,1-5,0,0,0,87909,0,8.11344,77.52831,Padmanabhapuram,Kanyakumari,1260000,1256,3.01,Plot
454,1-5,3,5,1,95985,2,8.02932,77.68772,Thuckalay,Kanyakumari,1840000,4053,17.69,Apartment
3313,1-5,4,5,1,67613,2,8.03081,77.4888,Colachel,Kanyakumari,3170000,957,8.41,Independent House
2351,0-1,4,6,3,48973,6,8.20179,77.42136,Padmanabhapuram,Kanyakumari,2710000,1153,18.04,Independent House
1371,5-10,4,5,4,66805,6,8.04486,77.55005,Thuckalay,Kanyakumari,2070000,1510,4.99,Independent House
1682,5-10,3,4,1,50977,3,8.02843,77.56605,Nagercoil,Kanyakumari,2520000,1498,7.32,Apartment
821,5-10,0,0,0,91723,0,8.15484,77.57323,Kuzhithurai,Kanyakumari,1020000,1242,8.33,Plot
1065,5-10,2,3,2,48477,5,8.19048,77.622,Colachel,Kanyakumari,1810000,1700,14.61,Independent House
910,1-5,2,4,2,63738,5,8.13053,77.6361,Marthandam,Kanyakumari,2070000,2275,11.73,Apartment
1916,0-1,3,5,2,83131,2,8.11782,77.49249,Colachel,Kanyakumari,3200000,1670,6.04,Apartment
1551,5-10,3,5,1,52852,3,7.94349,77.48784,Colachel,Kanyakumari,1380000,890,17.04,Apartment
1633,10+,1,2,1,80576,2,8.03441,77.45369,Padmanabhapuram,Kanyakumari,1880000,1151,11.09,Apartment
5280,5-10,3,6,2,70168,3,8.16085,77.57048,Colachel,Kanyakumari,3260000,617,8.8,Villa
478,1-5,1,3,1,61538,2,8.17111,77.54131,Marthandam,Kanyakumari,2090000,4372,9.21,Apartment
800,0-1,3,5,2,47684,2,7.88415,77.57025,Padmanabhapuram,Kanyakumari,1470000,1838,22.97,Apartment
1307,0-1,2,4,2,82797,4,8.07228,77.57433,Colachel,Kanyakumari,2110000,1614,4.33,Builder Floor
2111,10+,3,4,1,42650,2,8.03528,77.54867,Nagercoil,Kanyakumari,2280000,1080,6.0,Apartment
1025,1-5,3,6,1,49489,4,8.00384,77.61175,Marthandam,Kanyakumari,1910000,1863,12.38,Builder Floor
5869,5-10,3,5,2,72248,5,7.98158,77.58198,Kuzhithurai,Kanyakumari,3410000,581,12.8,Villa
806,10+,3,5,3,84931,5,8.12769,77.53569,Marthandam,Kanyakumari,1670000,2072,4.39,Builder Floor
1384,5-10,2,3,2,48238,5,8.05587,77.56737,Nagercoil,Kanyakumari,2080000,1503,4.81,Apartment
3336,0-1,4,6,3,79054,4,7.96946,77.4929,Nagercoil,Kanyakumari,1890000,567,14.14,Independent House
3330,1-5,2,3,2,51980,2,8.06868,77.51853,Nagercoil,Kanyakumari,2540000,763,3.1,Independent House
2718,5-10,4,6,2,74394,3,8.08851,77.58113,Padmanabhapuram,Kanyakumari,3840000,1413,4.69,Villa
3308,10+,4,6,3,89008,4,8.09516,77.46376,Nagercoil,Kanyakumari,3030000,916,8.26,Villa
1842,10+,0,0,0,64948,0,8.01059,77.51633,Padmanabhapuram,Kanyakumari,900000,489,8.98,Plot
2022,1-5,1,3,1,75432,3,8.28086,77.66906,Colachel,Kanyakumari,1890000,935,25.79,Apartment
1775,0-1,1,3,1,78802,5,8.24317,77.42989,Thuckalay,Kanyakumari,1960000,1104,20.96,Apartment
4633,0-1,3,5,2,69962,4,8.1015,77.44367,Padmanabhapuram,Kanyakumari,4660000,1006,10.54,Villa
1021,10+,4,7,4,41214,2,8.19335,77.62526,Nagercoil,Kanyakumari,1680000,1645,15.09,Independent House
4773,10+,4,6,3,70486,4,8.15227,77.38973,Padmanabhapuram,Kanyakumari,2500000,524,17.85,Villa
1258,1-5,0,0,0,80632,0,8.16297,77.7509,Marthandam,Kanyakumari,960000,763,24.81,Plot
1019,5-10,4,5,2,67429,5,8.0787,77.4338,Thuckalay,Kanyakumari,2040000,2002,11.58,Independent House
2037,1-5,3,5,1,78287,3,8.01692,77.52838,Kuzhithurai,Kanyakumari,2300000,1129,8.01,Apartment
4798,1-5,3,5,4,32989,4,8.20848,77.49196,Thuckalay,Kanyakumari,3600000,750,14.31,Villa
1624,10+,2,4,2,35611,5,8.04372,77.51905,Marthandam,Kanyakumari,1800000,1108,5.4,Apartment
957,0-1,2,3,2,91975,2,8.02373,77.49539,Nagercoil,Kanyakumari,2210000,2309,8.61,Apartment
1131,10+,2,4,2,57100,4,8.0462,77.62204,Colachel,Kanyakumari,1720000,1521,10.32,Apartment
2686,0-1,3,6,2,53179,4,8.02022,77.64112,Thuckalay,Kanyakumari,2180000,812,13.6,Independent House
5331,10+,4,6,2,57053,3,8.12614,77.28848,Padmanabhapuram,Kanyakumari,2620000,491,27.84,Villa
1807,5-10,2,5,1,85929,3,8.06955,77.60463,Kuzhithurai,Kanyakumari,2320000,1284,7.57,Independent House
1883,5-10,0,0,0,63927,0,8.0514,77.66797,Marthandam,Kanyakumari,760000,404,14.83,Plot
1130,5-10,2,4,1,71529,2,7.97168,77.56622,Padmanabhapuram,Kanyakumari,1740000,1540,13.32,Apartment
2006,0-1,0,0,0,75909,0,8.18886,77.52235,Kuzhithurai,Kanyakumari,1030000,513,11.32,Plot
1535,10+,3,5,3,46069,3,7.86587,77.60076,Nagercoil,Kanyakumari,1230000,801,25.67,Apartment
1141,1-5,2,3,2,61715,2,8.05547,77.57993,Marthandam,Kanyakumari,2580000,2261,5.84,Apartment
833,1-5,3,6,1,101388,4,8.05962,77.50182,Marthandam,Kanyakumari,2690000,3229,5.15,Independent House
1602,10+,0,0,0,92878,0,8.20848,77.43839,Thuckalay,Kanyakumari,880000,549,17.32,Plot
1128,0-1,3,4,3,28544,4,8.09726,77.53582,Colachel,Kanyakumari,2640000,2340,1.04,Apartment
1835,5-10,4,6,1,49410,6,8.07262,77.45701,Padmanabhapuram,Kanyakumari,1480000,807,9.14,Independent House
2034,10+,2,4,2,84908,2,8.05092,77.54044,Nagercoil,Kanyakumari,2180000,1072,4.16,Apartment
601,5-10,1,2,1,44789,5,8.0818,77.59371,Nagercoil,Kanyakumari,2270000,3777,6.12,Apartment
1527,10+,2,3,2,112762,3,8.08961,77.51265,Colachel,Kanyakumari,1750000,1146,2.85,Apartment
3245,5-10,2,4,2,72957,3,8.08028,77.56566,Padmanabhapuram,Kanyakumari,3100000,955,3.12,Independent House
2902,1-5,0,0,0,68487,0,8.03423,77.55008,Marthandam,Kanyakumari,1320000,455,6.15,Plot
1412,1-5,4,5,4,74640,5,8.27057,77.47592,Colachel,Kanyakumari,1790000,1268,21.41,Apartment
1585,5-10,3,6,2,76760,3,7.94467,77.63185,Padmanabhapuram,Kanyakumari,1960000,1237,18.99,Independent House
903,1-5,1,2,1,98552,4,8.14489,77.58662,Padmanabhapuram,Kanyakumari,2050000,2270,8.23,Apartment
1481,0-1,4,6,1,51759,2,8.12137,77.42792,Marthandam,Kanyakumari,2200000,1485,12.72,Builder Floor
1033,5-10,4,6,1,30487,2,8.00934,77.61454,Colachel,Kanyakumari,1860000,1801,12.13,Independent House
1900,0-1,3,4,2,48281,2,8.10778,77.70364,Colachel,Kanyakumari,1870000,984,18.31,Independent House
5648,5-10,5,7,4,80662,4,8.16908,77.49679,Thuckalay,Kanyakumari,3310000,586,10.09,Villa
1546,5-10,1,2,1,44974,5,8.06411,77.5678,Marthandam,Kanyakumari,1910000,1235,4.2,Apartment
506,10+,1,2,1,59808,3,8.228,77.48933,Colachel,Kanyakumari,1170000,2312,16.45,Apartment
794,5-10,2,3,2,52347,2,8.12073,77.59665,Nagercoil,Kanyakumari,2180000,2746,7.35,Apartment
3526,10+,0,0,0,101521,0,8.12624,77.56808,Marthandam,Kanyakumari,1040000,295,5.33,Plot
1803,1-5,3,6,2,35949,2,8.18837,77.61259,Nagercoil,Kanyakumari,2650000,1470,13.8,Independent House
1918,10+,2,4,2,69425,5,7.99346,77.67613,Thuckalay,Kanyakumari,1700000,886,18.46,Apartment
841,1-5,2,4,1,80083,4,8.1074,77.49015,Thuckalay,Kanyakumari,2700000,3210,5.73,Apartment
3061,1-5,3,6,3,92823,2,8.03098,77.41472,Padmanabhapuram,Kanyakumari,2230000,729,15.04,Independent House
3358,0-1,2,5,1,64285,3,8.09941,77.61567,Colachel,Kanyakumari,2070000,616,8.58,Independent House
1498,10+,1,3,1,103015,2,7.93758,77.58594,Colachel,Kanyakumari,1380000,921,17.55,Apartment
3414,5-10,3,4,3,82060,5,8.08835,77.6203,Nagercoil,Kanyakumari,2400000,703,9.01,Independent House
1043,5-10,1,2,1,55088,2,8.11738,77.49771,Colachel,Kanyakumari,2160000,2071,5.53,Apartment
4189,5-10,4,6,3,62472,5,8.16671,77.40437,Nagercoil,Kanyakumari,2640000,630,17.15,Villa
1010,10+,4,5,4,77023,2,8.08522,77.64925,Marthandam,Kanyakumari,1370000,1356,12.2,Builder Floor
3021,10+,3,5,1,56044,6,8.0977,77.59788,Nagercoil,Kanyakumari,1840000,609,6.62,Independent House
3749,1-5,0,0,0,76131,0,8.09208,77.5074,Padmanabhapuram,Kanyakumari,1800000,480,3.45,Plot
3232,5-10,3,5,4,78528,3,8.11904,77.4911,Padmanabhapuram,Kanyakumari,3450000,1067,6.24,Villa
2372,10+,1,2,1,103439,3,8.02361,77.55986,Thuckalay,Kanyakumari,1800000,759,7.57,Apartment
1202,5-10,2,4,2,49170,5,7.9816,77.55436,Colachel,Kanyakumari,1700000,1414,11.99,Apartment
1654,5-10,3,5,2,73101,4,7.99619,77.45835,Thuckalay,Kanyakumari,1440000,871,13.52,Builder Floor
1734,1-5,0,0,0,32598,0,8.10305,77.52489,Thuckalay,Kanyakumari,1350000,779,2.22,Plot
1670,0-1,3,5,2,55505,5,8.08734,77.58867,Marthandam,Kanyakumari,2440000,1461,5.52,Independent House
2596,0-1,5,7,3,44196,5,8.06384,77.51478,Colachel,Kanyakumari,5240000,2018,3.77,Villa
1798,1-5,2,3,1,40414,4,8.11219,77.48379,Thuckalay,Kanyakumari,2170000,1207,6.58,Apartment
1719,10+,3,4,1,71789,6,8.02856,77.46461,Thuckalay,Kanyakumari,1830000,1065,10.5,Independent House
2444,1-5,3,4,1,61396,4,8.15514,77.61542,Kuzhithurai,Kanyakumari,2290000,937,11.27,Apartment
1124,0-1,1,2,1,75969,3,8.22101,77.59055,Padmanabhapuram,Kanyakumari,2040000,1815,15.83,Apartment
1893,10+,2,4,1,76562,4,8.14275,77.53202,Marthandam,Kanyakumari,1910000,1009,6.1,Apartment
1261,0-1,4,6,4,94784,2,8.05889,77.59909,Kuzhithurai,Kanyakumari,2440000,1935,7.43,Apartment
1700,5-10,4,5,2,65670,6,7.92625,77.57007,Thuckalay,Kanyakumari,1430000,841,18.35,Independent House
2788,10+,5,6,5,106277,3,8.16626,77.53288,Kuzhithurai,Kanyakumari,2030000,728,8.69,Independent House
1105,1-5,3,6,3,62056,2,8.08959,77.47197,Marthandam,Kanyakumari,2730000,2471,7.33,Independent House
5658,1-5,4,7,3,75745,5,8.09615,77.43079,Kuzhithurai,Kanyakumari,2670000,472,11.89,Villa
2711,10+,0,0,0,50835,0,8.07608,77.54269,Thuckalay,Kanyakumari,930000,343,1.43,Plot
3735,10+,0,0,0,70153,0,8.12554,77.57763,Thuckalay,Kanyakumari,1150000,308,5.98,Plot
944,1-5,3,6,3,60228,4,8.07786,77.52669,Padmanabhapuram,Kanyakumari,2540000,2691,1.74,Independent House
2106,5-10,3,4,3,50755,3,8.03551,77.48333,Kuzhithurai,Kanyakumari,1740000,826,8.45,Apartment
2259,1-5,4,6,2,70979,5,8.08556,77.58149,Padmanabhapuram,Kanyakumari,3910000,1731,4.74,Villa
688,10+,4,6,1,79698,3,8.12622,77.45212,Colachel,Kanyakumari,1770000,2573,10.4,Apartment
831,5-10,4,6,3,53265,4,8.10327,77.5189,Padmanabhapuram,Kanyakumari,2170000,2611,2.73,Independent House
1086,5-10,3,5,2,71396,4,8.08991,77.50547,Padmanabhapuram,Kanyakumari,2560000,2357,3.64,Apartment
2088,10+,1,2,1,70120,2,8.07002,77.55183,Nagercoil,Kanyakumari,2030000,972,2.51,Apartment
1172,10+,4,6,4,81773,3,11.58414,76.65923,Kotagiri,Nilgiris,1970000,1681,19.73,Builder Floor
3391,1-5,5,8,2,15665,4,11.32783,76.59395,Yellanhalli,Nilgiris,3380000,997,14.33,Independent House
1382,1-5,2,3,1,77157,4,11.445,76.52128,Coonoor,Nilgiris,2060000,1491,19.33,Builder Floor
1584,1-5,1,2,1,93236,3,11.42312,76.75738,Coonoor,Nilgiris,4060000,2563,6.95,Apartment
2595,5-10,5,7,2,90274,4,11.45694,76.73333,Ooty,Nilgiris,5100000,1965,6.67,Villa
564,1-5,2,3,1,25422,4,11.26795,76.59264,Kotagiri,Nilgiris,3140000,5567,19.36,Apartment
1736,5-10,1,3,1,69725,3,11.31053,76.64473,Udhagamandalam,Nilgiris,2830000,1630,12.36,Apartment
1832,10+,2,4,2,58035,4,11.44521,76.60662,Udhagamandalam,Nilgiris,2730000,1490,10.39,Apartment
1134,0-1,4,5,2,81753,2,11.45176,76.60078,Udhagamandalam,Nilgiris,3870000,3413,11.26,Independent House
2377,5-10,3,4,3,70755,3,11.38701,76.74923,Kotagiri,Nilgiris,3230000,1359,6.45,Apartment
814,1-5,1,3,1,53438,3,11.52457,76.6591,Ooty,Nilgiris,2800000,3440,13.31,Apartment
3746,10+,0,0,0,108025,0,11.42429,76.73654,Ooty,Nilgiris,1290000,344,4.79,Plot
929,5-10,2,5,1,49218,4,11.28286,76.82059,Coonoor,Nilgiris,2700000,2906,19.7,Independent House
4070,1-5,3,6,4,67351,3,11.25692,76.60501,Coonoor,Nilgiris,5200000,1278,19.67,Villa
3447,1-5,0,0,0,87183,0,11.39458,76.82391,Udhagamandalam,Nilgiris,1680000,487,14.16,Plot
2490,0-1,3,5,2,73949,4,11.51387,76.64342,Udhagamandalam,Nilgiris,2890000,1161,12.83,Apartment
644,10+,1,3,1,92645,4,11.4795,76.82019,Kotagiri,Nilgiris,2080000,3230,15.67,Apartment
2132,1-5,0,0,0,72764,0,11.26641,76.60167,Coonoor,Nilgiris,1310000,614,18.95,Plot
1924,5-10,3,4,3,39802,6,11.45416,76.70855,Coonoor,Nilgiris,2430000,1263,5.11,Builder Floor
1496,1-5,3,5,1,47040,2,11.42452,76.53422,Udhagamandalam,Nilgiris,3020000,2019,17.6,Independent House
1669,0-1,3,5,1,112694,3,11.44789,76.68869,Coonoor,Nilgiris,4700000,2816,4.25,Apartment
1727,5-10,2,3,2,91271,2,11.44342,76.6571,Kotagiri,Nilgiris,2520000,1459,5.54,Apartment
3002,1-5,0,0,0,68163,0,11.37184,76.56048,Coonoor,Nilgiris,1410000,470,15.27,Plot
1697,5-10,2,3,1,49744,5,11.40445,76.76718,Yellanhalli,Nilgiris,2760000,1626,7.89,Apartment
2975,10+,0,0,0,110050,0,11.44066,76.57448,Ooty,Nilgiris,1390000,467,13.57,Plot
3459,5-10,2,4,2,54995,3,11.37211,76.61181,Ooty,Nilgiris,3080000,890,10.01,Independent House
541,10+,3,5,3,89859,5,11.51894,76.67534,Udhagamandalam,Nilgiris,2260000,4177,12.28,Apartment
1111,0-1,3,4,3,90288,3,11.34972,76.81365,Udhagamandalam,Nilgiris,2600000,2340,14.58,Builder Floor
1817,5-10,3,4,1,38659,4,11.5096,76.59944,Ooty,Nilgiris,2700000,1486,15.19,Independent House
2575,0-1,4,6,4,54197,6,11.35045,76.76823,Coonoor,Nilgiris,5410000,2101,10.39,Villa
1462,1-5,3,4,2,68117,4,11.35284,76.63551,Coonoor,Nilgiris,2430000,1662,9.1,Builder Floor
5861,5-10,3,6,2,60210,3,11.33192,76.70595,Gudalur,Nilgiris,5420000,925,8.79,Villa
3791,1-5,4,6,3,72890,3,11.53948,76.50625,Coonoor,Nilgiris,3930000,1037,25.09,Villa
3456,10+,0,0,0,51302,0,11.46481,76.67877,Yellanhalli,Nilgiris,1190000,344,6.32,Plot
915,0-1,3,5,1,49412,4,11.29554,76.80735,Gudalur,Nilgiris,3160000,3454,17.68,Independent House
3136,5-10,0,0,0,40878,0,11.41131,76.78679,Ooty,Nilgiris,1670000,533,10.01,Plot
1513,5-10,3,4,1,54605,6,11.49357,76.708,Yellanhalli,Nilgiris,3870000,2558,9.38,Independent House
1892,5-10,3,5,1,51376,2,11.26727,76.71794,Yellanhalli,Nilgiris,2280000,1205,16.09,Apartment
673,5-10,1,2,1,101486,4,11.37358,76.74749,Yellanhalli,Nilgiris,2790000,4146,7.02,Apartment
3500,1-5,2,5,1,73274,6,11.42544,76.6607,Kotagiri,Nilgiris,4610000,1317,4.1,Independent House
3977,5-10,4,6,2,47774,6,11.29101,76.52468,Ooty,Nilgiris,4040000,1016,22.81,Villa
2305,0-1,3,6,2,80665,2,11.42675,76.61837,Yellanhalli,Nilgiris,3820000,1657,8.55,Independent House
2150,1-5,4,6,4,54384,2,11.46786,76.57261,Udhagamandalam,Nilgiris,2770000,1288,14.8,Apartment
1096,5-10,2,5,1,88242,6,11.46831,76.77243,Yellanhalli,Nilgiris,2930000,2673,10.63,Independent House
1047,10+,4,6,1,109975,6,11.49815,76.81207,Gudalur,Nilgiris,1610000,1538,16.08,Builder Floor
766,5-10,5,7,5,71715,5,11.4557,76.59937,Gudalur,Nilgiris,3040000,3969,11.59,Independent House
5466,5-10,4,7,3,61539,4,11.62999,76.75237,Gudalur,Nilgiris,4790000,876,25.23,Villa
1261,1-5,1,3,1,72086,5,11.49521,76.68791,Coonoor,Nilgiris,3340000,2649,9.48,Apartment
1454,5-10,0,0,0,41103,0,11.33487,76.73639,Coonoor,Nilgiris,1430000,983,9.51,Plot
3372,1-5,5,7,4,69889,3,11.35791,76.85772,Ooty,Nilgiris,5940000,1762,18.67,Villa
4959,10+,3,5,2,89656,4,11.44644,76.64148,Yellanhalli,Nilgiris,4740000,956,7.09,Villa
830,0-1,3,4,2,84707,3,11.2634,76.77088,Kotagiri,Nilgiris,2760000,3325,18.3,Apartment
3330,1-5,3,6,3,94516,2,11.47138,76.7561,Ooty,Nilgiris,4160000,1249,9.52,Independent House
683,10+,2,3,2,92839,4,11.46614,76.77477,Udhagamandalam,Nilgiris,2800000,4100,10.69,Apartment
3234,10+,0,0,0,61682,0,11.44898,76.61663,Coonoor,Nilgiris,1270000,393,9.57,Plot
2914,10+,0,0,0,87938,0,11.36584,76.63437,Ooty,Nilgiris,1600000,549,8.25,Plot
3568,5-10,0,0,0,109980,0,11.31045,76.71785,Udhagamandalam,Nilgiris,1240000,348,11.37,Plot
3450,1-5,3,4,2,77076,3,11.42463,76.63932,Gudalur,Nilgiris,3560000,1032,6.28,Independent House
2255,5-10,3,5,2,79311,5,11.45076,76.62926,Udhagamandalam,Nilgiris,1940000,860,8.47,Apartment
1449,1-5,3,5,1,63717,3,11.46936,76.63117,Coonoor,Nilgiris,3170000,2188,9.57,Apartment
1061,5-10,2,4,2,63306,5,11.39354,76.65174,Gudalur,Nilgiris,2760000,2601,5.07,Apartment
4704,10+,4,6,4,79416,6,11.38525,76.64992,Gudalur,Nilgiris,4010000,852,5.64,Villa
2411,1-5,3,6,2,19621,5,11.44304,76.71546,Ooty,Nilgiris,5690000,2360,4.28,Villa
501,5-10,3,5,2,12827,2,11.48284,76.68298,Kotagiri,Nilgiris,2350000,4691,8.18,Apartment
1156,5-10,3,4,3,34962,2,11.33993,76.62965,Coonoor,Nilgiris,2600000,2249,10.57,Apartment
1102,5-10,2,4,1,51551,2,11.47195,76.62252,Kotagiri,Nilgiris,2450000,2223,10.47,Builder Floor
2493,1-5,4,5,1,82824,4,11.43519,76.81404,Coonoor,Nilgiris,3680000,1476,13.27,Independent House
944,1-5,0,0,0,51085,0,11.31415,76.7204,Udhagamandalam,Nilgiris,1470000,1557,11.03,Plot
1524,5-10,3,5,1,104717,3,11.42134,76.71162,Yellanhalli,Nilgiris,3830000,2513,2.19,Independent House
1990,0-1,2,3,1,74556,4,11.31224,76.82393,Ooty,Nilgiris,2460000,1236,17.78,Apartment
2555,10+,4,5,3,44214,2,11.31332,76.78795,Ooty,Nilgiris,2590000,1014,14.79,Independent House
2484,10+,5,8,3,54073,6,11.28727,76.53648,Gudalur,Nilgiris,3590000,1445,22.03,Villa
580,1-5,2,3,1,81592,5,11.47752,76.68159,Gudalur,Nilgiris,2680000,4621,7.63,Apartment
948,5-10,3,6,3,73702,3,11.54028,76.58528,Udhagamandalam,Nilgiris,2270000,2395,18.77,Builder Floor
835,0-1,3,4,2,73674,2,11.4492,76.69753,Yellanhalli,Nilgiris,4470000,5353,4.35,Independent House
1893,1-5,2,4,1,58434,3,11.42978,76.80747,Yellanhalli,Nilgiris,2920000,1543,12.45,Apartment
1355,1-5,4,5,2,59463,2,11.48672,76.63558,Udhagamandalam,Nilgiris,3970000,2930,10.69,Independent House
2190,10+,0,0,0,12409,0,11.37216,76.68793,Yellanhalli,Nilgiris,1420000,648,4.3,Plot
3250,10+,0,0,0,86753,0,11.34854,76.73869,Kotagiri,Nilgiris,1040000,320,8.35,Plot
1065,10+,4,5,1,92187,4,11.42489,76.66647,Udhagamandalam,Nilgiris,2830000,2657,3.51,Independent House
1856,1-5,1,3,1,59016,5,11.46042,76.66061,Gudalur,Nilgiris,3550000,1913,6.73,Apartment
873,0-1,0,0,0,57401,0,11.38732,76.71914,Gudalur,Nilgiris,1840000,2108,3.66,Plot
2001,5-10,3,4,2,51018,5,11.47395,76.65747,Gudalur,Nilgiris,3050000,1524,8.18,Apartment
1447,5-10,3,5,1,56705,5,11.4918,76.82729,Gudalur,Nilgiris,2480000,1714,17.03,Apartment
3897,1-5,0,0,0,51017,0,11.388,76.64021,Kotagiri,Nilgiris,2160000,554,6.46,Plot
4426,1-5,4,7,2,62684,5,11.34741,76.6939,Yellanhalli,Nilgiris,6240000,1410,6.98,Villa
2042,5-10,2,3,1,61456,5,11.42614,76.60525,Udhagamandalam,Nilgiris,2970000,1454,9.94,Apartment
1755,10+,4,5,3,42229,6,11.42627,76.83771,Coonoor,Nilgiris,2060000,1174,15.66,Builder Floor
1787,0-1,3,5,3,65191,6,11.44473,76.5816,Kotagiri,Nilgiris,2440000,1365,12.94,Builder Floor
2972,1-5,4,7,4,97019,6,11.5239,76.62603,Kotagiri,Nilgiris,5320000,1790,14.71,Villa
2895,5-10,4,6,1,70740,2,11.27274,76.78498,Yellanhalli,Nilgiris,2340000,808,18.16,Independent House
4685,1-5,4,7,3,43762,5,11.49283,76.75268,Kotagiri,Nilgiris,6360000,1358,11.13,Villa
2496,1-5,4,7,3,60794,4,11.36406,76.76354,Yellanhalli,Nilgiris,3560000,1426,9.06,Independent House
2840,5-10,4,7,1,81449,3,11.4655,76.52026,Kotagiri,Nilgiris,2780000,979,20.01,Independent House
4022,5-10,3,6,2,74067,5,11.34043,76.62718,Gudalur,Nilgiris,4300000,1069,10.72,Villa
1566,5-10,4,5,4,79262,3,11.38576,76.72155,Gudalur,Nilgiris,3650000,2331,3.97,Independent House
1401,5-10,5,7,5,99180,4,11.52968,76.76351,Udhagamandalam,Nilgiris,2560000,1827,15.24,Independent House
2375,0-1,1,3,1,70811,4,11.45159,76.68593,Yellanhalli,Nilgiris,4020000,1693,4.71,Apartment
1682,1-5,3,5,1,48796,2,11.44829,76.70325,Kotagiri,Nilgiris,2960000,1760,4.33,Apartment
987,1-5,2,3,2,32974,2,11.41725,76.66073,Udhagamandalam,Nilgiris,2870000,2908,3.82,Apartment
1531,10+,1,3,1,62872,2,11.41008,76.82167,Udhagamandalam,Nilgiris,2860000,1868,13.81,Apartment
2399,1-5,0,0,0,106893,0,11.20366,76.56797,Coonoor,Nilgiris,1030000,429,26.82,Plot
864,10+,2,4,1,82850,3,11.25759,76.90422,Coonoor,Nilgiris,1430000,1655,28.43,Builder Floor
2673,1-5,0,0,0,62025,0,11.37306,76.80399,Ooty,Nilgiris,1620000,606,12.58,Plot
1342,10+,3,4,2,56852,3,11.47241,76.74354,Coonoor,Nilgiris,3160000,2355,8.71,Independent House
1744,0-1,0,0,0,64568,0,11.51495,76.71244,Kotagiri,Nilgiris,1800000,1032,11.8,Plot
645,10+,3,4,2,83279,3,11.66221,76.64074,Kotagiri,Nilgiris,1610000,2496,28.64,Apartment
1206,5-10,3,5,3,62289,4,11.37602,76.68388,Coonoor,Nilgiris,2900000,2405,3.99,Apartment
1255,0-1,3,4,1,56225,3,11.36296,76.77263,Udhagamandalam,Nilgiris,2750000,2191,9.96,Builder Floor
707,1-5,2,3,2,78950,4,11.43859,76.8119,Ooty,Nilgiris,2780000,3932,13.13,Apartment
5205,0-1,4,6,3,63480,6,11.47097,76.79261,Coonoor,Nilgiris,6640000,1276,12.6,Villa
2471,1-5,3,4,3,54789,4,11.49495,76.48103,Gudalur,Nilgiris,3190000,1291,25.15,Apartment
986,10+,3,5,1,55466,3,11.45553,76.66581,Kotagiri,Nilgiris,2180000,2211,5.96,Apartment
2820,10+,3,4,2,104918,5,11.46525,76.6177,Gudalur,Nilgiris,3160000,1121,10.41,Independent House
3620,10+,0,0,0,39421,0,11.31869,76.71139,Gudalur,Nilgiris,1140000,315,10.33,Plot
4874,1-5,3,6,3,59217,3,11.42835,76.63116,Coonoor,Nilgiris,6410000,1315,7.24,Villa
637,1-5,3,5,3,91763,2,11.29966,76.60805,Gudalur,Nilgiris,2800000,4396,15.52,Apartment
1568,5-10,5,6,1,71410,6,11.42737,76.72771,Udhagamandalam,Nilgiris,3030000,1932,4.04,Independent House
2411,5-10,3,4,3,77166,2,11.36621,76.76212,Kotagiri,Nilgiris,3210000,1331,8.8,Apartment
3257,1-5,5,7,4,30144,2,11.54149,76.7448,Kotagiri,Nilgiris,3790000,1164,15.57,Independent House
2289,0-1,3,6,3,56158,4,11.34127,76.68705,Ooty,Nilgiris,3810000,1664,7.71,Independent House
2684,1-5,4,7,1,81197,4,11.39136,76.85345,Coonoor,Nilgiris,2880000,1073,17.4,Independent House
1040,0-1,2,4,1,93312,2,11.40894,76.60886,Yellanhalli,Nilgiris,3330000,3202,9.39,Apartment
3113,1-5,3,6,3,45810,2,11.44751,76.6655,Coonoor,Nilgiris,4660000,1497,5.25,Independent House
2116,5-10,3,5,2,82267,5,11.43408,76.76152,Yellanhalli,Nilgiris,3000000,1418,7.72,Apartment
3407,1-5,4,7,3,82074,4,11.43018,76.62848,Gudalur,Nilgiris,5710000,1676,7.58,Villa
2533,1-5,3,6,2,52862,5,11.31093,76.65414,Udhagamandalam,Nilgiris,3430000,1354,11.9,Independent House
938,5-10,2,4,2,116820,4,11.45123,76.64291,Yellanhalli,Nilgiris,3140000,3348,7.28,Apartment
612,10+,4,6,1,39309,5,11.40773,76.83435,Gudalur,Nilgiris,2590000,4232,15.19,Apartment
1576,5-10,1,3,1,74493,2,11.24417,76.58405,Ooty,Nilgiris,2430000,1542,22.07,Apartment
1529,5-10,2,3,2,121046,2,11.48289,76.62236,Gudalur,Nilgiris,2710000,1772,11.31,Builder Floor
567,0-1,4,5,2,60245,5,11.3651,76.66676,Udhagamandalam,Nilgiris,4340000,7654,5.88,Apartment
4959,5-10,4,7,3,102340,5,11.34839,76.80226,Gudalur,Nilgiris,5030000,1014,13.56,Villa
2021,10+,1,2,1,46444,2,11.35095,76.94089,Ooty,Nilgiris,1730000,856,27.6,Apartment
2377,5-10,0,0,0,70713,0,11.49625,76.58555,Udhagamandalam,Nilgiris,1310000,551,15.29,Plot
901,5-10,0,0,0,111976,0,11.5705,76.73138,Yellanhalli,Nilgiris,1110000,1232,18.26,Plot
2182,1-5,3,5,2,62837,4,11.48148,76.81431,Ooty,Nilgiris,2840000,1302,15.23,Apartment
1053,1-5,3,5,1,48295,2,11.38856,76.60222,Ooty,Nilgiris,3110000,2953,10.4,Builder Floor
701,0-1,2,4,1,73243,5,11.46582,76.72243,Yellanhalli,Nilgiris,3070000,4379,6.87,Apartment
1015,1-5,2,3,2,65883,5,11.50347,76.65411,Yellanhalli,Nilgiris,3020000,2975,11.29,Apartment
1693,1-5,2,5,1,57111,2,11.40434,76.65538,Yellanhalli,Nilgiris,2670000,1577,4.37,Builder Floor
1116,1-5,2,3,1,46273,5,11.39784,76.55865,Kotagiri,Nilgiris,2250000,2016,14.93,Apartment
2410,5-10,3,5,3,69496,5,11.4791,76.67835,Udhagamandalam,Nilgiris,2520000,1046,7.87,Apartment
2620,1-5,5,8,2,56578,4,11.4258,76.82086,Kotagiri,Nilgiris,5190000,1981,13.83,Villa
1807,5-10,3,5,3,89013,2,11.29296,76.67753,Ooty,Nilgiris,1980000,1096,13.17,Apartment
1568,10+,2,4,1,90041,2,11.48803,76.66359,Gudalur,Nilgiris,2470000,1575,9.31,Apartment
895,0-1,2,4,2,43475,4,11.41659,76.54405,Gudalur,Nilgiris,3490000,3899,16.47,Apartment
1883,1-5,4,6,4,58949,4,11.49431,76.82547,Gudalur,Nilgiris,2420000,1285,17.02,Apartment
702,1-5,2,4,1,53766,5,11.27814,76.66424,Yellanhalli,Nilgiris,2940000,4188,15.06,Apartment
1140,5-10,2,3,1,77678,5,11.37121,76.73368,Coonoor,Nilgiris,2970000,2605,6.05,Apartment
454,5-10,3,5,3,49336,2,11.38636,76.75512,Gudalur,Nilgiris,2580000,5683,7.07,Apartment
2640,1-5,2,5,1,84340,3,11.49532,76.70212,Ooty,Nilgiris,4000000,1515,9.5,Independent House
2297,10+,2,3,1,84189,2,11.51762,76.66502,Udhagamandalam,Nilgiris,3260000,1419,12.38,Independent House
1225,10+,3,5,1,86894,2,11.33724,76.60842,Coonoor,Nilgiris,2190000,1788,12.45,Apartment
1233,1-5,3,4,1,43083,5,11.48019,76.66647,Udhagamandalam,Nilgiris,2560000,2076,8.38,Builder Floor
731,5-10,1,2,1,59226,4,11.46434,76.65996,Yellanhalli,Nilgiris,2690000,3680,7.13,Apartment
2541,1-5,3,4,3,82880,3,11.51135,76.63887,Udhagamandalam,Nilgiris,3740000,1472,12.8,Independent House
1154,10+,3,5,3,54026,6,11.43424,76.66031,Yellanhalli,Nilgiris,3410000,2955,4.63,Independent House
4237,10+,4,6,3,86739,3,11.49743,76.75729,Coonoor,Nilgiris,3800000,897,11.84,Villa
1005,10+,2,3,2,47929,4,11.40245,76.70535,Udhagamandalam,Nilgiris,2880000,2866,1.42,Apartment
1307,10+,2,5,2,62743,5,11.40758,76.78774,Yellanhalli,Nilgiris,2890000,2211,10.11,Independent House
1412,1-5,2,4,1,68055,4,11.38893,76.74082,Udhagamandalam,Nilgiris,4700000,3329,5.53,Independent House
1431,1-5,3,5,2,54663,4,11.58461,76.5975,Udhagamandalam,Nilgiris,2520000,1761,22.11,Apartment
513,1-5,3,4,3,103409,2,11.40867,76.76036,Kotagiri,Nilgiris,2990000,5828,7.13,Apartment
3995,1-5,0,0,0,56714,0,11.26106,76.61278,Gudalur,Nilgiris,1340000,335,18.85,Plot
1519,0-1,5,7,1,54487,3,11.41581,76.67151,Kotagiri,Nilgiris,4740000,3120,2.64,Independent House
3542,10+,0,0,0,77600,0,11.30148,76.672,Gudalur,Nilgiris,1350000,381,12.35,Plot
3611,5-10,4,6,2,88079,6,11.38329,76.68087,Ooty,Nilgiris,6360000,1761,3.37,Villa
2302,5-10,0,0,0,61238,0,11.41817,76.66908,Yellanhalli,Nilgiris,1640000,712,2.96,Plot
3640,1-5,4,6,2,45008,3,11.3422,76.63203,Gudalur,Nilgiris,6160000,1692,10.21,Villa
1011,5-10,2,3,2,76455,5,11.39431,76.68591,Ooty,Nilgiris,2350000,2324,2.03,Apartment
888,10+,3,5,2,85706,4,11.55365,76.85185,Udhagamandalam,Nilgiris,1720000,1937,23.38,Apartment
1148,5-10,4,5,1,79046,6,11.37283,76.65028,Kotagiri,Nilgiris,2460000,2143,6.41,Builder Floor
3599,0-1,3,5,3,67136,5,11.30605,76.72488,Coonoor,Nilgiris,5780000,1606,12.03,Villa
1403,10+,2,4,1,58250,2,11.56819,76.68861,Yellanhalli,Nilgiris,2220000,1582,17.58,Apartment
1845,10+,0,0,0,53678,0,11.43865,76.63834,Udhagamandalam,Nilgiris,1180000,640,6.94,Plot
1720,10+,4,6,1,67258,3,11.42448,76.64424,Kotagiri,Nilgiris,2870000,1669,5.76,Apartment
1914,1-5,1,2,1,53279,4,11.34469,76.65636,Yellanhalli,Nilgiris,3370000,1761,8.41,Apartment
1867,10+,2,4,1,96854,3,11.34414,76.71268,Ooty,Nilgiris,2270000,1216,7.59,Builder Floor
992,1-5,2,3,1,90595,5,11.33293,76.66002,Yellanhalli,Nilgiris,2740000,2762,9.4,Apartment
4945,1-5,3,5,2,62437,4,11.32094,76.61809,Coonoor,Nilgiris,6110000,1236,12.99,Villa
1287,1-5,2,3,1,63792,2,11.43312,76.75773,Coonoor,Nilgiris,3410000,2650,7.3,Apartment
3030,10+,4,5,1,95068,5,11.49133,76.67546,Kotagiri,Nilgiris,2410000,795,9.27,Independent House
775,1-5,2,4,1,68320,4,11.49502,76.79519,Kotagiri,Nilgiris,2690000,3471,14.43,Apartment
1993,1-5,2,4,2,56008,3,11.38292,76.84635,Yellanhalli,Nilgiris,2840000,1425,16.77,Apartment
1610,10+,3,4,2,84224,4,11.40141,76.66717,Kotagiri,Nilgiris,2450000,1522,3.19,Apartment
2078,10+,1,2,1,72665,5,11.39395,76.65509,Kotagiri,Nilgiris,2790000,1343,4.71,Apartment
1772,1-5,1,3,1,90435,5,11.32903,76.73736,Coonoor,Nilgiris,3160000,1783,10.14,Apartment
3905,0-1,0,0,0,69209,0,11.46757,76.76882,Yellanhalli,Nilgiris,1800000,461,10.27,Plot
2032,5-10,2,3,2,66453,2,11.41396,76.84003,Gudalur,Nilgiris,2800000,1378,15.81,Apartment
2531,10+,0,0,0,70070,0,11.34199,76.72252,Yellanhalli,Nilgiris,1120000,443,8.16,Plot
1756,5-10,2,3,1,54105,5,11.34426,76.73742,Coonoor,Nilgiris,2770000,1577,8.67,Apartment
2060,10+,4,5,4,66818,4,11.3587,76.73586,Yellanhalli,Nilgiris,2870000,1393,7.25,Apartment
2073,1-5,5,8,4,85622,6,11.34385,76.69531,Coonoor,Nilgiris,6550000,3160,7.38,Villa
5216,1-5,3,6,4,90333,3,11.35751,76.62059,Udhagamandalam,Nilgiris,6320000,1212,10.01,Villa
1068,10+,2,4,2,67927,3,11.36893,76.68765,Udhagamandalam,Nilgiris,2140000,2004,4.66,Apartment
812,10+,3,5,2,63624,3,11.30692,76.68917,Coonoor,Nilgiris,2460000,3030,11.5,Apartment
1060,1-5,0,0,0,43450,0,11.4315,76.58508,Ooty,Nilgiris,1510000,1425,12.21,Plot
3484,10+,0,0,0,83743,0,11.39078,76.71612,Yellanhalli,Nilgiris,1550000,445,3.16,Plot
3093,1-5,3,6,2,91347,2,11.36659,76.67309,Ooty,Nilgiris,4330000,1400,5.41,Independent House
916,1-5,2,5,1,84902,3,11.4931,76.65094,Udhagamandalam,Nilgiris,2520000,2751,10.39,Builder Floor
1534,5-10,3,5,1,94403,3,11.29287,76.61886,Udhagamandalam,Nilgiris,2350000,1532,15.46,Apartment
1824,10+,3,4,3,77320,2,11.36604,76.91588,Coonoor,Nilgiris,2020000,1107,24.57,Apartment
1661,1-5,2,3,1,102643,4,11.39789,76.70105,Udhagamandalam,Nilgiris,3770000,2270,1.52,Independent House
1519,1-5,1,2,1,88754,2,11.34745,76.5774,Coonoor,Nilgiris,3470000,2284,14.6,Apartment
1975,5-10,3,4,1,46096,6,11.29045,76.68082,Coonoor,Nilgiris,2210000,1119,13.41,Builder Floor
3087,5-10,2,5,1,32952,6,11.35208,76.69475,Udhagamandalam,Nilgiris,4010000,1299,6.46,Independent House
974,10+,2,4,2,71081,4,11.54275,76.80446,Udhagamandalam,Nilgiris,1800000,1848,18.96,Apartment
1654,10+,0,0,0,79209,0,9.98507,77.44697,Bodinayakanur,Theni,850000,514,4.33,Plot
2463,5-10,4,6,3,34951,4,9.95375,77.4353,Periyakulam,Theni,2490000,1011,7.78,Independent House
1626,10+,4,5,2,64159,4,9.87234,77.33586,Bodinayakanur,Theni,1100000,677,21.79,Apartment
2623,10+,5,8,4,71143,4,10.11203,77.47719,Andipatti,Theni,2410000,919,11.3,Villa
1210,1-5,2,4,1,59438,5,10.01572,77.40919,Chinnamanur,Theni,2360000,1950,7.45,Apartment
1858,5-10,2,3,2,69615,2,10.08457,77.43657,Chinnamanur,Theni,1890000,1017,9.36,Independent House
2068,1-5,1,3,1,57220,3,9.89383,77.49099,Bodinayakanur,Theni,2000000,967,13.05,Apartment
1263,1-5,3,4,3,32905,4,10.01283,77.60261,Andipatti,Theni,1930000,1528,13.76,Apartment
1272,1-5,3,4,3,59826,5,10.09783,77.50595,Andipatti,Theni,2070000,1627,10.23,Apartment
3029,1-5,4,5,3,47650,5,10.11316,77.62076,Uthamapalayam,Theni,1720000,568,19.45,Independent House
2330,5-10,4,6,4,32106,6,9.93468,77.4974,Chinnamanur,Theni,1760000,755,8.71,Independent House
790,5-10,5,6,4,50159,4,9.98345,77.53816,Chinnamanur,Theni,2050000,2595,7.34,Independent House
728,0-1,4,6,4,40946,6,9.80319,77.46273,Uthamapalayam,Theni,1490000,2047,23.09,Independent House
2325,0-1,3,4,3,65105,4,10.00047,77.34528,Chinnamanur,Theni,1880000,809,14.47,Independent House
1951,5-10,2,4,2,43671,3,9.86014,77.44512,Periyakulam,Theni,1270000,651,17.07,Apartment
891,1-5,3,5,3,42349,3,9.99802,77.51267,Bodinayakanur,Theni,2330000,2615,4.14,Apartment
2486,1-5,3,5,3,85235,5,9.93087,77.56604,Uthamapalayam,Theni,2160000,869,13.16,Independent House
4372,1-5,3,5,2,56273,4,9.91497,77.4497,Uthamapalayam,Theni,3800000,869,11.02,Villa
4253,0-1,4,7,3,53188,5,9.89307,77.39252,Chinnamanur,Theni,2510000,590,15.99,Villa
3034,10+,5,8,2,55881,3,10.04387,77.54467,Periyakulam,Theni,2900000,956,8.29,Villa
518,0-1,2,3,2,65912,3,10.05665,77.43443,Andipatti,Theni,1860000,3591,6.94,Apartment
857,0-1,2,3,1,39805,3,10.14341,77.53628,Uthamapalayam,Theni,2000000,2334,16.15,Apartment
1260,1-5,3,4,1,38237,4,10.21539,77.50808,Periyakulam,Theni,1620000,1286,23.05,Apartment
1561,10+,4,7,2,46897,5,9.96894,77.55832,Andipatti,Theni,1590000,1019,10.03,Independent House
2125,10+,2,3,1,53743,3,9.97151,77.55184,Chinnamanur,Theni,1460000,687,9.27,Apartment
1329,10+,3,5,1,72817,3,10.1188,77.49548,Periyakulam,Theni,1640000,1234,12.22,Apartment
1892,5-10,2,4,1,67953,4,9.90197,77.49344,Chinnamanur,Theni,1930000,1020,12.19,Apartment
3874,1-5,0,0,0,39843,0,10.04205,77.57241,Chinnamanur,Theni,1140000,294,11.02,Plot
1508,1-5,5,7,2,76437,2,10.1466,77.40325,Uthamapalayam,Theni,1380000,915,17.16,Builder Floor
3489,1-5,2,5,2,42680,5,9.95558,77.452,Chinnamanur,Theni,2240000,642,6.68,Independent House
552,5-10,1,2,1,36050,3,9.94491,77.42093,Periyakulam,Theni,1770000,3207,9.53,Apartment
2190,5-10,5,7,5,62240,6,9.84477,77.44827,Chinnamanur,Theni,1450000,662,18.68,Independent House
836,5-10,1,3,1,66809,5,9.86622,77.27286,Bodinayakanur,Theni,1320000,1579,27.51,Apartment
2765,0-1,3,6,1,17973,6,10.04496,77.40506,Periyakulam,Theni,2750000,995,8.76,Independent House
721,10+,1,2,1,70116,2,9.92834,77.56511,Bodinayakanur,Theni,1510000,2094,13.28,Apartment
472,5-10,2,4,2,71944,3,10.07144,77.48984,Andipatti,Theni,1760000,3729,6.93,Apartment
1635,1-5,3,4,2,36254,5,9.98837,77.63476,Periyakulam,Theni,1610000,985,17.45,Builder Floor
2535,5-10,4,5,3,70978,2,10.02854,77.48061,Periyakulam,Theni,2380000,939,2.06,Independent House
3395,5-10,0,0,0,55267,0,9.98501,77.39611,Periyakulam,Theni,1060000,312,9.3,Plot
5139,5-10,5,8,3,46153,3,10.0576,77.62102,Periyakulam,Theni,2590000,504,16.62,Villa
1781,5-10,1,2,1,31967,4,9.86075,77.56339,Periyakulam,Theni,1410000,792,19.14,Apartment
915,5-10,2,4,1,30344,2,9.97958,77.54163,Bodinayakanur,Theni,1730000,1891,7.86,Apartment
1197,1-5,0,0,0,59782,0,10.06326,77.46422,Chinnamanur,Theni,1080000,902,6.04,Plot
2883,1-5,0,0,0,48782,0,9.92427,77.3825,Bodinayakanur,Theni,1090000,378,14.1,Plot
2218,0-1,0,0,0,60587,0,10.07705,77.38084,Chinnamanur,Theni,960000,433,12.88,Plot
2440,1-5,2,4,2,58845,2,9.9476,77.43821,Periyakulam,Theni,1880000,770,8.17,Apartment
2335,5-10,2,4,1,55206,2,10.13769,77.47418,Periyakulam,Theni,1990000,852,14.16,Independent House
1466,1-5,4,5,1,66345,3,10.1238,77.37628,Bodinayakanur,Theni,1460000,996,16.75,Builder Floor
2090,5-10,4,7,2,64817,5,10.14627,77.43965,Uthamapalayam,Theni,2500000,1196,15.65,Villa
1509,5-10,3,4,1,66240,3,10.03803,77.41183,Uthamapalayam,Theni,1660000,1100,7.77,Apartment
1639,5-10,2,3,2,24461,4,9.97981,77.30442,Chinnamanur,Theni,1410000,860,19.2,Apartment
4735,0-1,3,6,4,44851,3,10.03824,77.49904,Bodinayakanur,Theni,4990000,1054,3.93,Villa
1696,5-10,2,4,1,55054,3,9.9409,77.52892,Uthamapalayam,Theni,2050000,1209,9.59,Apartment
978,10+,2,3,1,61526,4,9.98294,77.55671,Bodinayakanur,Theni,1820000,1861,9.25,Apartment
490,5-10,2,3,2,68038,4,10.04096,77.46712,Andipatti,Theni,1810000,3694,3.57,Apartment
1562,10+,3,5,1,61575,6,10.0761,77.43502,Periyakulam,Theni,1270000,813,8.63,Builder Floor
1395,5-10,5,7,2,45372,4,10.13829,77.6222,Uthamapalayam,Theni,1360000,975,21.33,Independent House
675,10+,1,2,1,75597,2,9.98504,77.43524,Chinnamanur,Theni,1840000,2726,5.37,Apartment
896,10+,0,0,0,33452,0,9.91705,77.37872,Uthamapalayam,Theni,740000,826,14.95,Plot
3811,5-10,4,7,4,46892,5,10.1086,77.43672,Chinnamanur,Theni,2870000,753,11.78,Villa
564,10+,3,5,3,43441,3,9.93673,77.51466,Uthamapalayam,Theni,1670000,2961,9.17,Apartment
3795,0-1,3,6,2,53085,3,9.9597,77.67887,Andipatti,Theni,2500000,659,22.81,Villa
1040,1-5,3,5,3,18530,5,10.06258,77.49512,Uthamapalayam,Theni,2250000,2163,6.13,Apartment
1416,10+,4,7,3,85730,4,9.82204,77.42525,Bodinayakanur,Theni,1170000,826,21.7,Independent House
1905,10+,1,2,1,24877,3,10.06106,77.62284,Chinnamanur,Theni,1500000,787,16.93,Apartment
2770,5-10,5,8,3,74877,3,10.12641,77.45376,Uthamapalayam,Theni,2740000,989,13.15,Villa
1169,10+,2,4,1,78515,3,9.99597,77.50824,Periyakulam,Theni,1830000,1565,3.78,Apartment
679,5-10,1,2,1,41374,2,9.99237,77.46682,Chinnamanur,Theni,1860000,2739,2.29,Apartment
1026,10+,2,4,1,63429,5,9.97052,77.58936,Uthamapalayam,Theni,1020000,994,13.08,Apartment
1939,5-10,0,0,0,25852,0,9.79522,77.53839,Bodinayakanur,Theni,630000,325,24.85,Plot
2253,1-5,2,4,1,48456,4,9.94384,77.6018,Andipatti,Theni,1940000,861,15.54,Apartment
1327,1-5,3,4,2,38455,3,10.00862,77.52268,Periyakulam,Theni,2250000,1696,5.01,Apartment
1113,0-1,2,4,1,66834,4,10.03572,77.38825,Andipatti,Theni,1470000,1321,10.12,Apartment
4630,5-10,4,6,4,55151,4,10.01583,77.4886,Periyakulam,Theni,4090000,883,1.41,Villa
803,5-10,3,5,3,46815,2,9.84755,77.37563,Periyakulam,Theni,1370000,1706,21.24,Apartment
2398,10+,3,5,3,38294,5,9.99513,77.44864,Chinnamanur,Theni,1760000,734,3.54,Apartment
897,1-5,3,4,2,41206,4,9.92659,77.58183,Periyakulam,Theni,1780000,1984,14.79,Apartment
1316,1-5,4,5,2,27611,4,9.88386,77.46647,Andipatti,Theni,1440000,1094,14.12,Builder Floor
1560,1-5,1,2,1,33917,2,9.89137,77.3752,Periyakulam,Theni,1660000,1064,17.31,Apartment
1270,1-5,3,4,1,48996,2,10.06207,77.42551,Andipatti,Theni,2290000,1803,8.05,Independent House
2258,1-5,3,4,3,72329,5,9.94654,77.54472,Periyakulam,Theni,2080000,921,10.27,Apartment
1016,1-5,2,5,2,49194,5,10.06435,77.51372,Andipatti,Theni,2140000,2106,7.22,Independent House
3344,5-10,3,6,2,47737,6,10.16866,77.44117,Bodinayakanur,Theni,2630000,786,18.03,Villa
2216,5-10,3,5,3,65123,5,9.90249,77.41638,Periyakulam,Theni,1540000,695,13.71,Apartment
1037,5-10,2,4,1,68031,3,9.87696,77.38109,Chinnamanur,Theni,1370000,1321,18.18,Apartment
2156,5-10,0,0,0,71245,0,9.99399,77.49455,Bodinayakanur,Theni,990000,459,2.65,Plot
3026,1-5,3,4,1,75295,2,9.73963,77.48082,Bodinayakanur,Theni,1470000,486,30.11,Independent House
1310,10+,3,5,3,65433,2,10.13491,77.57243,Andipatti,Theni,1370000,1046,17.34,Apartment
1615,5-10,5,6,5,62626,4,9.93197,77.61104,Chinnamanur,Theni,1350000,836,17.07,Builder Floor
2674,10+,0,0,0,56439,0,10.02033,77.47752,Periyakulam,Theni,960000,359,1.11,Plot
1403,0-1,2,5,2,61508,3,9.97872,77.50025,Andipatti,Theni,3130000,2231,4.35,Independent House
2017,10+,3,5,3,67121,2,9.7363,77.4964,Bodinayakanur,Theni,1110000,550,30.55,Apartment
1604,5-10,2,4,2,84708,5,9.8836,77.53595,Andipatti,Theni,1550000,966,15.51,Apartment
2931,1-5,2,5,1,51858,6,10.05659,77.51584,Andipatti,Theni,2360000,805,6.67,Independent House
3036,5-10,5,7,3,83519,3,10.06417,77.51238,Bodinayakanur,Theni,2370000,781,7.12,Independent House
3573,1-5,0,0,0,48873,0,10.03751,77.55011,Chinnamanur,Theni,1140000,319,8.55,Plot
2746,1-5,5,8,3,65730,3,10.10912,77.57804,Bodinayakanur,Theni,2310000,841,15.58,Independent House
2480,5-10,3,4,1,49655,3,9.83657,77.33009,Andipatti,Theni,1510000,609,25.15,Apartment
5655,5-10,3,5,3,60644,4,9.97934,77.52627,Uthamapalayam,Theni,2690000,476,6.41,Villa
1927,5-10,2,3,2,61264,6,9.95863,77.4219,Chinnamanur,Theni,1840000,955,8.34,Independent House
1730,1-5,4,6,1,46400,4,10.02302,77.38231,Periyakulam,Theni,1560000,902,10.46,Apartment
3173,1-5,2,4,2,52421,5,9.99597,77.4025,Periyakulam,Theni,2100000,662,8.31,Independent House
2537,1-5,0,0,0,57403,0,9.98339,77.55894,Andipatti,Theni,980000,386,9.46,Plot
1193,10+,0,0,0,75343,0,10.14311,77.67248,Andipatti,Theni,500000,419,26.0,Plot
2298,5-10,0,0,0,21980,0,9.94118,77.55589,Bodinayakanur,Theni,930000,405,11.57,Plot
1017,5-10,4,7,3,60121,4,10.03141,77.45811,Andipatti,Theni,2240000,2203,3.12,Independent House
3435,1-5,3,5,2,58417,4,10.0822,77.44679,Chinnamanur,Theni,2120000,617,8.64,Independent House
830,10+,1,3,1,45693,5,10.02386,77.42709,Bodinayakanur,Theni,1820000,2193,5.67,Apartment
3103,0-1,3,6,4,31269,5,10.03659,77.42075,Bodinayakanur,Theni,3340000,1076,6.81,Villa
2238,10+,2,3,1,64024,4,9.89284,77.46328,Bodinayakanur,Theni,1230000,550,13.16,Independent House
670,10+,2,3,2,38652,3,9.9962,77.53662,Uthamapalayam,Theni,1840000,2746,6.72,Apartment
2082,5-10,4,6,1,48968,2,10.0282,77.50714,Chinnamanur,Theni,1790000,860,3.85,Apartment
2715,10+,5,7,4,52353,3,10.096,77.53754,Chinnamanur,Theni,2400000,884,11.6,Villa
1028,10+,3,4,1,65171,2,10.07135,77.50936,Periyakulam,Theni,1550000,1508,7.65,Apartment
2080,1-5,2,4,1,38163,2,9.8652,77.43013,Periyakulam,Theni,2010000,966,16.94,Apartment
1087,5-10,5,6,2,46148,4,9.92208,77.43838,Periyakulam,Theni,1650000,1518,10.69,Builder Floor
1838,5-10,4,6,4,54410,6,9.94086,77.60256,Uthamapalayam,Theni,1360000,740,15.78,Independent House
1983,5-10,0,0,0,37863,0,10.05666,77.35993,Periyakulam,Theni,880000,444,13.81,Plot
2148,10+,3,4,3,50695,3,9.97383,77.48397,Uthamapalayam,Theni,1350000,628,4.14,Apartment
2048,5-10,2,3,2,66853,5,9.95051,77.46583,Periyakulam,Theni,2280000,1113,6.77,Apartment
1974,1-5,2,3,2,43089,3,9.88608,77.55629,Bodinayakanur,Theni,1860000,942,16.33,Apartment
4578,10+,3,6,2,47512,3,9.8687,77.41492,Andipatti,Theni,2370000,518,17.16,Villa
2341,1-5,3,4,2,36297,5,10.09467,77.39864,Chinnamanur,Theni,1870000,799,12.7,Apartment
1301,1-5,1,3,1,36012,4,9.95489,77.45553,Periyakulam,Theni,1810000,1391,6.61,Apartment
1587,10+,2,4,1,39907,5,9.91804,77.47899,Andipatti,Theni,1690000,1065,10.27,Apartment
783,1-5,2,3,1,60239,4,10.04039,77.55814,Bodinayakanur,Theni,1880000,2401,9.49,Apartment
590,5-10,1,3,1,65564,3,9.962,77.46323,Periyakulam,Theni,1610000,2729,5.59,Apartment
1406,0-1,3,5,2,39476,5,9.77142,77.42835,Uthamapalayam,Theni,1560000,1110,27.1,Independent House
1989,0-1,2,4,1,45089,4,10.01458,77.33007,Chinnamanur,Theni,1640000,825,16.1,Apartment
1515,1-5,3,5,3,49643,4,10.98263,78.14517,Punjai Puliyampatti,Karur,1780000,1175,7.89,Independent House
4273,1-5,3,6,2,44733,6,10.90928,78.18682,Krishnarayapuram,Karur,3890000,910,13.29,Villa
1736,1-5,3,6,2,63649,6,11.19513,78.0931,Thanthoni,Karur,1310000,755,26.2,Builder Floor
3352,1-5,4,6,3,78564,4,11.00993,78.00949,Punjai Puliyampatti,Karur,3150000,940,9.19,Villa
1670,1-5,1,2,1,66613,2,10.97621,78.21603,Krishnarayapuram,Karur,1920000,1150,15.33,Apartment
553,10+,4,6,3,66712,3,11.02348,78.15106,Thanthoni,Karur,1620000,2929,10.76,Apartment
2465,5-10,0,0,0,47959,0,10.95224,78.00642,Kulithalai,Karur,990000,402,7.71,Plot
987,10+,1,2,1,74875,3,11.02655,78.20866,Aravakurichi,Karur,1460000,1479,16.2,Apartment
842,5-10,3,6,2,32029,4,10.8444,78.09618,Kulithalai,Karur,1750000,2078,13.04,Builder Floor
872,1-5,5,7,4,42756,3,10.91912,77.95464,Kulithalai,Karur,1900000,2179,14.07,Independent House
2043,5-10,3,5,3,43567,3,10.95712,77.96717,Krishnarayapuram,Karur,1650000,808,11.95,Apartment
2398,10+,3,4,1,89803,3,10.80591,78.06528,Kulithalai,Karur,1420000,592,17.19,Apartment
639,1-5,3,4,2,72515,6,10.94206,78.01982,Krishnarayapuram,Karur,2000000,3130,6.52,Independent House
1288,10+,4,6,1,59862,3,10.86524,78.09526,Thanthoni,Karur,1450000,1126,10.74,Builder Floor
988,1-5,3,5,3,31295,3,11.0001,78.1039,Punjai Puliyampatti,Karur,2150000,2176,5.35,Apartment
5538,5-10,4,6,4,32983,5,10.97517,78.12936,Krishnarayapuram,Karur,4640000,838,6.0,Villa
1325,0-1,0,0,0,55230,0,11.15343,78.09952,Punjai Puliyampatti,Karur,820000,619,21.64,Plot
772,1-5,2,4,2,49331,6,10.95418,78.10736,Thanthoni,Karur,2770000,3588,3.42,Independent House
2189,10+,2,3,1,36864,5,10.94791,78.04719,Kulithalai,Karur,1830000,836,3.49,Apartment
2724,1-5,4,6,4,73563,2,10.99017,78.04205,Punjai Puliyampatti,Karur,2760000,1013,5.04,Independent House
1464,10+,3,4,2,41915,3,11.03517,77.96143,Aravakurichi,Karur,1450000,990,15.09,Builder Floor
1531,5-10,3,4,2,46993,5,11.00087,78.06193,Thanthoni,Karur,1770000,1156,4.81,Builder Floor
1877,1-5,5,8,5,73401,5,10.99696,77.98356,Aravakurichi,Karur,2560000,1364,10.95,Independent House
2887,1-5,3,6,3,43716,3,10.93626,78.11873,Kulithalai,Karur,3770000,1306,5.31,Villa
1132,10+,3,5,2,58390,5,10.97161,78.03987,Krishnarayapuram,Karur,1510000,1334,4.21,Independent House
4530,5-10,4,7,2,58098,4,10.88476,78.17169,Thanthoni,Karur,3130000,691,13.34,Villa
1250,10+,1,2,1,47849,5,10.94027,78.10539,Thanthoni,Karur,2060000,1648,3.84,Apartment
2858,1-5,3,5,3,72261,6,11.03247,78.1053,Punjai Puliyampatti,Karur,2820000,987,8.64,Villa
659,10+,2,3,2,53853,3,11.15317,77.99731,Aravakurichi,Karur,1190000,1806,23.15,Apartment
1059,10+,2,3,1,41461,3,10.99964,78.17726,Aravakurichi,Karur,1550000,1464,11.83,Apartment
1362,10+,4,7,4,76250,3,10.89412,78.00733,Aravakurichi,Karur,2000000,1468,10.54,Independent House
1458,1-5,2,4,1,54897,3,10.92119,78.09907,Aravakurichi,Karur,2890000,1982,4.97,Apartment
1334,1-5,5,6,2,8822,3,11.09393,78.16114,Thanthoni,Karur,1740000,1304,17.51,Independent House
1341,1-5,4,6,1,77329,2,11.00753,78.18213,Kulithalai,Karur,2160000,1611,12.67,Apartment
1225,5-10,1,3,1,38945,3,10.941,78.21267,Thanthoni,Karur,1680000,1371,15.01,Apartment
2267,10+,1,3,1,101259,5,10.97338,78.19108,Aravakurichi,Karur,1530000,675,12.58,Apartment
3069,5-10,4,7,4,79549,5,10.99568,78.19943,Kulithalai,Karur,2140000,697,13.98,Independent House
1166,1-5,5,7,5,89674,2,10.99599,78.14273,Kulithalai,Karur,2290000,1964,8.25,Independent House
849,1-5,2,3,2,65919,3,11.0861,78.14368,Kulithalai,Karur,1740000,2049,15.81,Apartment
1536,1-5,0,0,0,46536,0,10.97771,78.06153,Krishnarayapuram,Karur,1190000,775,2.56,Plot
3951,1-5,0,0,0,54834,0,10.97068,78.00115,Thanthoni,Karur,960000,243,8.32,Plot
1578,5-10,3,4,2,60285,2,10.88385,77.95681,Thanthoni,Karur,1720000,1090,15.59,Apartment
2218,5-10,2,4,1,68991,5,11.11523,78.13186,Krishnarayapuram,Karur,1380000,622,18.27,Apartment
2975,1-5,5,6,5,91511,4,10.91024,77.89767,Aravakurichi,Karur,2030000,682,20.31,Independent House
490,5-10,2,4,1,59736,5,10.91777,78.05912,Kulithalai,Karur,1870000,3816,5.08,Apartment
886,10+,5,7,3,57629,6,10.92558,78.09778,Punjai Puliyampatti,Karur,1310000,1479,4.48,Builder Floor
3326,5-10,3,6,3,72268,2,11.07553,78.05362,Kulithalai,Karur,2410000,725,13.08,Independent House
1801,1-5,2,4,1,58964,5,11.11909,78.02425,Thanthoni,Karur,1980000,1099,18.58,Apartment
1946,1-5,1,3,1,70278,5,11.02722,78.24214,Kulithalai,Karur,1750000,899,19.55,Apartment
1890,10+,2,3,1,64409,3,10.84949,78.01716,Krishnarayapuram,Karur,1330000,704,13.91,Apartment
2267,10+,2,4,2,81262,2,10.92079,78.05258,Kulithalai,Karur,1670000,737,5.1,Apartment
1798,5-10,1,3,1,95154,3,10.89524,78.11845,Punjai Puliyampatti,Karur,2060000,1146,8.54,Apartment
1344,1-5,3,5,3,88388,3,10.79941,78.23505,Thanthoni,Karur,1200000,893,24.87,Independent House
3003,0-1,3,6,1,58508,6,10.95836,78.20374,Krishnarayapuram,Karur,2490000,829,13.88,Independent House
2602,10+,5,8,4,41237,6,11.05887,77.98915,Thanthoni,Karur,2550000,980,14.55,Villa
4202,10+,5,8,2,43545,3,11.04397,78.06367,Kulithalai,Karur,3110000,740,9.43,Villa
1410,10+,5,6,1,38644,3,10.90667,77.94346,Aravakurichi,Karur,1530000,1085,15.7,Independent House
1097,1-5,3,5,3,55499,4,10.91745,78.10655,Kulithalai,Karur,2660000,2425,5.76,Apartment
2844,0-1,0,0,0,83339,0,10.99567,78.01578,Krishnarayapuram,Karur,1120000,394,7.73,Plot
1057,5-10,3,4,2,59970,6,10.85695,78.01032,Thanthoni,Karur,1800000,1703,13.56,Builder Floor
2233,0-1,3,5,3,71972,3,10.94037,78.09119,Thanthoni,Karur,2770000,1240,2.71,Independent House
2677,1-5,4,6,3,62843,5,10.90442,77.95453,Krishnarayapuram,Karur,2320000,867,14.7,Independent House
3595,10+,0,0,0,43007,0,11.04663,77.96157,Punjai Puliyampatti,Karur,870000,242,15.82,Plot
1250,10+,4,5,3,75546,4,10.79139,78.08905,Krishnarayapuram,Karur,1140000,912,18.81,Builder Floor
742,0-1,3,5,1,68883,5,10.98893,77.98304,Krishnarayapuram,Karur,2150000,2898,10.7,Independent House
1979,1-5,3,5,2,50835,4,10.89855,78.18282,Thanthoni,Karur,1980000,1001,13.47,Apartment
1628,0-1,3,4,2,59760,3,11.009,77.93912,Aravakurichi,Karur,2070000,1271,15.96,Builder Floor
3365,5-10,3,5,3,62612,4,11.02499,78.09582,Krishnarayapuram,Karur,2440000,725,7.51,Independent House
1053,0-1,2,4,2,62572,4,10.97462,78.02875,Punjai Puliyampatti,Karur,1940000,1842,5.47,Builder Floor
5473,0-1,3,5,4,92936,6,10.96971,78.16518,Punjai Puliyampatti,Karur,4440000,811,9.73,Villa
1751,10+,4,5,2,67686,2,10.91355,78.01808,Punjai Puliyampatti,Karur,1660000,948,8.22,Builder Floor
1966,1-5,4,6,1,66124,6,10.95456,78.06962,Thanthoni,Karur,3170000,1612,0.98,Independent House
1031,0-1,5,8,3,5000,5,11.01989,78.08308,Aravakurichi,Karur,2380000,2308,6.69,Independent House
2147,10+,5,8,4,93203,3,10.86477,78.07497,Punjai Puliyampatti,Karur,2660000,1239,10.6,Villa
1850,5-10,2,4,1,29127,3,10.93556,78.11557,Kulithalai,Karur,2380000,1286,5.05,Apartment
1498,5-10,3,4,3,53664,5,11.06128,78.00088,Punjai Puliyampatti,Karur,2050000,1368,13.96,Builder Floor
3616,5-10,5,8,2,40934,3,10.82911,78.02621,Punjai Puliyampatti,Karur,2720000,752,15.57,Villa
1356,5-10,3,5,3,64097,6,10.89626,77.99969,Kulithalai,Karur,1850000,1364,11.0,Builder Floor
2280,1-5,3,5,3,14696,5,10.89208,78.14534,Punjai Puliyampatti,Karur,3750000,1645,10.66,Villa
2323,5-10,4,5,4,61647,2,10.94966,77.96012,Aravakurichi,Karur,1980000,852,12.77,Independent House
1877,1-5,5,6,2,80857,6,11.01521,78.12396,Thanthoni,Karur,1910000,1018,8.02,Builder Floor
2817,0-1,2,4,1,61080,3,10.84934,77.95832,Punjai Puliyampatti,Karur,2410000,856,17.85,Independent House
2116,1-5,4,5,3,50198,5,10.89372,78.26074,Kulithalai,Karur,1970000,931,21.42,Independent House
1013,0-1,3,4,2,60676,2,11.09874,78.10837,Krishnarayapuram,Karur,2080000,2053,15.8,Apartment
2560,5-10,4,5,4,70114,3,10.96234,78.15909,Punjai Puliyampatti,Karur,2240000,875,9.01,Independent House
812,5-10,4,5,4,66335,2,10.9408,78.0535,Kulithalai,Karur,1890000,2328,3.31,Apartment
997,0-1,2,5,1,41799,4,10.97487,78.01386,Punjai Puliyampatti,Karur,2110000,2116,7.04,Independent House
1303,1-5,4,6,2,70818,5,11.01396,78.12343,Krishnarayapuram,Karur,2500000,1919,7.87,Independent House
2340,1-5,4,5,2,56027,5,11.05873,78.02502,Thanthoni,Karur,2430000,1038,12.33,Independent House
5155,5-10,4,6,3,69159,6,10.9914,78.05378,Punjai Puliyampatti,Karur,4340000,842,4.28,Villa
4776,1-5,4,6,3,47441,5,10.9167,78.02894,Krishnarayapuram,Karur,4790000,1003,7.1,Villa
2419,10+,4,5,2,73242,3,10.99225,78.04259,Aravakurichi,Karur,2180000,901,5.15,Apartment
1310,1-5,0,0,0,41416,0,10.95336,78.11106,Thanthoni,Karur,1000000,763,3.84,Plot
4898,1-5,5,8,2,63998,6,10.9849,78.04443,Punjai Puliyampatti,Karur,4710000,962,4.47,Villa
1557,10+,3,4,2,45555,6,10.95935,78.16751,Aravakurichi,Karur,1690000,1085,9.92,Independent House
3000,10+,3,6,1,55473,5,10.95069,78.14338,Punjai Puliyampatti,Karur,2180000,727,7.36,Independent House
1127,1-5,2,3,2,33821,6,11.0059,78.04525,Krishnarayapuram,Karur,2270000,2014,6.14,Builder Floor
1489,10+,3,5,3,50234,4,10.96897,78.13672,Aravakurichi,Karur,1470000,987,6.64,Independent House
630,10+,2,4,1,50727,2,11.03513,78.12468,Kulithalai,Karur,1500000,2381,9.86,Apartment
2398,10+,3,5,1,85091,5,10.98663,78.12669,Thanthoni,Karur,1540000,642,6.21,Apartment
1853,5-10,2,4,2,39255,5,10.83346,78.02737,Aravakurichi,Karur,1920000,1036,15.07,Apartment
863,10+,2,4,2,67909,3,10.97184,78.18924,Aravakurichi,Karur,1770000,2051,12.37,Independent House
3248,10+,0,0,0,47695,0,10.91796,78.02812,Krishnarayapuram,Karur,1060000,326,7.07,Plot
1736,1-5,2,4,2,62989,3,10.8899,78.17733,Punjai Puliyampatti,Karur,1930000,1112,13.49,Apartment
2392,5-10,3,4,3,67711,6,11.0194,78.08623,Punjai Puliyampatti,Karur,2280000,953,6.68,Independent House
2122,10+,0,0,0,59124,0,10.95777,78.255,Thanthoni,Karur,730000,344,19.48,Plot
1161,0-1,2,4,2,62836,5,10.94585,78.11258,Kulithalai,Karur,2470000,2127,4.24,Apartment
1134,10+,1,2,1,66789,5,10.93254,78.09526,Aravakurichi,Karur,1500000,1323,3.68,Apartment
1475,5-10,4,6,4,34274,5,11.00937,78.16036,Aravakurichi,Karur,1950000,1322,10.66,Apartment
2059,5-10,2,3,2,29091,3,10.87932,78.0521,Kulithalai,Karur,1970000,957,9.37,Apartment
1040,1-5,2,4,1,48828,5,10.97697,78.04734,Kulithalai,Karur,2540000,2442,3.7,Apartment
1169,10+,4,6,2,57015,4,10.99755,78.19975,Punjai Puliyampatti,Karur,1350000,1155,14.07,Independent House
1831,5-10,2,3,1,68794,4,10.91098,78.05139,Krishnarayapuram,Karur,1820000,994,6.12,Apartment
1126,10+,4,6,2,32953,3,11.02528,78.08984,Punjai Puliyampatti,Karur,1410000,1252,7.39,Builder Floor
4728,5-10,4,6,3,62645,6,10.95945,78.05297,Krishnarayapuram,Karur,2850000,603,2.58,Villa
1075,5-10,0,0,0,52583,0,10.83911,78.07733,Aravakurichi,Karur,820000,763,13.45,Plot
2104,1-5,0,0,0,69474,0,11.06475,77.91477,Punjai Puliyampatti,Karur,960000,456,21.15,Plot
1607,10+,3,5,2,51119,4,10.97729,78.02226,Kulithalai,Karur,1740000,1083,6.23,Apartment
609,0-1,2,3,1,57743,3,10.93177,78.06588,Punjai Puliyampatti,Karur,2140000,3514,3.36,Apartment
1969,10+,2,3,1,76361,3,10.83604,78.19767,Punjai Puliyampatti,Karur,1170000,594,19.11,Builder Floor
1305,1-5,2,4,2,23487,3,11.03026,77.98541,Punjai Puliyampatti,Karur,2540000,1946,12.65,Independent House
2120,1-5,3,5,1,39645,3,11.01718,78.09709,Krishnarayapuram,Karur,2020000,953,6.73,Apartment
5491,1-5,3,5,2,85218,5,10.96104,78.0308,Krishnarayapuram,Karur,4840000,881,5.0,Villa
2099,10+,2,4,2,76825,3,10.94667,78.11164,Kulithalai,Karur,1640000,781,4.11,Apartment
1639,1-5,3,4,1,63526,3,10.95823,78.10488,Punjai Puliyampatti,Karur,2210000,1348,3.09,Apartment
2365,5-10,1,2,1,73479,2,11.01532,78.04512,Krishnarayapuram,Karur,2540000,1074,7.04,Apartment
5916,1-5,5,8,3,79014,3,11.00736,78.16938,Aravakurichi,Karur,4040000,683,11.41,Villa
1718,0-1,1,2,1,73808,4,10.82333,78.03585,Punjai Puliyampatti,Karur,1860000,1083,15.85,Apartment
1588,5-10,2,4,1,47057,5,11.05323,77.99762,Punjai Puliyampatti,Karur,1960000,1234,13.47,Independent House
1962,1-5,3,4,1,49988,5,11.1108,77.96696,Krishnarayapuram,Karur,1690000,861,20.59,Apartment
1174,5-10,3,4,3,45454,4,10.96168,78.17518,Krishnarayapuram,Karur,1600000,1363,10.76,Builder Floor
822,0-1,3,4,1,36294,3,11.0309,78.05429,Punjai Puliyampatti,Karur,2310000,2810,8.24,Apartment
3256,10+,2,5,2,80092,5,10.94151,77.96573,Thanthoni,Karur,1530000,470,12.28,Independent House
2210,10+,4,5,2,89550,3,11.13497,78.15797,Krishnarayapuram,Karur,1370000,620,21.38,Apartment
1262,1-5,2,4,1,56624,2,11.04974,78.21258,Krishnarayapuram,Karur,1870000,1482,17.88,Apartment
2120,10+,5,8,2,60903,4,10.82441,78.01427,Thanthoni,Karur,1600000,755,16.55,Independent House
1602,0-1,2,3,1,55859,3,10.87911,78.16242,Punjai Puliyampatti,Karur,2130000,1330,13.0,Apartment
1586,10+,4,6,3,55964,2,10.96232,78.13883,Punjai Puliyampatti,Karur,1850000,1166,6.8,Apartment
3495,1-5,4,7,3,45414,3,12.94956,79.85085,Uthukottai,Tiruvallur,4460000,1276,22.49,Villa
2301,5-10,3,5,1,5000,3,13.02695,79.99047,Uthukottai,Tiruvallur,1950000,847,15.75,Apartment
1286,5-10,3,4,3,78699,5,13.00243,79.8841,Pattabiram,Tiruvallur,2150000,1672,15.95,Apartment
5958,0-1,4,7,3,45700,4,13.15353,79.97254,Uthukottai,Tiruvallur,6690000,1123,7.03,Villa
1048,0-1,4,5,3,49176,2,13.2796,79.75268,Pattabiram,Tiruvallur,2310000,2204,22.62,Apartment
1778,10+,4,7,2,78734,5,13.22031,80.01828,Tiruttani,Tiruvallur,2580000,1451,14.62,Independent House
1903,0-1,2,4,2,119220,4,13.12904,79.81447,Thiruvallur Town,Tiruvallur,4070000,2139,10.3,Apartment
1872,1-5,3,6,1,54163,2,13.11807,79.89478,Gummidipoondi,Tiruvallur,3390000,1811,3.23,Independent House
2007,5-10,3,5,2,94275,5,13.20604,79.84637,Ponneri,Tiruvallur,2890000,1440,9.64,Apartment
1092,0-1,1,3,1,121006,5,13.17991,79.70506,Pattabiram,Tiruvallur,3000000,2747,22.38,Apartment
2295,5-10,1,3,1,108009,2,13.12971,79.90271,Pattabiram,Tiruvallur,3060000,1333,1.69,Apartment
4317,0-1,4,7,2,97903,3,12.99882,79.88881,Ponneri,Tiruvallur,5330000,1235,16.27,Villa
3284,10+,4,6,4,146248,6,13.13067,79.90871,Ponneri,Tiruvallur,2660000,810,1.47,Independent House
2071,5-10,1,2,1,112366,4,13.06832,79.87493,Gummidipoondi,Tiruvallur,3020000,1458,9.15,Apartment
639,1-5,2,4,2,133084,3,13.3213,79.79755,Pattabiram,Tiruvallur,2430000,3803,23.09,Apartment
4752,1-5,5,7,2,91399,3,13.14553,79.92699,Gummidipoondi,Tiruvallur,4790000,1008,2.02,Villa
2306,1-5,3,5,1,76412,3,13.25522,79.87076,Gummidipoondi,Tiruvallur,3220000,1396,13.03,Apartment
1292,10+,2,5,2,51673,2,13.12364,80.02141,Ponneri,Tiruvallur,1890000,1463,12.44,Builder Floor
806,1-5,3,5,2,104269,4,13.27294,79.98714,Gummidipoondi,Tiruvallur,2280000,2829,16.69,Independent House
754,10+,3,5,1,63082,5,13.10583,79.95637,Uthukottai,Tiruvallur,2940000,3899,6.7,Independent House
2203,0-1,2,5,1,72999,4,13.06253,80.04241,Tiruttani,Tiruvallur,2850000,1294,17.1,Independent House
2135,5-10,2,4,1,99887,2,13.18535,79.84671,Pattabiram,Tiruvallur,2960000,1386,8.12,Apartment
1565,1-5,3,6,2,61403,5,13.16054,79.86029,Ponneri,Tiruvallur,3450000,2204,5.53,Builder Floor
2522,1-5,3,5,3,83021,2,13.11486,79.95241,Gummidipoondi,Tiruvallur,2890000,1146,5.76,Independent House
2027,5-10,4,5,3,44367,5,13.08466,79.82131,Tiruttani,Tiruvallur,2750000,1357,11.5,Apartment
2875,5-10,5,8,4,81169,4,13.14211,79.8904,Uthukottai,Tiruvallur,5500000,1913,1.96,Villa
2433,10+,2,4,2,109111,5,13.11516,80.02954,Ponneri,Tiruvallur,1940000,797,13.5,Apartment
1410,1-5,3,4,2,56651,3,13.26834,79.96993,Pattabiram,Tiruvallur,2600000,1844,15.36,Apartment
2120,5-10,5,7,4,71155,3,13.18562,79.94306,Gummidipoondi,Tiruvallur,4340000,2047,5.97,Villa
1322,10+,5,7,2,123759,2,13.10562,80.04765,Tiruttani,Tiruvallur,2080000,1573,15.67,Builder Floor
3610,1-5,0,0,0,106777,0,13.23391,80.0287,Tiruttani,Tiruvallur,1680000,465,16.43,Plot
1787,10+,3,5,1,71376,2,13.15165,79.93765,Ponneri,Tiruvallur,3220000,1802,3.28,Independent House
5770,10+,5,7,4,69705,4,13.21273,80.04801,Pattabiram,Tiruvallur,4070000,705,16.94,Villa
4133,5-10,5,8,3,50025,5,13.14873,80.14167,Pattabiram,Tiruvallur,2720000,658,25.26,Villa
1160,1-5,3,6,1,54371,5,13.2074,79.83675,Gummidipoondi,Tiruvallur,3250000,2802,10.49,Independent House
3688,0-1,0,0,0,99908,0,13.21663,79.83642,Pattabiram,Tiruvallur,1650000,447,11.23,Plot
3477,1-5,3,4,2,106419,4,13.12757,79.9562,Ponneri,Tiruvallur,4230000,1217,5.49,Independent House
1589,5-10,2,3,2,112814,3,13.1459,80.09911,Ponneri,Tiruvallur,2370000,1492,20.65,Apartment
2424,1-5,2,4,2,96160,5,13.19641,79.95088,Pattabiram,Tiruvallur,3580000,1477,7.43,Apartment
1697,1-5,2,3,2,143632,2,13.22208,79.78517,Ponneri,Tiruvallur,3060000,1803,15.92,Independent House
2055,10+,2,4,2,43734,2,13.15322,79.67629,Ponneri,Tiruvallur,2190000,1066,25.15,Apartment
885,0-1,2,4,1,88009,3,13.2035,79.89149,Tiruttani,Tiruvallur,2910000,3288,6.88,Builder Floor
2566,5-10,5,8,4,106835,6,13.22004,80.03103,Thiruvallur Town,Tiruvallur,4410000,1719,15.75,Villa
2954,0-1,2,3,2,78596,3,13.22687,79.9985,Gummidipoondi,Tiruvallur,3270000,1107,13.43,Independent House
580,1-5,4,6,2,127735,3,13.21505,79.89674,Pattabiram,Tiruvallur,3000000,5172,8.01,Apartment
1098,1-5,3,5,1,112596,2,13.10592,79.96633,Gummidipoondi,Tiruvallur,3510000,3197,7.56,Apartment
2249,0-1,1,3,1,128576,2,13.28823,79.92174,Thiruvallur Town,Tiruvallur,3050000,1356,16.11,Apartment
2446,1-5,2,3,1,108445,5,13.13621,79.87254,Gummidipoondi,Tiruvallur,3910000,1599,3.98,Apartment
5538,1-5,4,7,4,95940,4,13.11581,79.83494,Thiruvallur Town,Tiruvallur,6150000,1111,8.55,Villa
1950,1-5,0,0,0,81302,0,13.04296,80.06819,Uthukottai,Tiruvallur,1130000,579,20.63,Plot
2937,1-5,0,0,0,59532,0,13.14305,79.90506,Tiruttani,Tiruvallur,1570000,535,0.37,Plot
1140,10+,3,4,1,86029,4,13.25295,79.84797,Ponneri,Tiruvallur,2000000,1754,13.78,Builder Floor
2280,5-10,2,3,2,101820,3,13.15339,79.96843,Tiruttani,Tiruvallur,3710000,1627,6.59,Independent House
1514,5-10,2,4,2,33471,2,13.22925,79.73849,Ponneri,Tiruvallur,2280000,1506,20.7,Apartment
2730,5-10,3,5,3,56167,4,13.18251,79.94511,Tiruttani,Tiruvallur,5920000,2168,5.85,Villa
3456,5-10,0,0,0,70183,0,13.23174,79.97036,Uthukottai,Tiruvallur,1710000,495,11.85,Plot
2159,1-5,3,4,2,82417,3,13.20798,79.90799,Uthukottai,Tiruvallur,2940000,1362,7.13,Apartment
1373,5-10,2,4,1,75387,3,13.09775,79.88143,Tiruttani,Tiruvallur,2320000,1690,5.9,Apartment
1919,0-1,3,4,3,116182,5,13.18014,79.85019,Uthukottai,Tiruvallur,3890000,2027,7.48,Apartment
2884,5-10,0,0,0,90096,0,13.08397,79.87458,Pattabiram,Tiruvallur,1760000,610,7.6,Plot
1047,0-1,3,4,2,86077,2,13.12539,79.77826,Ponneri,Tiruvallur,2610000,2493,14.24,Apartment
1876,5-10,2,3,1,48629,5,13.25096,79.86019,Uthukottai,Tiruvallur,2630000,1402,13.0,Apartment
4183,5-10,5,8,2,73951,5,13.10717,79.79609,Tiruttani,Tiruvallur,4390000,1049,12.83,Villa
789,10+,4,5,4,49402,4,13.03725,79.84687,Thiruvallur Town,Tiruvallur,1690000,2142,13.6,Apartment
4010,1-5,4,7,3,138260,6,13.15518,79.65294,Uthukottai,Tiruvallur,3910000,975,27.69,Villa
3258,5-10,4,6,2,147601,3,13.17775,79.88042,Pattabiram,Tiruvallur,3510000,1077,4.83,Villa
1979,5-10,2,3,1,126430,6,12.99375,79.89194,Gummidipoondi,Tiruvallur,3250000,1642,16.79,Independent House
1638,1-5,1,3,1,31384,4,13.11501,79.79065,Uthukottai,Tiruvallur,3060000,1868,13.15,Apartment
1923,1-5,4,5,4,79587,6,13.0688,79.93272,Pattabiram,Tiruvallur,3810000,1981,8.76,Independent House
1994,1-5,3,6,3,140046,5,13.11558,80.06978,Thiruvallur Town,Tiruvallur,2950000,1479,17.76,Independent House
2338,10+,3,6,3,109791,6,13.07756,79.97376,Gummidipoondi,Tiruvallur,2680000,1146,10.22,Independent House
937,1-5,3,5,3,76208,3,13.10143,79.81759,Pattabiram,Tiruvallur,3010000,3212,10.91,Builder Floor
1309,5-10,1,2,1,44980,3,13.15592,79.8668,Pattabiram,Tiruvallur,3430000,2620,4.7,Apartment
740,10+,3,4,1,105613,2,13.11229,79.89373,Gummidipoondi,Tiruvallur,3090000,4176,3.86,Independent House
3211,0-1,3,6,2,72954,2,13.11197,79.88042,Pattabiram,Tiruvallur,4220000,1314,4.67,Independent House
1878,1-5,5,6,4,95131,2,13.1325,79.88065,Ponneri,Tiruvallur,4180000,2226,3.26,Independent House
645,0-1,3,6,3,73956,4,13.08606,79.88361,Gummidipoondi,Tiruvallur,3810000,5907,6.97,Independent House
2623,1-5,4,6,4,69448,4,13.20597,79.75154,Uthukottai,Tiruvallur,4130000,1575,18.33,Villa
733,1-5,2,3,1,65210,5,13.06903,79.98679,Ponneri,Tiruvallur,3130000,4270,11.89,Apartment
3151,10+,4,7,1,125297,2,13.0532,79.85344,Gummidipoondi,Tiruvallur,3240000,1028,11.71,Independent House
1995,0-1,2,4,1,21966,5,12.97595,79.9332,Uthukottai,Tiruvallur,2320000,1163,18.87,Apartment
2097,5-10,5,8,3,85902,5,13.16283,79.92929,Thiruvallur Town,Tiruvallur,4880000,2327,3.09,Villa
1583,1-5,3,5,1,87358,5,13.22678,79.84811,Gummidipoondi,Tiruvallur,2910000,1838,11.29,Apartment
1180,10+,4,5,4,97324,6,13.20275,79.90206,Tiruttani,Tiruvallur,2700000,2288,6.58,Builder Floor
3149,5-10,3,4,2,92478,2,13.02957,79.9235,Gummidipoondi,Tiruvallur,2980000,946,12.82,Independent House
1501,0-1,2,3,1,77132,2,13.22694,80.05299,Uthukottai,Tiruvallur,2760000,1839,18.17,Apartment
2151,10+,0,0,0,89687,0,13.24457,79.81524,Tiruttani,Tiruvallur,1210000,563,15.07,Plot
871,1-5,0,0,0,129859,0,12.91067,79.76828,Ponneri,Tiruvallur,870000,999,30.05,Plot
1542,5-10,3,5,2,128540,5,13.18273,79.84909,Ponneri,Tiruvallur,2900000,1881,7.74,Apartment
1996,10+,2,5,2,98639,5,13.27152,79.84273,Ponneri,Tiruvallur,2670000,1338,15.87,Independent House
644,0-1,2,4,1,81861,5,13.2006,79.83976,Gummidipoondi,Tiruvallur,3240000,5031,9.75,Apartment
2234,10+,4,6,2,137645,5,13.15076,79.84864,Gummidipoondi,Tiruvallur,2670000,1195,6.52,Apartment
2862,0-1,5,8,4,60857,2,13.11289,79.78328,Thiruvallur Town,Tiruvallur,3470000,1212,13.98,Independent House
3108,1-5,5,7,5,93710,4,13.10428,79.86853,Ponneri,Tiruvallur,3990000,1284,6.17,Independent House
881,1-5,3,6,1,85108,2,13.18246,79.93887,Pattabiram,Tiruvallur,3280000,3723,5.41,Builder Floor
4319,10+,3,6,2,77789,5,13.18413,79.91675,Ponneri,Tiruvallur,5480000,1269,4.56,Villa
748,1-5,3,6,2,97046,2,13.02463,79.84941,Gummidipoondi,Tiruvallur,2810000,3757,14.72,Independent House
3193,5-10,0,0,0,81099,0,13.0417,79.90413,Gummidipoondi,Tiruvallur,1310000,410,11.37,Plot
969,5-10,3,4,1,79959,2,13.19127,79.94857,Uthukottai,Tiruvallur,2850000,2941,6.83,Apartment
653,0-1,4,6,4,126147,6,13.14129,79.85773,Pattabiram,Tiruvallur,3920000,6003,5.49,Independent House
2854,10+,4,5,3,75984,2,13.26019,79.93119,Gummidipoondi,Tiruvallur,2510000,879,13.16,Independent House
688,1-5,1,2,1,61494,4,13.22767,79.89398,Thiruvallur Town,Tiruvallur,2730000,3968,9.44,Apartment
1857,5-10,0,0,0,81508,0,13.05776,79.98942,Thiruvallur Town,Tiruvallur,1590000,856,12.99,Plot
492,1-5,2,3,1,111532,2,13.15764,79.98931,Gummidipoondi,Tiruvallur,2840000,5772,8.89,Apartment
1899,1-5,2,3,1,73745,2,13.05883,79.975,Uthukottai,Tiruvallur,3580000,1885,11.9,Apartment
1641,5-10,5,7,2,115289,4,13.08483,79.88238,Ponneri,Tiruvallur,3230000,1968,7.15,Builder Floor
1180,10+,4,5,3,77170,6,13.00254,79.94737,Thiruvallur Town,Tiruvallur,1780000,1508,16.28,Builder Floor
2988,0-1,2,5,1,77229,6,13.0649,79.85159,Uthukottai,Tiruvallur,3970000,1329,10.72,Independent House
2163,1-5,1,3,1,116789,2,13.00954,79.86608,Thiruvallur Town,Tiruvallur,3400000,1572,15.63,Apartment
941,5-10,3,4,1,89377,5,13.09351,79.90105,Ponneri,Tiruvallur,3170000,3369,5.66,Apartment
745,10+,4,6,2,89852,6,13.16747,79.92551,Ponneri,Tiruvallur,3120000,4188,3.21,Independent House
3824,1-5,3,6,2,106510,3,13.10813,79.76173,Pattabiram,Tiruvallur,5880000,1538,16.37,Villa
1133,10+,1,2,1,78211,2,13.24946,79.90818,Uthukottai,Tiruvallur,2420000,2136,11.74,Apartment
2285,1-5,3,5,3,55528,6,13.35586,79.86833,Uthukottai,Tiruvallur,3740000,1637,23.96,Villa
2615,5-10,0,0,0,126130,0,13.17731,79.97529,Uthukottai,Tiruvallur,1510000,577,8.14,Plot
2314,5-10,1,2,1,164733,3,13.14722,79.95592,Uthukottai,Tiruvallur,2550000,1102,5.16,Apartment
781,1-5,2,4,2,77048,3,13.14765,79.94841,Uthukottai,Tiruvallur,3330000,4264,4.35,Apartment
1685,10+,5,8,1,60211,4,13.24215,79.97984,Uthukottai,Tiruvallur,2630000,1561,13.39,Independent House
3135,0-1,3,6,4,113135,6,13.12238,79.95601,Gummidipoondi,Tiruvallur,6150000,1962,5.68,Villa
3071,5-10,2,5,1,92972,3,13.11504,79.86028,Gummidipoondi,Tiruvallur,3110000,1013,6.12,Independent House
1128,5-10,4,5,3,106940,4,13.1704,79.8792,Gummidipoondi,Tiruvallur,3760000,3333,4.32,Independent House
1811,5-10,2,4,1,153668,2,13.22235,79.86902,Gummidipoondi,Tiruvallur,3140000,1734,9.71,Apartment
1190,10+,3,5,2,119462,3,13.12592,80.01466,Ponneri,Tiruvallur,2100000,1765,11.68,Builder Floor
1752,10+,2,3,2,73006,3,13.15387,80.01997,Tiruttani,Tiruvallur,2920000,1667,12.13,Independent House
1240,1-5,3,6,3,107184,6,13.07437,79.7989,Pattabiram,Tiruvallur,2910000,2347,14.16,Builder Floor
4023,10+,3,6,3,69312,6,13.05597,79.8662,Uthukottai,Tiruvallur,4610000,1146,10.79,Villa
1690,5-10,3,4,2,94059,3,13.05054,79.92702,Pattabiram,Tiruvallur,2830000,1675,10.58,Apartment
1353,0-1,2,4,1,80917,6,13.1716,80.01715,Ponneri,Tiruvallur,2440000,1803,12.17,Builder Floor
3764,1-5,3,6,3,62620,5,13.04624,79.92487,Uthukottai,Tiruvallur,5190000,1379,11.0,Villa
1040,0-1,2,4,2,106726,2,13.23849,79.89167,Ponneri,Tiruvallur,3300000,3173,10.67,Builder Floor
2478,1-5,2,4,1,128022,4,13.12783,79.945,Uthukottai,Tiruvallur,4160000,1679,4.35,Apartment
1122,10+,3,5,2,42787,2,13.09441,79.8365,Ponneri,Tiruvallur,2470000,2201,9.53,Independent House
4546,10+,5,8,2,98269,6,13.01055,79.95719,Ponneri,Tiruvallur,4220000,928,15.74,Villa
2591,5-10,3,6,1,91175,4,12.97519,79.96246,Gummidipoondi,Tiruvallur,2910000,1123,19.65,Independent House
1905,5-10,4,5,3,97979,3,13.22835,79.93689,Gummidipoondi,Tiruvallur,3640000,1911,9.88,Independent House
1251,1-5,2,5,2,78425,5,13.13543,79.9891,Tiruttani,Tiruvallur,2310000,1847,8.79,Builder Floor
566,1-5,2,4,2,89777,4,13.16926,79.84099,Uthukottai,Tiruvallur,2670000,4717,7.82,Apartment
2272,0-1,3,5,3,98805,4,13.23382,79.89592,Pattabiram,Tiruvallur,4540000,1998,10.09,Apartment
5538,0-1,4,6,4,47665,3,13.19311,79.83163,Tiruttani,Tiruvallur,6790000,1226,9.95,Villa
2141,10+,3,5,1,105688,5,13.1795,79.84883,Thiruvallur Town,Tiruvallur,2890000,1350,7.57,Apartment
3334,1-5,0,0,0,123849,0,13.18274,79.94761,Pattabiram,Tiruvallur,1730000,519,6.06,Plot
1695,10+,3,4,2,50948,4,13.24832,79.84815,Pattabiram,Tiruvallur,2210000,1304,13.32,Apartment
1877,0-1,1,2,1,89462,4,13.14569,79.79073,Tiruttani,Tiruvallur,3600000,1918,12.74,Apartment
1315,5-10,0,0,0,95363,0,13.19301,79.85886,Tiruttani,Tiruvallur,1410000,1072,7.65,Plot
872,5-10,2,4,2,78457,4,13.16387,79.97139,Gummidipoondi,Tiruvallur,2860000,3280,7.17,Apartment
1518,10+,4,6,3,58831,2,13.15427,80.01527,Ponneri,Tiruvallur,2410000,1588,11.63,Apartment
1977,5-10,2,4,1,117529,3,13.12737,79.76045,Thiruvallur Town,Tiruvallur,2350000,1189,16.13,Independent House
3174,1-5,5,7,2,106122,4,13.16428,79.86385,Tiruttani,Tiruvallur,7530000,2372,5.33,Villa
2259,5-10,4,5,4,67684,2,13.07277,79.92323,Ponneri,Tiruvallur,3790000,1678,8.07,Independent House
2324,1-5,1,2,1,139693,2,13.18802,79.95627,Pattabiram,Tiruvallur,4060000,1747,7.14,Apartment
1153,10+,2,3,2,136125,4,13.11821,79.94145,Ponneri,Tiruvallur,2770000,2402,4.58,Apartment
2005,1-5,2,3,2,67299,4,13.06671,79.84193,Thiruvallur Town,Tiruvallur,3100000,1546,11.2,Apartment
1594,10+,3,4,3,92638,3,13.20116,79.95553,Tiruttani,Tiruvallur,1780000,1117,8.16,Apartment
1583,1-5,5,7,1,170436,2,13.16694,79.86278,Gummidipoondi,Tiruvallur,3440000,2173,5.56,Builder Floor
1691,1-5,4,5,2,83263,3,13.05917,79.86136,Uthukottai,Tiruvallur,3530000,2088,10.71,Builder Floor
1261,10+,2,3,2,87221,2,13.14635,79.93042,Gummidipoondi,Tiruvallur,3150000,2498,2.4,Apartment
717,10+,3,5,1,103904,5,13.0597,79.91528,Ponneri,Tiruvallur,2600000,3626,9.39,Apartment
711,1-5,2,3,2,105706,5,13.18951,79.93487,Gummidipoondi,Tiruvallur,2880000,4051,5.83,Apartment
2275,10+,2,4,2,114975,2,13.16647,79.89113,Tiruttani,Tiruvallur,3350000,1473,3.13,Apartment
817,10+,0,0,0,60318,0,13.20943,79.9505,Pattabiram,Tiruvallur,1180000,1444,8.59,Plot
2457,5-10,1,2,1,73610,3,13.2793,79.77752,Uthukottai,Tiruvallur,2680000,1091,20.67,Apartment
2351,0-1,1,3,1,78519,2,13.16651,79.82054,Thiruvallur Town,Tiruvallur,3700000,1574,9.84,Apartment
759,10+,2,3,1,89295,3,13.11254,79.98845,Ponneri,Tiruvallur,2030000,2675,9.34,Apartment
2124,10+,3,4,2,69361,3,13.06255,79.98289,Uthukottai,Tiruvallur,2190000,1031,12.12,Apartment
2376,5-10,4,6,2,141119,4,13.13422,79.92203,Pattabiram,Tiruvallur,3840000,1616,1.83,Independent House
2121,10+,1,3,1,108519,5,13.17597,79.92656,Pattabiram,Tiruvallur,3430000,1617,4.07,Apartment
1376,5-10,2,4,2,105512,3,13.10482,79.82634,Uthukottai,Tiruvallur,2740000,1991,9.89,Apartment
2392,10+,2,3,2,51862,3,13.20863,79.99268,Pattabiram,Tiruvallur,2040000,853,11.62,Apartment
2367,10+,5,7,3,81015,4,13.14503,79.98117,Pattabiram,Tiruvallur,4390000,1855,7.88,Villa
2403,10+,3,6,3,184559,2,13.24635,79.94453,Gummidipoondi,Tiruvallur,2430000,1011,12.04,Independent House
1284,0-1,4,7,3,82497,6,13.1014,79.90478,Thiruvallur Town,Tiruvallur,3580000,2788,4.74,Builder Floor
1173,1-5,3,4,3,89513,3,13.23204,79.9183,Tiruttani,Tiruvallur,3220000,2745,9.86,Apartment
970,5-10,3,5,3,81295,4,13.12773,79.86211,Thiruvallur Town,Tiruvallur,2750000,2835,5.33,Apartment
1006,1-5,3,5,3,97997,2,13.07498,79.83817,Thiruvallur Town,Tiruvallur,3640000,3618,10.8,Apartment
2368,5-10,2,4,1,67820,2,13.1967,79.85208,Tiruttani,Tiruvallur,2840000,1199,8.46,Apartment
929,5-10,3,4,3,54479,5,13.0919,79.87972,Uthukottai,Tiruvallur,2960000,3186,6.56,Apartment
1400,5-10,3,5,1,86831,5,13.08368,79.86082,Uthukottai,Tiruvallur,3390000,2421,8.45,Apartment
2217,10+,3,4,1,105120,5,13.12819,79.94919,Gummidipoondi,Tiruvallur,2570000,1159,4.75,Apartment
1735,0-1,2,3,1,46242,5,13.15821,79.93091,Thiruvallur Town,Tiruvallur,4560000,2628,2.91,Apartment
1334,1-5,4,7,2,94053,4,13.12585,79.95084,Tiruttani,Tiruvallur,3530000,2646,5.01,Builder Floor
838,5-10,5,7,2,100292,2,13.15893,79.90241,Uthukottai,Tiruvallur,3580000,4272,1.79,Independent House
478,0-1,2,4,2,87882,2,13.25157,79.85019,Ponneri,Tiruvallur,2860000,5983,13.53,Apartment
717,5-10,1,3,1,86536,2,13.14148,79.83454,Tiruttani,Tiruvallur,2580000,3598,8.0,Apartment
1003,5-10,2,5,1,93796,2,13.20866,79.86343,Uthukottai,Tiruvallur,2210000,2203,8.69,Builder Floor
3583,10+,4,6,4,112457,4,13.15565,79.92015,Gummidipoondi,Tiruvallur,5150000,1437,1.82,Villa
3449,5-10,4,6,2,95941,3,13.04938,79.96598,Uthukottai,Tiruvallur,4300000,1247,12.22,Villa
1993,10+,2,4,2,108812,2,13.03683,79.99922,Gummidipoondi,Tiruvallur,2360000,1184,15.44,Apartment
3270,10+,3,6,4,130815,5,13.04419,79.87256,Gummidipoondi,Tiruvallur,4120000,1260,11.75,Villa
1142,0-1,2,5,1,85382,6,13.05234,79.73702,Uthukottai,Tiruvallur,3130000,2741,21.17,Independent House
454,1-5,2,4,2,87078,3,13.20438,79.91385,Tiruttani,Tiruvallur,3680000,8106,6.75,Apartment
3473,1-5,3,5,2,60596,4,13.11014,80.00161,Uthukottai,Tiruvallur,3370000,970,10.77,Independent House
2824,5-10,0,0,0,122122,0,13.0637,80.06484,Uthukottai,Tiruvallur,1130000,400,19.15,Plot
685,1-5,3,5,3,89839,3,13.21508,79.86243,Uthukottai,Tiruvallur,3140000,4584,9.35,Apartment
997,1-5,3,6,1,51642,4,13.22834,79.99817,Thiruvallur Town,Tiruvallur,2720000,2728,13.51,Independent House
2023,10+,4,7,4,126644,4,13.25213,79.89519,Uthukottai,Tiruvallur,3430000,1696,12.12,Independent House
1718,1-5,3,4,2,87445,5,13.09018,79.90785,Uthukottai,Tiruvallur,4070000,2369,5.97,Apartment
1029,1-5,3,5,1,160300,5,13.17449,79.9106,Ponneri,Tiruvallur,2680000,2604,3.41,Apartment
629,10+,1,3,1,120457,2,13.13744,79.80429,Gummidipoondi,Tiruvallur,2780000,4420,11.3,Apartment
3180,5-10,4,6,3,51429,3,13.05348,79.76152,Tiruttani,Tiruvallur,2680000,843,18.82,Independent House
2622,1-5,3,5,2,115842,6,13.29042,79.8034,Thiruvallur Town,Tiruvallur,4490000,1712,19.87,Villa
718,0-1,2,3,2,77116,4,13.23355,79.92247,Pattabiram,Tiruvallur,2670000,3719,10.08,Apartment
1853,5-10,5,8,5,65898,4,13.19415,80.03143,Pattabiram,Tiruvallur,3220000,1738,14.44,Independent House
3323,1-5,0,0,0,98245,0,13.18146,79.81364,Tiruttani,Tiruvallur,1490000,448,11.08,Plot
1984,1-5,4,6,2,98080,2,13.11443,79.90316,Ponneri,Tiruvallur,3550000,1789,3.33,Apartment
652,5-10,1,3,1,130232,2,13.2445,80.04486,Tiruttani,Tiruvallur,2140000,3282,18.53,Apartment
2298,1-5,3,4,1,84128,3,13.15393,79.928,Pattabiram,Tiruvallur,3830000,1667,2.4,Apartment
792,10+,5,7,2,117271,2,13.07606,79.92049,Tiruttani,Tiruvallur,2650000,3346,7.66,Independent House
1922,10+,3,4,3,46497,3,13.16808,79.95498,Gummidipoondi,Tiruvallur,3040000,1582,5.72,Independent House
2185,1-5,3,5,2,24451,2,10.97727,79.55666,Tharangambadi,Mayiladuthurai,2120000,970,17.45,Apartment
4271,1-5,3,6,4,77888,6,11.11718,79.64296,Tharangambadi,Mayiladuthurai,4340000,1016,1.8,Villa
3441,1-5,5,7,2,98607,5,11.00104,79.58398,Kuthalam,Mayiladuthurai,3280000,953,13.58,Villa
1864,0-1,3,5,2,54986,6,11.05789,79.56772,Kollidam,Mayiladuthurai,1570000,842,10.47,Builder Floor
3890,10+,5,8,2,65161,4,11.15857,79.57627,Kuthalam,Mayiladuthurai,2670000,686,10.26,Villa
2348,5-10,1,3,1,49222,2,11.24498,79.71917,Tharangambadi,Mayiladuthurai,1340000,571,17.37,Apartment
1731,5-10,1,3,1,32872,2,11.00157,79.57157,Poompuhar,Mayiladuthurai,1530000,884,14.32,Apartment
1106,5-10,3,5,1,23905,5,11.14721,79.56526,Tharangambadi,Mayiladuthurai,1540000,1392,10.61,Apartment
1419,0-1,2,4,2,68898,5,11.03923,79.68229,Kuthalam,Mayiladuthurai,2070000,1459,7.89,Apartment
4123,0-1,3,6,4,67058,4,11.07255,79.68796,Poompuhar,Mayiladuthurai,4010000,973,5.24,Villa
680,10+,2,3,1,33361,5,11.15803,79.79517,Tharangambadi,Mayiladuthurai,1330000,1956,16.79,Apartment
1666,10+,2,4,2,46356,2,11.06122,79.74536,Tharangambadi,Mayiladuthurai,1430000,858,11.25,Apartment
3555,10+,4,6,3,88377,4,11.14459,79.64089,Kollidam,Mayiladuthurai,2840000,799,4.72,Villa
1859,10+,2,3,1,34230,2,10.92952,79.67205,Sirkazhi,Mayiladuthurai,1280000,689,19.47,Apartment
3902,1-5,0,0,0,53709,0,11.13958,79.61262,Tharangambadi,Mayiladuthurai,890000,228,5.85,Plot
1722,10+,2,4,2,55135,4,11.09942,79.75575,Tharangambadi,Mayiladuthurai,1470000,854,11.36,Apartment
3097,0-1,3,5,1,42499,2,10.93524,79.52845,Tharangambadi,Mayiladuthurai,1490000,481,23.04,Independent House
3214,5-10,0,0,0,63292,0,10.96247,79.6283,Poompuhar,Mayiladuthurai,880000,274,15.89,Plot
1858,10+,1,3,1,43741,2,11.0189,79.7131,Poompuhar,Mayiladuthurai,1280000,689,11.55,Apartment
1859,1-5,2,4,1,45634,3,11.20007,79.68675,Tharangambadi,Mayiladuthurai,2010000,1081,11.4,Apartment
4842,10+,4,7,4,57172,4,11.16816,79.65221,Sirkazhi,Mayiladuthurai,2970000,613,7.19,Villa
2221,0-1,3,5,3,55578,5,11.07023,79.62734,Tharangambadi,Mayiladuthurai,2190000,986,4.56,Apartment
1811,5-10,4,6,2,84251,2,11.0912,79.71492,Poompuhar,Mayiladuthurai,2390000,1320,7.03,Independent House
3058,1-5,0,0,0,70557,0,11.04283,79.62194,Kollidam,Mayiladuthurai,1170000,383,7.49,Plot
1403,5-10,4,5,2,54344,2,11.03202,79.76321,Poompuhar,Mayiladuthurai,1820000,1297,14.53,Apartment
3250,0-1,0,0,0,62260,0,11.26211,79.59874,Sirkazhi,Mayiladuthurai,970000,298,18.56,Plot
2252,0-1,3,5,3,58195,6,11.18472,79.62319,Sirkazhi,Mayiladuthurai,2790000,1239,9.55,Villa
1371,10+,4,5,3,17599,2,11.09856,79.60326,Tharangambadi,Mayiladuthurai,1690000,1233,5.31,Apartment
645,10+,4,6,1,40815,4,11.03142,79.66305,Sirkazhi,Mayiladuthurai,1460000,2264,8.11,Independent House
930,10+,1,2,1,54977,3,10.99315,79.63251,Sirkazhi,Mayiladuthurai,1260000,1355,12.45,Apartment
2021,10+,2,3,2,45503,2,11.12417,79.59994,Sirkazhi,Mayiladuthurai,1120000,554,6.1,Apartment
1797,1-5,1,3,1,43020,4,11.16007,79.64559,Tharangambadi,Mayiladuthurai,2430000,1352,6.33,Apartment
3084,10+,4,6,3,73634,5,11.03779,79.69512,Poompuhar,Mayiladuthurai,2400000,778,8.71,Villa
675,5-10,2,3,2,51600,2,11.10597,79.68336,Poompuhar,Mayiladuthurai,2090000,3096,3.47,Apartment
1616,1-5,2,4,1,35213,3,11.08267,79.68655,Kollidam,Mayiladuthurai,1670000,1033,4.45,Apartment
1979,1-5,4,5,1,69414,3,11.09291,79.63765,Tharangambadi,Mayiladuthurai,2270000,1147,1.93,Builder Floor
1410,10+,2,4,2,52029,2,10.97305,79.74944,Poompuhar,Mayiladuthurai,1230000,872,18.01,Apartment
2879,1-5,3,4,3,41292,6,11.079,79.55061,Poompuhar,Mayiladuthurai,1740000,604,11.36,Independent House
778,1-5,4,7,3,45369,5,11.14082,79.59423,Poompuhar,Mayiladuthurai,1970000,2532,7.52,Independent House
798,5-10,3,5,3,60504,4,11.05077,79.70092,Tharangambadi,Mayiladuthurai,1730000,2168,7.95,Apartment
1814,5-10,3,4,2,62512,3,11.24635,79.47199,Kuthalam,Mayiladuthurai,1310000,722,25.23,Apartment
1387,5-10,3,5,1,61297,4,11.22304,79.66132,Poompuhar,Mayiladuthurai,1730000,1247,13.33,Apartment
2339,5-10,1,3,1,75058,4,11.22091,79.62616,Poompuhar,Mayiladuthurai,1630000,697,13.35,Apartment
1842,10+,2,3,1,64621,4,11.07047,79.77369,Poompuhar,Mayiladuthurai,1500000,814,13.81,Builder Floor
2139,1-5,3,5,3,49329,5,10.95308,79.79614,Kuthalam,Mayiladuthurai,1900000,888,22.98,Independent House
3394,5-10,0,0,0,42351,0,11.0951,79.56922,Kuthalam,Mayiladuthurai,980000,289,9.05,Plot
2026,10+,1,3,1,65731,2,11.13629,79.60089,Tharangambadi,Mayiladuthurai,1450000,716,6.64,Apartment
5931,10+,4,7,4,48881,6,11.14017,79.71745,Kuthalam,Mayiladuthurai,3280000,553,8.25,Villa
1966,1-5,2,3,1,52940,4,10.95907,79.62662,Poompuhar,Mayiladuthurai,1420000,722,16.29,Apartment
4053,10+,4,7,3,59997,4,11.09593,79.58039,Kollidam,Mayiladuthurai,2510000,619,7.83,Villa
3197,1-5,4,5,2,45249,3,11.23142,79.63122,Kuthalam,Mayiladuthurai,1820000,569,14.4,Independent House
2177,5-10,2,3,1,18873,2,11.06562,79.6645,Kollidam,Mayiladuthurai,1600000,735,4.44,Apartment
3110,10+,3,6,2,44480,5,11.11593,79.75958,Kollidam,Mayiladuthurai,1910000,614,11.85,Independent House
2406,1-5,2,4,2,33802,4,11.09461,79.78353,Kuthalam,Mayiladuthurai,1540000,640,14.42,Apartment
5716,10+,5,7,4,65965,6,11.27131,79.64833,Sirkazhi,Mayiladuthurai,2020000,353,18.66,Villa
622,1-5,4,5,1,36681,4,11.1874,79.50087,Kollidam,Mayiladuthurai,1620000,2605,18.92,Apartment
3767,10+,5,7,3,45496,6,11.15455,79.48344,Kollidam,Mayiladuthurai,2640000,701,19.22,Villa
1954,5-10,2,3,1,79438,3,11.10558,79.58215,Sirkazhi,Mayiladuthurai,2040000,1044,7.59,Apartment
1981,10+,3,4,3,38447,5,10.93811,79.7242,Poompuhar,Mayiladuthurai,1170000,591,20.02,Apartment
676,10+,4,6,2,30003,3,11.12291,79.73563,Sirkazhi,Mayiladuthurai,1450000,2145,9.41,Apartment
980,0-1,4,6,2,70905,6,11.14307,79.59035,Poompuhar,Mayiladuthurai,2400000,2449,8.01,Independent House
840,0-1,3,5,2,61352,5,11.04579,79.54492,Poompuhar,Mayiladuthurai,1860000,2214,13.3,Apartment
3019,1-5,4,7,2,62357,3,11.08913,79.61718,Kuthalam,Mayiladuthurai,3700000,1226,4.09,Villa
3459,10+,0,0,0,72165,0,11.03267,79.6588,Poompuhar,Mayiladuthurai,930000,269,7.91,Plot
1423,10+,2,3,1,49116,6,11.23873,79.74947,Sirkazhi,Mayiladuthurai,1370000,963,18.44,Builder Floor
2235,0-1,2,3,1,41493,3,11.13448,79.73871,Kuthalam,Mayiladuthurai,1890000,846,10.1,Apartment
1830,10+,3,4,3,24250,4,11.15523,79.77665,Sirkazhi,Mayiladuthurai,1520000,831,14.8,Apartment
2255,10+,2,3,1,42625,4,11.21421,79.59506,Tharangambadi,Mayiladuthurai,1480000,656,13.77,Apartment
1821,1-5,2,3,2,36811,5,10.9181,79.70579,Poompuhar,Mayiladuthurai,1570000,862,21.44,Independent House
807,1-5,2,4,1,58390,4,11.04559,79.73605,Kuthalam,Mayiladuthurai,1670000,2069,11.23,Independent House
2026,5-10,2,4,2,54617,3,11.14345,79.56745,Sirkazhi,Mayiladuthurai,1750000,864,10.21,Apartment
1861,5-10,2,3,1,77701,5,11.10945,79.59908,Sirkazhi,Mayiladuthurai,2100000,1128,5.78,Apartment
2450,5-10,4,7,3,67103,2,11.20057,79.56862,Poompuhar,Mayiladuthurai,2160000,882,14.09,Independent House
5905,5-10,5,7,4,83869,5,11.19655,79.6153,Poompuhar,Mayiladuthurai,3820000,647,11.08,Villa
1463,5-10,3,4,1,54257,3,10.96923,79.70113,Sirkazhi,Mayiladuthurai,1350000,923,15.87,Apartment
957,5-10,4,6,2,25737,5,11.09716,79.64273,Tharangambadi,Mayiladuthurai,1990000,2079,1.21,Independent House
2002,1-5,1,2,1,56019,2,11.22146,79.65265,Kuthalam,Mayiladuthurai,1840000,919,13.12,Apartment
5108,10+,5,7,4,42973,6,11.21962,79.64555,Kollidam,Mayiladuthurai,2350000,460,12.93,Villa
3383,0-1,0,0,0,54887,0,11.15472,79.77237,Tharangambadi,Mayiladuthurai,860000,254,14.34,Plot
3546,5-10,0,0,0,45699,0,11.0316,79.63293,Sirkazhi,Mayiladuthurai,940000,265,8.25,Plot
969,1-5,3,5,3,75127,3,11.12126,79.5181,Kollidam,Mayiladuthurai,1560000,1610,14.71,Apartment
5717,1-5,4,7,2,55836,6,11.09121,79.72009,Kuthalam,Mayiladuthurai,4450000,778,7.59,Villa
562,1-5,2,4,1,69952,5,11.14144,79.55309,Kuthalam,Mayiladuthurai,1680000,2989,11.56,Apartment
1897,0-1,1,2,1,43111,2,10.97984,79.67486,Poompuhar,Mayiladuthurai,1860000,980,13.98,Apartment
879,5-10,4,5,3,50523,5,11.07929,79.67156,Sirkazhi,Mayiladuthurai,1480000,1684,3.46,Apartment
1378,1-5,3,5,2,80203,3,11.13936,79.73875,Poompuhar,Mayiladuthurai,2160000,1567,10.3,Independent House
1963,10+,2,3,2,48445,3,10.99214,79.69842,Sirkazhi,Mayiladuthurai,1470000,749,13.39,Apartment
1447,1-5,3,5,2,45633,5,11.09177,79.54433,Tharangambadi,Mayiladuthurai,1880000,1299,11.79,Apartment
2243,1-5,2,4,2,80895,4,11.2676,79.68528,Kollidam,Mayiladuthurai,1360000,606,18.61,Apartment
1325,5-10,2,4,1,62782,4,11.1591,79.67649,Sirkazhi,Mayiladuthurai,1640000,1238,6.75,Apartment
2255,10+,2,4,2,63163,3,11.2189,79.66982,Kollidam,Mayiladuthurai,1520000,674,12.98,Apartment
1636,10+,1,2,1,58583,3,11.093,79.75728,Kuthalam,Mayiladuthurai,1140000,697,11.58,Apartment
2719,10+,0,0,0,61533,0,11.12937,79.59245,Kuthalam,Mayiladuthurai,640000,235,7.08,Plot
1582,1-5,1,3,1,54313,4,11.13315,79.56128,Poompuhar,Mayiladuthurai,1710000,1081,10.4,Apartment
457,5-10,2,4,1,54622,2,11.16947,79.5696,Kollidam,Mayiladuthurai,1460000,3195,11.58,Apartment
1711,5-10,0,0,0,58798,0,10.93266,79.70948,Kuthalam,Mayiladuthurai,790000,462,20.02,Plot
703,5-10,2,4,2,53365,4,11.18069,79.55156,Kollidam,Mayiladuthurai,1620000,2304,13.89,Apartment
3746,1-5,4,7,3,76745,6,11.15705,79.75873,Tharangambadi,Mayiladuthurai,3270000,873,13.11,Villa
785,5-10,3,5,3,48904,3,11.04145,79.58986,Kuthalam,Mayiladuthurai,1570000,2000,9.65,Apartment
1668,5-10,3,5,2,45477,6,11.15555,79.80467,Kollidam,Mayiladuthurai,1180000,707,17.66,Builder Floor
2552,10+,0,0,0,68798,0,11.08728,79.70949,Poompuhar,Mayiladuthurai,1010000,396,6.56,Plot
1460,5-10,2,4,1,34101,2,11.09895,79.60868,Poompuhar,Mayiladuthurai,1520000,1041,4.72,Apartment
2804,10+,5,7,2,37973,5,11.20822,79.66857,Kuthalam,Mayiladuthurai,2400000,856,11.79,Villa
1597,1-5,3,5,1,37783,2,11.21696,79.66746,Poompuhar,Mayiladuthurai,1880000,1177,12.73,Apartment
2906,0-1,3,4,3,12936,4,11.12874,79.69889,Kollidam,Mayiladuthurai,2280000,785,5.86,Independent House
1862,10+,3,6,2,60816,4,11.1085,79.66009,Poompuhar,Mayiladuthurai,2300000,1235,1.07,Independent House
2129,0-1,4,5,4,54569,3,11.1057,79.57688,Kuthalam,Mayiladuthurai,1730000,813,8.17,Apartment
1134,1-5,3,5,2,56873,2,11.05386,79.76904,Sirkazhi,Mayiladuthurai,1800000,1587,13.94,Apartment
586,5-10,2,3,1,37757,5,11.13623,79.60569,Kuthalam,Mayiladuthurai,1470000,2509,6.2,Apartment
1299,0-1,5,8,4,43633,4,11.07957,79.86783,Poompuhar,Mayiladuthurai,1230000,947,23.73,Independent House
2145,10+,2,3,2,48628,3,11.07224,79.52069,Sirkazhi,Mayiladuthurai,1470000,685,14.71,Independent House
4927,10+,3,5,4,49959,4,11.0567,79.67531,Poompuhar,Mayiladuthurai,2610000,530,5.81,Villa
1261,0-1,3,5,1,78844,5,11.19955,79.66284,Poompuhar,Mayiladuthurai,1520000,1205,10.75,Apartment
936,5-10,2,3,2,48974,2,11.0268,79.58628,Kuthalam,Mayiladuthurai,1360000,1453,11.12,Apartment
1961,5-10,3,5,3,70634,2,11.13344,79.57184,Tharangambadi,Mayiladuthurai,1500000,765,9.33,Builder Floor
3441,10+,2,4,2,62657,4,11.05975,79.67917,Kuthalam,Mayiladuthurai,1650000,480,5.71,Independent House
489,1-5,2,4,2,26439,4,11.04859,79.63503,Kollidam,Mayiladuthurai,1740000,3558,6.37,Apartment
4282,10+,4,7,3,83702,5,11.00454,79.64182,Tharangambadi,Mayiladuthurai,2470000,577,11.06,Villa
1648,0-1,3,4,3,34861,5,11.19546,79.71092,Sirkazhi,Mayiladuthurai,1550000,941,12.1,Apartment
5535,0-1,3,5,3,49142,6,11.07164,79.58552,Sirkazhi,Mayiladuthurai,4340000,784,8.04,Villa
1308,10+,1,3,1,86293,5,11.09286,79.74532,Sirkazhi,Mayiladuthurai,1320000,1009,10.28,Apartment
3146,1-5,0,0,0,51699,0,11.13485,79.74165,Kuthalam,Mayiladuthurai,970000,308,10.41,Plot
1749,5-10,4,5,2,54869,4,11.10963,79.65115,Tharangambadi,Mayiladuthurai,1850000,1058,0.68,Apartment
2450,10+,3,6,3,59229,3,11.09111,79.67636,Poompuhar,Mayiladuthurai,2410000,984,3.02,Independent House
672,10+,3,4,2,46572,3,11.13698,79.68807,Kollidam,Mayiladuthurai,1750000,2604,5.44,Apartment
3481,1-5,3,6,2,38751,3,11.17109,79.63605,Kollidam,Mayiladuthurai,2650000,761,7.71,Independent House
1348,0-1,3,5,1,66050,2,11.05601,79.81845,Kollidam,Mayiladuthurai,1580000,1172,18.95,Apartment
3012,1-5,2,3,1,42966,5,11.06835,79.63516,Sirkazhi,Mayiladuthurai,2340000,777,4.31,Independent House
1799,5-10,4,5,4,61396,4,11.04026,79.58953,Kollidam,Mayiladuthurai,1560000,867,9.77,Apartment
4738,0-1,4,7,2,77916,4,11.0788,79.63449,Sirkazhi,Mayiladuthurai,3570000,753,3.33,Villa
5977,1-5,5,7,3,60325,6,11.16085,79.62089,Tharangambadi,Mayiladuthurai,3920000,656,7.21,Villa
1187,10+,2,3,1,52762,2,11.20223,79.48697,Poompuhar,Mayiladuthurai,1140000,960,21.06,Apartment
1223,5-10,2,4,2,52420,2,11.02923,79.57987,Kuthalam,Mayiladuthurai,2130000,1742,11.39,Apartment
3736,5-10,3,5,3,52264,4,11.20225,79.40278,Kuthalam,Mayiladuthurai,1880000,503,29.29,Villa
2321,1-5,2,4,1,66555,3,11.22329,79.76853,Poompuhar,Mayiladuthurai,1620000,698,18.44,Apartment
1328,10+,3,5,1,49264,2,11.15601,79.53282,Poompuhar,Mayiladuthurai,1040000,783,14.22,Independent House
678,10+,4,5,4,38772,3,11.04289,79.78853,Kollidam,Mayiladuthurai,1380000,2035,16.38,Apartment
2366,1-5,1,3,1,48413,2,11.06545,79.64327,Kuthalam,Mayiladuthurai,2430000,1027,4.33,Apartment
1578,5-10,3,6,2,47948,6,11.13996,79.60144,Tharangambadi,Mayiladuthurai,1950000,1236,6.82,Independent House
2208,5-10,2,4,1,47491,2,11.16011,79.64745,Kollidam,Mayiladuthurai,1780000,806,6.31,Apartment
3141,5-10,3,4,3,55900,3,11.02855,79.73401,Poompuhar,Mayiladuthurai,1850000,589,12.25,Independent House
2258,5-10,2,4,1,58900,4,10.98916,79.70537,Kuthalam,Mayiladuthurai,1860000,824,14.0,Apartment
1076,0-1,2,4,1,34972,4,11.19841,79.67671,Tharangambadi,Mayiladuthurai,1920000,1784,10.9,Apartment
